Date,HomeTeam,AwayTeam,FTH Goals,FTA Goals,FT Result,Referee
15/01/2025,Blackburn,Portsmouth,3,0,H,F Hallam
14/01/2025,Cardiff,Watford,1,1,D,O Langford
14/01/2025,Plymouth,Oxford,1,1,D,S Allison
6/01/2025,QPR,Luton,2,1,H,A Davies
5/01/2025,Sunderland,Portsmouth,1,0,H,T Bramall
4/01/2025,Blackburn,Burnley,0,1,A,A Kitchen
4/01/2025,Stoke,Plymouth,0,0,D,D Whitestone
4/01/2025,Swansea,West Brom,1,1,D,S Allison
4/01/2025,Bristol City,Derby,1,0,H,W Finnie
4/01/2025,Hull,Leeds,3,3,D,A Backhouse
4/01/2025,Middlesbrough,Cardiff,1,1,D,T Nield
4/01/2025,Norwich,Coventry,2,1,H,J Bell
4/01/2025,Preston,Oxford,1,1,D,B Toner
4/01/2025,Sheffield Weds,Millwall,2,2,D,R Jones
4/01/2025,Watford,Sheffield United,1,2,A,D Webb
1/01/2025,Plymouth,Bristol City,2,2,D,T Robinson
1/01/2025,QPR,Watford,3,1,H,S Martin
1/01/2025,Millwall,Oxford,0,1,A,R Ricardo
1/01/2025,Burnley,Stoke,0,0,D,G Ward
1/01/2025,Cardiff,Coventry,1,1,D,G Eltringham
1/01/2025,Leeds,Blackburn,1,1,D,O Langford
1/01/2025,Luton,Norwich,0,1,A,J Gillett
1/01/2025,Portsmouth,Swansea,4,0,H,J Linington
1/01/2025,Sheffield Weds,Derby,4,2,H,L Smith
1/01/2025,West Brom,Preston,3,1,H,R Madley
1/01/2025,Hull,Middlesbrough,0,1,A,L Doughty
1/01/2025,Sunderland,Sheffield United,2,1,H,M Donohue
29/12/2024,Norwich,QPR,1,1,D,S Barrott
29/12/2024,Preston,Sheffield Weds,3,1,H,S Gill
29/12/2024,Sheffield United,West Brom,1,1,D,S Attwell
29/12/2024,Blackburn,Hull,0,1,A,D Whitestone
29/12/2024,Bristol City,Portsmouth,3,0,H,J Busby
29/12/2024,Coventry,Millwall,0,0,D,A Kitchen
29/12/2024,Oxford,Plymouth,2,0,H,D Webb
29/12/2024,Stoke,Sunderland,1,0,H,J Bell
29/12/2024,Swansea,Luton,2,1,H,F Hallam
29/12/2024,Watford,Cardiff,1,2,A,S Allison
29/12/2024,Derby,Leeds,0,1,A,A Davies
29/12/2024,Middlesbrough,Burnley,0,0,D,J Smith
26/12/2024,Blackburn,Sunderland,2,2,D,R Madley
26/12/2024,Bristol City,Luton,1,0,H,P Bankes
26/12/2024,Coventry,Plymouth,4,0,H,A Herczeg
26/12/2024,Middlesbrough,Sheffield Weds,3,3,D,A Backhouse
26/12/2024,Norwich,Millwall,2,1,H,T Nield
26/12/2024,Oxford,Cardiff,3,2,H,G Ward
26/12/2024,Preston,Hull,1,0,H,J Smith
26/12/2024,Sheffield United,Burnley,0,2,A,O Langford
26/12/2024,Swansea,QPR,3,0,H,B Toner
26/12/2024,Watford,Portsmouth,2,1,H,G Eltringham
26/12/2024,Derby,West Brom,2,1,H,J Gillett
26/12/2024,Stoke,Leeds,0,2,A,S Martin
22/12/2024,West Brom,Bristol City,2,0,H,T Kirk
21/12/2024,Hull,Swansea,2,1,H,T Bramall
21/12/2024,Portsmouth,Coventry,4,1,H,D Whitestone
21/12/2024,Sheffield Weds,Stoke,2,0,H,S Allison
21/12/2024,Burnley,Watford,2,1,H,J Linington
21/12/2024,Cardiff,Sheffield United,0,2,A,D Bond
21/12/2024,Leeds,Oxford,4,0,H,J Bell
21/12/2024,Millwall,Blackburn,1,0,H,D Webb
21/12/2024,Plymouth,Middlesbrough,3,3,D,W Finnie
21/12/2024,QPR,Preston,2,1,H,M Donohue
21/12/2024,Sunderland,Norwich,2,1,H,L Doughty
20/12/2024,Luton,Derby,2,1,H,A Kitchen
15/12/2024,Watford,West Brom,2,1,H,G Ward
15/12/2024,Norwich,Burnley,1,2,A,A Madley
14/12/2024,Bristol City,QPR,1,1,D,L Smith
14/12/2024,Coventry,Hull,2,1,H,R Madley
14/12/2024,Preston,Leeds,1,1,D,J Busby
14/12/2024,Blackburn,Luton,2,0,H,M Salisbury
14/12/2024,Middlesbrough,Millwall,1,0,H,G Eltringham
14/12/2024,Oxford,Sheffield Weds,1,3,A,S Martin
14/12/2024,Sheffield United,Plymouth,2,0,H,F Hallam
14/12/2024,Stoke,Cardiff,2,2,D,J Smith
14/12/2024,Swansea,Sunderland,2,3,A,A Davies
13/12/2024,Derby,Portsmouth,4,0,H,O Langford
11/12/2024,Cardiff,Preston,0,2,A,J Linington
11/12/2024,Hull,Watford,1,1,D,L Doughty
11/12/2024,Millwall,Sheffield United,0,1,A,M Donohue
11/12/2024,QPR,Oxford,2,0,H,A Herczeg
11/12/2024,West Brom,Coventry,2,0,H,J Busby
10/12/2024,Burnley,Derby,0,0,D,A Davies
10/12/2024,Luton,Stoke,2,1,H,T Nield
10/12/2024,Plymouth,Swansea,1,2,A,S Martin
10/12/2024,Portsmouth,Norwich,0,0,D,A Kitchen
10/12/2024,Sheffield Weds,Blackburn,0,1,A,J Smith
10/12/2024,Sunderland,Bristol City,1,1,D,D Whitestone
10/12/2024,Leeds,Middlesbrough,3,1,H,B Toner
8/12/2024,West Brom,Sheffield United,2,2,D,D Webb
7/12/2024,Leeds,Derby,2,0,H,M Donohue
7/12/2024,Sheffield Weds,Preston,1,1,D,R Madley
7/12/2024,Sunderland,Stoke,2,1,H,C Pawson
7/12/2024,Hull,Blackburn,0,1,A,T Kirk
7/12/2024,Luton,Swansea,1,1,D,J Bell
7/12/2024,Millwall,Coventry,0,1,A,T Bramall
7/12/2024,Portsmouth,Bristol City,3,0,H,S Gill
7/12/2024,QPR,Norwich,3,0,H,A Backhouse
6/12/2024,Burnley,Middlesbrough,1,1,D,A Kitchen
1/12/2024,Derby,Sheffield Weds,1,2,A,J Busby
30/11/2024,Middlesbrough,Hull,3,1,H,A Martin
30/11/2024,Oxford,Millwall,1,1,D,A Backhouse
30/11/2024,Watford,QPR,0,0,D,A Kitchen
30/11/2024,Blackburn,Leeds,1,0,H,L Smith
30/11/2024,Bristol City,Plymouth,4,0,H,T Robinson
30/11/2024,Coventry,Cardiff,2,2,D,J Bell
30/11/2024,Norwich,Luton,4,2,H,J Smith
30/11/2024,Preston,West Brom,1,1,D,T Bramall
30/11/2024,Stoke,Burnley,0,2,A,O Langford
30/11/2024,Swansea,Portsmouth,2,2,D,W Finnie
29/11/2024,Sheffield United,Sunderland,1,0,H,G Ward
27/11/2024,Cardiff,QPR,0,2,A,S Martin
27/11/2024,Leeds,Luton,3,0,H,S Allison
27/11/2024,Middlesbrough,Blackburn,0,1,A,J Bell
27/11/2024,Derby,Swansea,1,2,A,B Toner
26/11/2024,Burnley,Coventry,2,0,H,A Backhouse
26/11/2024,Hull,Sheffield Weds,0,2,A,O Langford
26/11/2024,Norwich,Plymouth,6,1,H,S Gill
26/11/2024,Sheffield United,Oxford,3,0,H,L Doughty
26/11/2024,Stoke,Preston,0,0,D,M Donohue
26/11/2024,Watford,Bristol City,1,0,H,J Linington
26/11/2024,Sunderland,West Brom,0,0,D,R Madley
24/11/2024,Swansea,Leeds,3,4,A,D Whitestone
23/11/2024,Bristol City,Burnley,0,1,A,R Madley
23/11/2024,Coventry,Sheffield United,2,2,D,D Bond
23/11/2024,Sheffield Weds,Cardiff,1,1,D,A Kitchen
23/11/2024,Luton,Hull,1,0,H,T Bramall
23/11/2024,Millwall,Sunderland,1,1,D,J Busby
23/11/2024,Oxford,Middlesbrough,2,6,A,J Smith
23/11/2024,Preston,Derby,1,1,D,D Webb
23/11/2024,QPR,Stoke,1,1,D,G Ward
23/11/2024,West Brom,Norwich,2,2,D,L Smith
22/11/2024,Plymouth,Watford,2,2,D,A Davies
10/11/2024,Sheffield United,Sheffield Weds,1,0,H,L Smith
10/11/2024,Hull,West Brom,1,2,A,A Kitchen
10/11/2024,Burnley,Swansea,1,0,H,D Webb
9/11/2024,Cardiff,Blackburn,1,3,A,G Ward
9/11/2024,Middlesbrough,Luton,5,1,H,T Harrington
9/11/2024,Stoke,Millwall,1,1,D,J Bell
9/11/2024,Derby,Plymouth,1,1,D,S Hooper
9/11/2024,Leeds,QPR,2,0,H,M Donohue
9/11/2024,Norwich,Bristol City,0,2,A,F Hallam
9/11/2024,Portsmouth,Preston,3,1,H,J Busby
9/11/2024,Sunderland,Coventry,2,2,D,L Doughty
8/11/2024,Watford,Oxford,1,0,H,A Backhouse
7/11/2024,West Brom,Burnley,0,0,D,T Nield
6/11/2024,Blackburn,Stoke,0,2,A,A Davies
6/11/2024,Coventry,Derby,1,2,A,J Linington
6/11/2024,Millwall,Leeds,1,0,H,L Doughty
6/11/2024,Luton,Cardiff,1,0,H,M Donohue
6/11/2024,Preston,Sunderland,0,0,D,L Smith
5/11/2024,Bristol City,Sheffield United,1,2,A,J Busby
5/11/2024,Oxford,Hull,1,0,H,W Finnie
5/11/2024,QPR,Middlesbrough,1,4,A,O Langford
5/11/2024,Sheffield Weds,Norwich,2,0,H,S Martin
5/11/2024,Plymouth,Portsmouth,1,0,H,J Bell
5/11/2024,Swansea,Watford,1,0,H,J Smith
3/11/2024,Millwall,Burnley,1,0,H,G Ward
2/11/2024,Blackburn,Sheffield United,0,2,A,O Langford
2/11/2024,Oxford,Swansea,1,2,A,M Salisbury
2/11/2024,Stoke,Derby,2,1,H,J Smith
2/11/2024,Cardiff,Norwich,2,1,H,L Smith
2/11/2024,Hull,Portsmouth,1,1,D,A Backhouse
2/11/2024,Leeds,Plymouth,3,0,H,D Webb
2/11/2024,Middlesbrough,Coventry,0,3,A,T Bramall
2/11/2024,Preston,Bristol City,1,3,A,G Eltringham
2/11/2024,QPR,Sunderland,0,0,D,B Toner
2/11/2024,Sheffield Weds,Watford,2,6,A,S Allison
1/11/2024,Luton,West Brom,1,1,D,D Whitestone
27/10/2024,Norwich,Middlesbrough,3,3,D,J Bell
26/10/2024,Bristol City,Leeds,0,0,D,J Linington
26/10/2024,Coventry,Luton,3,2,H,R Madley
26/10/2024,Watford,Blackburn,1,0,H,D England
26/10/2024,Burnley,QPR,0,0,D,A Kitchen
26/10/2024,Derby,Hull,1,1,D,T Nield
26/10/2024,Plymouth,Preston,3,3,D,A Davies
26/10/2024,Sheffield United,Stoke,2,0,H,B Toner
26/10/2024,Sunderland,Oxford,2,0,H,O Langford
26/10/2024,Swansea,Millwall,0,1,A,J Busby
26/10/2024,West Brom,Cardiff,0,0,D,J Smith
25/10/2024,Portsmouth,Sheffield Weds,1,2,A,T Robinson
23/10/2024,Blackburn,West Brom,0,0,D,J Busby
23/10/2024,Hull,Burnley,1,1,D,D Whitestone
23/10/2024,Luton,Sunderland,1,2,A,T Nield
23/10/2024,Millwall,Plymouth,1,0,H,S Allison
23/10/2024,Middlesbrough,Sheffield United,1,0,H,A Davies
22/10/2024,Cardiff,Portsmouth,2,0,H,O Langford
22/10/2024,Leeds,Watford,2,1,H,A Backhouse
22/10/2024,Oxford,Derby,1,1,D,G Ward
22/10/2024,Preston,Norwich,2,2,D,W Finnie
22/10/2024,Sheffield Weds,Swansea,0,0,D,M Donohue
22/10/2024,Stoke,Bristol City,2,2,D,D Webb
22/10/2024,QPR,Coventry,1,1,D,J Bell
20/10/2024,Hull,Sunderland,0,1,A,R Madley
19/10/2024,Cardiff,Plymouth,5,0,H,A Kitchen
19/10/2024,Luton,Watford,3,0,H,S Martin
19/10/2024,Oxford,West Brom,1,1,D,L Doughty
19/10/2024,Preston,Coventry,1,0,H,J Smith
19/10/2024,Blackburn,Swansea,1,0,H,D Webb
19/10/2024,Middlesbrough,Bristol City,0,2,A,S Allison
19/10/2024,Millwall,Derby,1,1,D,S Attwell
19/10/2024,QPR,Portsmouth,1,2,A,J Linington
19/10/2024,Sheffield Weds,Burnley,0,2,A,M Salisbury
19/10/2024,Stoke,Norwich,1,1,D,A Backhouse
18/10/2024,Leeds,Sheffield United,2,0,H,L Smith
6/10/2024,Bristol City,Cardiff,1,1,D,R Madley
5/10/2024,Burnley,Preston,0,0,D,G Ward
5/10/2024,Norwich,Hull,4,0,H,T Nield
5/10/2024,Portsmouth,Oxford,1,1,D,L Smith
5/10/2024,Coventry,Sheffield Weds,1,2,A,D Whitestone
5/10/2024,Derby,QPR,2,0,H,D Webb
5/10/2024,Plymouth,Blackburn,2,1,H,J Linington
5/10/2024,Sheffield United,Luton,2,0,H,J Brooks
5/10/2024,Swansea,Stoke,0,0,D,A Davies
5/10/2024,Watford,Middlesbrough,2,1,H,M Donohue
5/10/2024,West Brom,Millwall,0,0,D,W Finnie
4/10/2024,Sunderland,Leeds,2,2,D,T Robinson
2/10/2024,Preston,Watford,3,0,H,A Kitchen
2/10/2024,Sheffield United,Swansea,1,0,H,L Doughty
2/10/2024,Stoke,Portsmouth,6,1,H,T Nield
2/10/2024,Bristol City,Sheffield Weds,0,0,D,A Backhouse
1/10/2024,Burnley,Plymouth,1,0,H,R Madley
1/10/2024,Cardiff,Millwall,1,0,H,G Ward
1/10/2024,Coventry,Blackburn,3,0,H,J Busby
1/10/2024,Luton,Oxford,2,2,D,J Bell
1/10/2024,Norwich,Leeds,1,1,D,S Martin
1/10/2024,QPR,Hull,1,3,A,T Kirk
1/10/2024,Sunderland,Derby,2,0,H,D Whitestone
1/10/2024,West Brom,Middlesbrough,0,1,A,D Webb
29/09/2024,Swansea,Bristol City,1,1,D,A Kitchen
28/09/2024,Blackburn,QPR,2,0,H,C Pawson
28/09/2024,Derby,Norwich,2,3,A,O Langford
28/09/2024,Sheffield Weds,West Brom,3,2,H,B Toner
28/09/2024,Hull,Cardiff,4,1,H,L Doughty
28/09/2024,Leeds,Coventry,3,0,H,G Ward
28/09/2024,Middlesbrough,Stoke,2,0,H,S Martin
28/09/2024,Millwall,Preston,3,1,H,D Bond
28/09/2024,Oxford,Burnley,0,0,D,J Linington
28/09/2024,Portsmouth,Sheffield United,0,0,D,M Donohue
28/09/2024,Watford,Sunderland,2,1,H,A Davies
27/09/2024,Plymouth,Luton,3,1,H,J Busby
22/09/2024,Preston,Blackburn,0,0,D,M Donohue
21/09/2024,Norwich,Watford,4,1,H,A Backhouse
21/09/2024,QPR,Millwall,1,1,D,J Busby
21/09/2024,Sunderland,Middlesbrough,1,0,H,S Hooper
21/09/2024,Bristol City,Oxford,2,1,H,W Finnie
21/09/2024,Burnley,Portsmouth,2,1,H,D Webb
21/09/2024,Cardiff,Leeds,0,2,A,J Smith
21/09/2024,Coventry,Swansea,1,2,A,J Linington
21/09/2024,Luton,Sheffield Weds,2,1,H,G Ward
21/09/2024,Sheffield United,Derby,1,0,H,A Madley
21/09/2024,West Brom,Plymouth,1,0,H,A Kitchen
20/09/2024,Stoke,Hull,1,3,A,B Toner
15/09/2024,Portsmouth,West Brom,0,3,A,L Doughty
14/09/2024,Leeds,Burnley,0,1,A,J Bell
14/09/2024,Millwall,Luton,0,1,A,J Smith
14/09/2024,Oxford,Stoke,1,0,H,D Whitestone
14/09/2024,Blackburn,Bristol City,3,0,H,S Martin
14/09/2024,Derby,Cardiff,1,0,H,M Donohue
14/09/2024,Middlesbrough,Preston,1,1,D,T Nield
14/09/2024,Plymouth,Sunderland,3,2,H,J Brooks
14/09/2024,Sheffield Weds,QPR,1,1,D,O Langford
14/09/2024,Swansea,Norwich,1,0,H,J Busby
14/09/2024,Watford,Coventry,1,1,D,R Madley
13/09/2024,Hull,Sheffield United,0,2,A,P Bankes
1/09/2024,Sheffield United,Watford,1,0,H,A Kitchen
31/08/2024,Burnley,Blackburn,1,1,D,T Harrington
31/08/2024,Cardiff,Middlesbrough,0,2,A,D Webb
31/08/2024,Coventry,Norwich,0,1,A,A Davies
31/08/2024,Derby,Bristol City,3,0,H,T Nield
31/08/2024,Leeds,Hull,2,0,H,G Ward
31/08/2024,Millwall,Sheffield Weds,3,0,H,L Doughty
31/08/2024,Oxford,Preston,3,1,H,K Stroud
31/08/2024,Plymouth,Stoke,0,1,A,O Langford
31/08/2024,Portsmouth,Sunderland,1,3,A,S Allison
31/08/2024,West Brom,Swansea,1,0,H,A Backhouse
30/08/2024,Luton,QPR,1,2,A,R Madley
25/08/2024,Swansea,Cardiff,1,1,D,O Langford
24/08/2024,Bristol City,Coventry,1,1,D,A Kitchen
24/08/2024,Hull,Millwall,0,0,D,D Webb
24/08/2024,QPR,Plymouth,1,1,D,G Ward
24/08/2024,Blackburn,Oxford,2,1,H,L Smith
24/08/2024,Middlesbrough,Portsmouth,2,2,D,M Donohue
24/08/2024,Norwich,Sheffield United,1,1,D,J Smith
24/08/2024,Preston,Luton,1,0,H,D Whitestone
24/08/2024,Stoke,West Brom,1,2,A,J Bell
24/08/2024,Sunderland,Burnley,1,0,H,S Martin
24/08/2024,Watford,Derby,2,1,H,G Eltringham
23/08/2024,Sheffield Weds,Leeds,0,2,A,S Hooper
18/08/2024,Sunderland,Sheffield Weds,4,0,H,D Whitestone
17/08/2024,Derby,Middlesbrough,1,0,H,R Madley
17/08/2024,Portsmouth,Luton,0,0,D,J Busby
17/08/2024,West Brom,Leeds,0,0,D,S Allison
17/08/2024,Bristol City,Millwall,4,3,H,S Gill
17/08/2024,Burnley,Cardiff,5,0,H,M Salisbury
17/08/2024,Norwich,Blackburn,2,2,D,J Bell
17/08/2024,Plymouth,Hull,1,1,D,L Doughty
17/08/2024,Sheffield United,QPR,2,2,D,A Backhouse
17/08/2024,Swansea,Preston,3,0,H,S Martin
17/08/2024,Watford,Stoke,3,0,H,T Nield
16/08/2024,Coventry,Oxford,3,2,H,D Coote
12/08/2024,Luton,Burnley,1,4,A,M Donohue
11/08/2024,Sheffield Weds,Plymouth,4,0,H,L Smith
10/08/2024,Cardiff,Sunderland,0,2,A,A Davies
10/08/2024,Hull,Bristol City,1,1,D,K Stroud
10/08/2024,Leeds,Portsmouth,3,3,D,O Langford
10/08/2024,Middlesbrough,Swansea,1,0,H,S Allison
10/08/2024,Millwall,Watford,2,3,A,J Busby
10/08/2024,Oxford,Norwich,2,0,H,A Kitchen
10/08/2024,QPR,West Brom,1,3,A,D Webb
10/08/2024,Stoke,Coventry,1,0,H,G Ward
9/08/2024,Blackburn,Derby,4,2,H,J Smith
9/08/2024,Preston,Sheffield United,0,2,A,R Madley
4/05/2024,Birmingham,Norwich,1,0,H,O Langford
4/05/2024,Coventry,QPR,1,2,A,J Smith
4/05/2024,Ipswich,Huddersfield,2,0,H,S Hooper
4/05/2024,Leeds,Southampton,1,2,A,M Donohue
4/05/2024,Leicester,Blackburn,0,2,A,A Kitchen
4/05/2024,Middlesbrough,Watford,3,1,H,K Stroud
4/05/2024,Plymouth,Hull,1,0,H,D Bond
4/05/2024,Rotherham,Cardiff,5,2,H,A Davies
4/05/2024,Stoke,Bristol City,4,0,H,S Barrott
4/05/2024,Sunderland,Sheffield Weds,0,2,A,G Ward
4/05/2024,Swansea,Millwall,0,1,A,G Eltringham
4/05/2024,West Brom,Preston,3,0,H,S Martin
30/04/2024,Coventry,Ipswich,1,2,A,J Bell
29/04/2024,Preston,Leicester,0,3,A,S Allison
27/04/2024,Blackburn,Coventry,0,0,D,A Backhouse
27/04/2024,Bristol City,Rotherham,2,0,H,C Breakspear
27/04/2024,Cardiff,Middlesbrough,1,4,A,J Simpson
27/04/2024,Huddersfield,Birmingham,1,1,D,M Donohue
27/04/2024,Millwall,Plymouth,1,0,H,A Davies
27/04/2024,Norwich,Swansea,2,2,D,J Linington
27/04/2024,Sheffield Weds,West Brom,3,0,H,G Scott
27/04/2024,Southampton,Stoke,0,1,A,D Webb
27/04/2024,Watford,Sunderland,1,0,H,O Langford
27/04/2024,Hull,Ipswich,3,3,D,A Kitchen
26/04/2024,QPR,Leeds,4,0,H,D Bond
24/04/2024,Coventry,Hull,2,3,A,L Doughty
23/04/2024,Leicester,Southampton,5,0,H,R Madley
22/04/2024,Middlesbrough,Leeds,3,4,A,T Harrington
21/04/2024,Blackburn,Sheffield Weds,1,3,A,J Pawson
20/04/2024,Leicester,West Brom,2,1,H,T Bramall
20/04/2024,Cardiff,Southampton,2,1,H,O Langford
20/04/2024,Huddersfield,Swansea,0,4,A,J Busby
20/04/2024,Norwich,Bristol City,1,1,D,S Barrott
20/04/2024,Rotherham,Birmingham,0,0,D,K Stroud
20/04/2024,Stoke,Plymouth,3,0,H,R Madley
20/04/2024,Sunderland,Millwall,0,1,A,A Backhouse
20/04/2024,Watford,Hull,0,0,D,B Toner
20/04/2024,QPR,Preston,1,0,H,G Ward
16/04/2024,Southampton,Preston,3,0,H,S Barrott
13/04/2024,Leeds,Blackburn,0,1,A,J Bell
13/04/2024,Birmingham,Coventry,3,0,H,T Bramall
13/04/2024,Bristol City,Huddersfield,1,1,D,R Welch
13/04/2024,Hull,QPR,3,0,H,T Nield
13/04/2024,Ipswich,Middlesbrough,1,1,D,S Allison
13/04/2024,Millwall,Cardiff,3,1,H,W Finnie
13/04/2024,Preston,Norwich,0,1,A,A Kitchen
13/04/2024,Sheffield Weds,Stoke,1,1,D,S Martin
13/04/2024,Southampton,Watford,3,2,H,J Smith
13/04/2024,Swansea,Rotherham,1,0,H,L Doughty
13/04/2024,West Brom,Sunderland,0,1,A,M Donohue
12/04/2024,Plymouth,Leicester,1,0,H,R Jones
10/04/2024,Birmingham,Cardiff,0,1,A,S Allison
10/04/2024,Bristol City,Blackburn,5,0,H,R Madley
10/04/2024,Hull,Middlesbrough,2,2,D,G Ward
10/04/2024,Ipswich,Watford,0,0,D,S Barrott
10/04/2024,Swansea,Stoke,3,0,H,K Stroud
10/04/2024,West Brom,Rotherham,2,0,H,G Eltringham
9/04/2024,Millwall,Leicester,1,0,H,S Gill
9/04/2024,Plymouth,QPR,1,1,D,J Simpson
9/04/2024,Preston,Huddersfield,4,1,H,L Smith
9/04/2024,Sheffield Weds,Norwich,2,2,D,C Kavanagh
9/04/2024,Southampton,Coventry,2,1,H,L Linington
9/04/2024,Leeds,Sunderland,0,0,D,T Robinson
6/04/2024,Norwich,Ipswich,1,0,H,M Donohue
6/04/2024,Blackburn,Southampton,0,0,D,C Pawson
6/04/2024,Cardiff,Hull,1,3,A,J Busby
6/04/2024,Coventry,Leeds,2,1,H,T Nield
6/04/2024,Huddersfield,Millwall,1,0,H,J Linington
6/04/2024,Leicester,Birmingham,2,1,H,D Webb
6/04/2024,Middlesbrough,Swansea,2,0,H,R Welch
6/04/2024,QPR,Sheffield Weds,0,2,A,G Scott
6/04/2024,Stoke,West Brom,2,2,D,A Kitchen
6/04/2024,Sunderland,Bristol City,0,0,D,L Doughty
6/04/2024,Watford,Preston,0,0,D,J Bell
5/04/2024,Rotherham,Plymouth,0,1,A,O Langford
1/04/2024,Leicester,Norwich,3,1,H,D Bond
1/04/2024,Birmingham,Preston,1,0,H,O Langford
1/04/2024,Coventry,Cardiff,1,2,A,L Doughty
1/04/2024,Middlesbrough,Sheffield Weds,2,0,H,M Donohue
1/04/2024,Plymouth,Bristol City,0,1,A,K Stroud
1/04/2024,Rotherham,Millwall,2,1,H,A Chilowicz
1/04/2024,Stoke,Huddersfield,1,1,D,R Welch
1/04/2024,Sunderland,Blackburn,1,5,A,J Busby
1/04/2024,Swansea,QPR,0,1,A,S Allison
1/04/2024,West Brom,Watford,2,2,D,G Ward
1/04/2024,Ipswich,Southampton,3,2,H,M Salisbury
1/04/2024,Leeds,Hull,3,1,H,J Smith
29/03/2024,Bristol City,Leicester,1,0,H,A Kitchen
29/03/2024,Millwall,West Brom,1,1,D,J Bell
29/03/2024,Cardiff,Sunderland,0,2,A,J Simpson
29/03/2024,Huddersfield,Coventry,1,3,A,A Herczeg
29/03/2024,Hull,Stoke,0,2,A,G Scott
29/03/2024,Norwich,Plymouth,2,1,H,J Linington
29/03/2024,Preston,Rotherham,3,0,H,S Martin
29/03/2024,QPR,Birmingham,2,1,H,J Smith
29/03/2024,Sheffield Weds,Swansea,1,1,D,G Eltringham
29/03/2024,Southampton,Middlesbrough,1,1,D,M Donohue
29/03/2024,Blackburn,Ipswich,0,1,A,S Attwell
29/03/2024,Watford,Leeds,2,2,D,D Webb
17/03/2024,Leeds,Millwall,2,0,H,S Martin
16/03/2024,Swansea,Cardiff,2,0,H,D Webb
16/03/2024,Birmingham,Watford,0,1,A,M Donohue
16/03/2024,Ipswich,Sheffield Weds,6,0,H,L Doughty
16/03/2024,Middlesbrough,Blackburn,0,0,D,K Stroud
16/03/2024,Plymouth,Preston,0,1,A,J Busby
16/03/2024,Rotherham,Huddersfield,0,0,D,J Smith
16/03/2024,Stoke,Norwich,0,3,A,G Ward
16/03/2024,Sunderland,QPR,0,0,D,O Langford
16/03/2024,West Brom,Bristol City,2,0,H,T Nield
12/03/2024,Birmingham,Middlesbrough,0,1,A,A Davies
10/03/2024,Huddersfield,West Brom,1,4,A,D Webb
10/03/2024,Bristol City,Swansea,1,0,H,M Donohue
9/03/2024,Cardiff,Ipswich,2,1,H,O Langford
9/03/2024,Blackburn,Plymouth,1,1,D,A Kitchen
9/03/2024,Hull,Leicester,2,2,D,S Barrott
9/03/2024,Millwall,Birmingham,1,0,H,D Bond
9/03/2024,Norwich,Rotherham,5,0,H,C Breakspear
9/03/2024,Preston,Stoke,1,2,A,J Smith
9/03/2024,QPR,Middlesbrough,0,2,A,L Doughty
9/03/2024,Southampton,Sunderland,4,2,H,S Attwell
9/03/2024,Watford,Coventry,1,2,A,R Madley
8/03/2024,Sheffield Weds,Leeds,0,2,A,S Allison
6/03/2024,Cardiff,Huddersfield,1,0,H,M Donohue
6/03/2024,Middlesbrough,Norwich,3,1,H,R Madley
6/03/2024,Watford,Swansea,1,1,D,T Nield
6/03/2024,QPR,West Brom,2,2,D,G Eltringham
5/03/2024,Blackburn,Millwall,1,1,D,J Simpson
5/03/2024,Coventry,Rotherham,5,0,H,J Busby
5/03/2024,Hull,Birmingham,1,1,D,K Stroud
5/03/2024,Leeds,Stoke,1,0,H,O Langford
5/03/2024,Sheffield Weds,Plymouth,1,0,H,S Martin
5/03/2024,Sunderland,Leicester,0,1,A,S Gill
5/03/2024,Ipswich,Bristol City,3,2,H,D Webb
2/03/2024,Bristol City,Cardiff,0,1,A,S Allison
2/03/2024,Huddersfield,Leeds,1,1,D,A Kitchen
2/03/2024,Birmingham,Southampton,3,4,A,J Bell
2/03/2024,Leicester,QPR,1,2,A,A Davies
2/03/2024,Millwall,Watford,1,0,H,G Ward
2/03/2024,Norwich,Sunderland,1,0,H,T Kirk
2/03/2024,Plymouth,Ipswich,0,2,A,J Smith
2/03/2024,Preston,Hull,0,0,D,T Bramall
2/03/2024,Rotherham,Sheffield Weds,0,1,A,D Webb
2/03/2024,Stoke,Middlesbrough,2,0,H,J Busby
2/03/2024,Swansea,Blackburn,2,1,H,R Welch
1/03/2024,West Brom,Coventry,2,1,H,L Smith
24/02/2024,Hull,West Brom,1,1,D,S Martin
24/02/2024,Blackburn,Norwich,1,1,D,O Langford
24/02/2024,Cardiff,Stoke,2,1,H,A Backhouse
24/02/2024,Ipswich,Birmingham,3,1,H,G Ward
24/02/2024,Middlesbrough,Plymouth,0,2,A,S Gill
24/02/2024,QPR,Rotherham,2,1,H,M Donohue
24/02/2024,Sheffield Weds,Bristol City,2,1,H,T Kirk
24/02/2024,Southampton,Millwall,1,2,A,T Bramall
24/02/2024,Sunderland,Swansea,1,2,A,K Stroud
24/02/2024,Watford,Huddersfield,1,2,A,B Toner
23/02/2024,Coventry,Preston,0,3,A,A Davies
23/02/2024,Leeds,Leicester,3,1,H,C Pawson
20/02/2024,Cardiff,Blackburn,0,0,D,L Doughty
20/02/2024,Ipswich,Rotherham,4,3,H,K Stroud
20/02/2024,Plymouth,West Brom,0,3,A,T Nield
20/02/2024,Southampton,Hull,1,2,A,O Langford
17/02/2024,Plymouth,Leeds,0,2,A,M Donohue
17/02/2024,Birmingham,Sunderland,2,1,H,S Martin
17/02/2024,Bristol City,QPR,0,1,A,S Barrott
17/02/2024,Huddersfield,Hull,1,2,A,R Welch
17/02/2024,Leicester,Middlesbrough,1,2,A,C Kavanagh
17/02/2024,Millwall,Sheffield Weds,0,2,A,G Eltringham
17/02/2024,Norwich,Cardiff,4,1,H,D Bond
17/02/2024,Preston,Blackburn,2,2,D,D Webb
17/02/2024,Rotherham,Watford,0,1,A,A Kitchen
17/02/2024,Stoke,Coventry,0,1,A,J Bell
17/02/2024,Swansea,Ipswich,1,2,A,J Busby
16/02/2024,West Brom,Southampton,0,2,A,S Allison
14/02/2024,Huddersfield,Sunderland,1,0,H,G Ward
14/02/2024,Plymouth,Coventry,2,2,D,K Stroud
14/02/2024,Preston,Middlesbrough,2,1,H,T Harrington
14/02/2024,Stoke,QPR,1,0,H,A Kitchen
14/02/2024,Millwall,Ipswich,0,4,A,S Barrott
13/02/2024,Birmingham,Blackburn,1,0,H,T Kirk
13/02/2024,Leicester,Sheffield Weds,2,0,H,T Nield
13/02/2024,Norwich,Watford,4,2,H,S Attwell
13/02/2024,Rotherham,Hull,1,2,A,L Doughty
13/02/2024,Swansea,Leeds,0,4,A,D Webb
13/02/2024,Bristol City,Southampton,3,1,H,M Donohue
13/02/2024,West Brom,Cardiff,2,0,H,R Welch
11/02/2024,Coventry,Millwall,2,1,H,A Kitchen
10/02/2024,Ipswich,West Brom,2,2,D,D Coote
10/02/2024,Blackburn,Stoke,3,1,H,G Ward
10/02/2024,Cardiff,Preston,0,2,A,D Whitestone
10/02/2024,Hull,Swansea,0,1,A,G Eltringham
10/02/2024,Leeds,Rotherham,3,0,H,A Madley
10/02/2024,Middlesbrough,Bristol City,1,2,A,S Allison
10/02/2024,QPR,Norwich,2,2,D,B Toner
10/02/2024,Southampton,Huddersfield,5,3,H,D Webb
10/02/2024,Sunderland,Plymouth,3,1,H,A Backhouse
10/02/2024,Watford,Leicester,1,2,A,O Langford
9/02/2024,Sheffield Weds,Birmingham,2,0,H,A Davies
4/02/2024,Middlesbrough,Sunderland,1,1,D,D England
3/02/2024,Blackburn,QPR,1,2,A,G Eltringham
3/02/2024,Huddersfield,Sheffield Weds,4,0,H,M Donohue
3/02/2024,Hull,Millwall,1,0,H,A Backhouse
3/02/2024,Norwich,Coventry,2,1,H,G Ward
3/02/2024,Preston,Ipswich,3,2,H,G Scott
3/02/2024,Rotherham,Southampton,0,2,A,S Gill
3/02/2024,Stoke,Leicester,0,5,A,L Smith
3/02/2024,Swansea,Plymouth,0,1,A,S Allison
3/02/2024,Watford,Cardiff,0,1,A,J Busby
3/02/2024,West Brom,Birmingham,1,0,H,D Webb
2/02/2024,Bristol City,Leeds,0,1,A,S Martin
31/01/2024,Sheffield Weds,Watford,0,0,D,R Welch
30/01/2024,Coventry,Bristol City,2,2,D,L Doughty
30/01/2024,Leicester,Swansea,3,1,H,K Stroud
28/01/2024,QPR,Huddersfield,1,1,D,S Martin
27/01/2024,Millwall,Preston,1,1,D,J Busby
27/01/2024,Sunderland,Stoke,3,1,H,A Davies
24/01/2024,Leeds,Norwich,1,0,H,M Donohue
22/01/2024,Leicester,Ipswich,1,1,D,J Smith
21/01/2024,Leeds,Preston,2,1,H,D Webb
20/01/2024,Swansea,Southampton,1,3,A,O Langford
20/01/2024,Blackburn,Huddersfield,1,1,D,J Linington
20/01/2024,Bristol City,Watford,1,1,D,A Kitchen
20/01/2024,Middlesbrough,Rotherham,1,1,D,D Bond
20/01/2024,Norwich,West Brom,2,0,H,S Gill
20/01/2024,Plymouth,Cardiff,3,1,H,M Dwyer
20/01/2024,QPR,Millwall,2,0,H,L Smith
20/01/2024,Sheffield Weds,Coventry,1,2,A,A Backhouse
20/01/2024,Stoke,Birmingham,1,2,A,S Barrott
19/01/2024,Sunderland,Hull,0,1,A,R Jones
14/01/2024,QPR,Watford,1,2,A,S Hooper
13/01/2024,Coventry,Leicester,3,1,H,D England
13/01/2024,Birmingham,Swansea,2,2,D,M Donohue
13/01/2024,Cardiff,Leeds,0,3,A,O Langford
13/01/2024,Huddersfield,Plymouth,1,1,D,T Nield
13/01/2024,Millwall,Middlesbrough,1,3,A,A Davies
13/01/2024,Preston,Bristol City,2,0,H,S Barrott
13/01/2024,Rotherham,Stoke,0,1,A,K Stroud
13/01/2024,Southampton,Sheffield Weds,4,0,H,L Smith
13/01/2024,West Brom,Blackburn,4,1,H,S Martin
13/01/2024,Ipswich,Sunderland,2,1,H,S Allison
12/01/2024,Hull,Norwich,1,2,A,A Kitchen
1/01/2024,Sunderland,Preston,2,0,H,O Langford
1/01/2024,Blackburn,Rotherham,2,2,D,J Gillett
1/01/2024,Bristol City,Millwall,0,1,A,T Nield
1/01/2024,Leeds,Birmingham,3,0,H,K Stroud
1/01/2024,Leicester,Huddersfield,4,1,H,S Allison
1/01/2024,Middlesbrough,Coventry,1,3,A,D Webb
1/01/2024,Norwich,Southampton,1,1,D,D England
1/01/2024,Plymouth,Watford,3,3,D,R Madley
1/01/2024,QPR,Cardiff,1,2,A,A Kitchen
1/01/2024,Stoke,Ipswich,0,0,D,J Bell
1/01/2024,Swansea,West Brom,1,0,H,A Davies
1/01/2024,Sheffield Weds,Hull,3,1,H,D Bond
29/12/2023,Southampton,Plymouth,2,1,H,J Linington
29/12/2023,Birmingham,Bristol City,0,0,D,G Eltringham
29/12/2023,Cardiff,Leicester,0,2,A,J Busby
29/12/2023,Coventry,Swansea,2,2,D,T Kirk
29/12/2023,Huddersfield,Middlesbrough,1,2,A,B Toner
29/12/2023,Hull,Blackburn,3,2,H,M Donohue
29/12/2023,Ipswich,QPR,0,0,D,D Webb
29/12/2023,Millwall,Norwich,1,0,H,D Whitestone
29/12/2023,Preston,Sheffield Weds,0,1,A,R Welch
29/12/2023,Rotherham,Sunderland,1,1,D,T Harrington
29/12/2023,Watford,Stoke,1,1,D,S Oldham
29/12/2023,West Brom,Leeds,1,0,H,G Scott
26/12/2023,Preston,Leeds,2,1,H,J Smith
26/12/2023,Millwall,QPR,2,0,H,T Bramall
26/12/2023,Cardiff,Plymouth,2,2,D,A Davies
26/12/2023,Coventry,Sheffield Weds,2,0,H,O Langford
26/12/2023,Huddersfield,Blackburn,3,0,H,D England
26/12/2023,Hull,Sunderland,0,1,A,S Gill
26/12/2023,Rotherham,Middlesbrough,1,0,H,A Kitchen
26/12/2023,Southampton,Swansea,5,0,H,K Stroud
26/12/2023,Watford,Bristol City,1,4,A,J Busby
26/12/2023,West Brom,Norwich,1,0,H,J Bell
26/12/2023,Birmingham,Stoke,1,3,A,R Madley
26/12/2023,Ipswich,Leicester,1,1,D,S Barrott
23/12/2023,Leeds,Ipswich,4,0,H,S Martin
23/12/2023,Blackburn,Watford,1,2,A,D Whitestone
23/12/2023,Leicester,Rotherham,3,0,H,D Bond
23/12/2023,Middlesbrough,West Brom,1,0,H,J Linington
23/12/2023,Norwich,Huddersfield,2,0,H,T Kirk
23/12/2023,Plymouth,Birmingham,3,3,D,G Scott
23/12/2023,QPR,Southampton,0,1,A,O Langford
23/12/2023,Sheffield Weds,Cardiff,1,2,A,S Barrott
23/12/2023,Stoke,Millwall,0,0,D,G Eltringham
23/12/2023,Sunderland,Coventry,0,3,A,M Donohue
22/12/2023,Bristol City,Hull,3,2,H,B Toner
22/12/2023,Swansea,Preston,2,1,H,R Madley
18/12/2023,Birmingham,Leicester,2,3,A,D Webb
17/12/2023,West Brom,Stoke,1,1,D,A Kitchen
16/12/2023,Ipswich,Norwich,2,2,D,J Smith
16/12/2023,Bristol City,Sunderland,1,0,H,S Martin
16/12/2023,Hull,Cardiff,3,0,H,K Stroud
16/12/2023,Leeds,Coventry,1,1,D,G Eltringham
16/12/2023,Millwall,Huddersfield,1,1,D,D Bond
16/12/2023,Plymouth,Rotherham,3,2,H,G Ward
16/12/2023,Preston,Watford,1,5,A,S Gill
16/12/2023,Sheffield Weds,QPR,2,1,H,A Davies
16/12/2023,Southampton,Blackburn,4,0,H,G Scott
16/12/2023,Swansea,Middlesbrough,1,2,A,M Donohue
13/12/2023,Cardiff,Birmingham,0,1,A,S Martin
13/12/2023,Coventry,Southampton,1,1,D,B Toner
13/12/2023,Leicester,Millwall,3,2,H,K Stroud
13/12/2023,Norwich,Sheffield Weds,3,1,H,M Donohue
13/12/2023,QPR,Plymouth,0,0,D,T Harrington
13/12/2023,Middlesbrough,Hull,1,2,A,O Langford
12/12/2023,Blackburn,Bristol City,2,1,H,J Linington
12/12/2023,Huddersfield,Preston,1,3,A,J Busby
12/12/2023,Rotherham,West Brom,0,2,A,S Barrott
12/12/2023,Stoke,Swansea,1,1,D,D Webb
12/12/2023,Watford,Ipswich,1,2,A,D England
12/12/2023,Sunderland,Leeds,1,0,H,D Whitestone
9/12/2023,Blackburn,Leeds,0,2,A,R Madley
9/12/2023,Sunderland,West Brom,2,1,H,D Bond
9/12/2023,Cardiff,Millwall,1,0,H,A Kitchen
9/12/2023,Huddersfield,Bristol City,1,1,D,A Davies
9/12/2023,Leicester,Plymouth,4,0,H,S Gill
9/12/2023,Middlesbrough,Ipswich,0,2,A,D Whitestone
9/12/2023,Norwich,Preston,0,0,D,O Langford
9/12/2023,QPR,Hull,2,0,H,J Bell
9/12/2023,Rotherham,Swansea,1,2,A,J Smith
9/12/2023,Stoke,Sheffield Weds,0,1,A,D Coote
9/12/2023,Watford,Southampton,1,1,D,G Eltringham
8/12/2023,Coventry,Birmingham,2,0,H,S Allison
3/12/2023,Bristol City,Norwich,1,2,A,G Ward
2/12/2023,West Brom,Leicester,1,2,A,T Robinson
2/12/2023,Birmingham,Rotherham,0,0,D,A Davies
2/12/2023,Hull,Watford,1,2,A,J Busby
2/12/2023,Ipswich,Coventry,2,1,H,A Kitchen
2/12/2023,Leeds,Middlesbrough,3,2,H,D England
2/12/2023,Millwall,Sunderland,1,1,D,J Linington
2/12/2023,Plymouth,Stoke,2,1,H,S Barrott
2/12/2023,Sheffield Weds,Blackburn,3,1,H,D Webb
2/12/2023,Southampton,Cardiff,2,0,H,J Bell
2/12/2023,Swansea,Huddersfield,1,1,D,S Martin
1/12/2023,Preston,QPR,0,2,A,J Smith
29/11/2023,Blackburn,Birmingham,4,2,H,L Doughty
29/11/2023,Leeds,Swansea,3,1,H,S Allison
29/11/2023,Sheffield Weds,Leicester,1,1,D,S Barrott
29/11/2023,Southampton,Bristol City,1,0,H,K Stroud
29/11/2023,Sunderland,Huddersfield,1,2,A,M Donohue
29/11/2023,Ipswich,Millwall,3,1,H,T Bramall
28/11/2023,Cardiff,West Brom,0,1,A,J Smith
28/11/2023,Coventry,Plymouth,1,0,H,A Davies
28/11/2023,Hull,Rotherham,4,1,H,R Welch
28/11/2023,Middlesbrough,Preston,4,0,H,A Kitchen
28/11/2023,QPR,Stoke,4,2,H,J Linington
28/11/2023,Watford,Norwich,3,2,H,S Hooper
25/11/2023,Birmingham,Sheffield Weds,2,1,H,R Welch
25/11/2023,Bristol City,Middlesbrough,3,2,H,J Busby
25/11/2023,Huddersfield,Southampton,1,1,D,D Webb
25/11/2023,Leicester,Watford,2,0,H,S Allison
25/11/2023,Millwall,Coventry,0,3,A,D England
25/11/2023,Norwich,QPR,1,0,H,S Martin
25/11/2023,Plymouth,Sunderland,2,0,H,J Bell
25/11/2023,Preston,Cardiff,1,2,A,R Madley
25/11/2023,Stoke,Blackburn,0,3,A,A Kitchen
25/11/2023,Swansea,Hull,2,2,D,D Whitestone
25/11/2023,West Brom,Ipswich,2,0,H,G Ward
24/11/2023,Rotherham,Leeds,1,1,D,O Langford
11/11/2023,Sunderland,Birmingham,3,1,H,D Whitestone
11/11/2023,Cardiff,Norwich,2,3,A,R Welch
11/11/2023,Coventry,Stoke,0,0,D,A Backhouse
11/11/2023,Hull,Huddersfield,1,0,H,M Donohue
11/11/2023,Ipswich,Swansea,3,2,H,S Gill
11/11/2023,Leeds,Plymouth,2,1,H,J Smith
11/11/2023,Middlesbrough,Leicester,1,0,H,O Langford
11/11/2023,QPR,Bristol City,0,0,D,G Eltringham
11/11/2023,Sheffield Weds,Millwall,0,4,A,G Ward
11/11/2023,Southampton,West Brom,2,1,H,T Nield
11/11/2023,Watford,Rotherham,5,0,H,S Martin
10/11/2023,Blackburn,Preston,1,2,A,T Bramall
7/11/2023,Rotherham,Ipswich,2,2,D,G Scott
5/11/2023,Norwich,Blackburn,1,3,A,J Smith
4/11/2023,Birmingham,Ipswich,2,2,D,L Doughty
4/11/2023,Bristol City,Sheffield Weds,1,0,H,L Smith
4/11/2023,Huddersfield,Watford,0,0,D,S Gill
4/11/2023,Millwall,Southampton,0,1,A,J Linington
4/11/2023,Plymouth,Middlesbrough,3,3,D,D England
4/11/2023,Preston,Coventry,3,2,H,A Taylor
4/11/2023,Rotherham,QPR,1,1,D,S Barrott
4/11/2023,Stoke,Cardiff,0,0,D,O Langford
4/11/2023,Swansea,Sunderland,0,0,D,R Madley
4/11/2023,West Brom,Hull,3,1,H,A Kitchen
3/11/2023,Leicester,Leeds,0,1,A,D Whitestone
30/10/2023,Coventry,West Brom,0,2,A,P Bankes
29/10/2023,Sheffield Weds,Rotherham,2,0,H,A Davies
28/10/2023,Leeds,Huddersfield,4,1,H,J Bell
28/10/2023,Southampton,Birmingham,3,1,H,D Webb
28/10/2023,Blackburn,Swansea,0,1,A,S Martin
28/10/2023,Cardiff,Bristol City,2,0,H,D England
28/10/2023,Hull,Preston,1,0,H,K Stroud
28/10/2023,Ipswich,Plymouth,3,2,H,G Ward
28/10/2023,Middlesbrough,Stoke,0,2,A,A Kitchen
28/10/2023,QPR,Leicester,1,2,A,L Doughty
28/10/2023,Sunderland,Norwich,3,1,H,A Backhouse
28/10/2023,Watford,Millwall,2,2,D,K Stroud
25/10/2023,Birmingham,Hull,0,2,A,J Busby
25/10/2023,Bristol City,Ipswich,0,1,A,J Smith
25/10/2023,Plymouth,Sheffield Weds,3,0,H,J Linington
25/10/2023,Preston,Southampton,2,2,D,J Simpson
25/10/2023,Rotherham,Coventry,2,0,H,L Smith
25/10/2023,Stoke,Leeds,1,0,H,P Tierney
24/10/2023,Huddersfield,Cardiff,0,4,A,A Backhouse
24/10/2023,Millwall,Blackburn,1,2,A,A Davies
24/10/2023,Norwich,Middlesbrough,1,2,A,S Hooper
24/10/2023,Swansea,Watford,0,1,A,A Kitchen
24/10/2023,Leicester,Sunderland,1,0,H,K Stroud
24/10/2023,West Brom,QPR,2,0,H,J Bell
21/10/2023,Preston,Millwall,1,1,D,M Donohue
21/10/2023,Blackburn,Cardiff,1,0,H,R Madley
21/10/2023,Bristol City,Coventry,1,0,H,D Webb
21/10/2023,Huddersfield,QPR,2,1,H,G Ward
21/10/2023,Hull,Southampton,1,2,A,G Eltringham
21/10/2023,Middlesbrough,Birmingham,1,0,H,R Welch
21/10/2023,Norwich,Leeds,2,3,A,J Busby
21/10/2023,Stoke,Sunderland,2,1,H,G Scott
21/10/2023,Swansea,Leicester,1,3,A,A Backhouse
21/10/2023,Watford,Sheffield Weds,1,0,H,D Whitestone
21/10/2023,West Brom,Plymouth,0,0,D,S Martin
7/10/2023,Sunderland,Middlesbrough,0,4,A,J Gillett
7/10/2023,Cardiff,Watford,1,1,D,G Ward
7/10/2023,Coventry,Norwich,1,1,D,D Whitestone
7/10/2023,Ipswich,Preston,4,2,H,D Webb
7/10/2023,Leeds,Bristol City,2,1,H,K Stroud
7/10/2023,Leicester,Stoke,2,0,H,G Eltringham
7/10/2023,Millwall,Hull,2,2,D,T Robinson
7/10/2023,Plymouth,Swansea,1,3,A,L Smith
7/10/2023,QPR,Blackburn,0,4,A,J Smith
7/10/2023,Sheffield Weds,Huddersfield,0,0,D,M Donohue
7/10/2023,Southampton,Rotherham,1,1,D,J Busby
6/10/2023,Birmingham,West Brom,3,1,H,J Linington
4/10/2023,Coventry,Blackburn,1,0,H,J Simpson
4/10/2023,Leeds,QPR,1,0,H,D Webb
4/10/2023,Leicester,Preston,3,0,H,T Bramall
4/10/2023,Sunderland,Watford,2,0,H,A Davies
4/10/2023,Swansea,Norwich,2,1,H,T Nield
4/10/2023,Rotherham,Bristol City,1,2,A,D Whitestone
3/10/2023,Birmingham,Huddersfield,4,1,H,S Allison
3/10/2023,Ipswich,Hull,3,0,H,M Donohue
3/10/2023,Middlesbrough,Cardiff,2,0,H,A Madley
3/10/2023,Plymouth,Millwall,0,2,A,O Langford
3/10/2023,Stoke,Southampton,0,1,A,J Bell
3/10/2023,West Brom,Sheffield Weds,1,0,H,J Busby
1/10/2023,Blackburn,Leicester,1,4,A,J Linington
30/09/2023,Southampton,Leeds,3,1,H,J Brooks
30/09/2023,Bristol City,Stoke,2,3,A,J Simpson
30/09/2023,Cardiff,Rotherham,2,0,H,L Doughty
30/09/2023,Huddersfield,Ipswich,1,1,D,G Eltringham
30/09/2023,Hull,Plymouth,1,1,D,D Webb
30/09/2023,Millwall,Swansea,0,3,A,J Busby
30/09/2023,Norwich,Birmingham,2,0,H,G Ward
30/09/2023,Preston,West Brom,0,4,A,J Smith
30/09/2023,QPR,Coventry,1,3,A,T Nield
30/09/2023,Watford,Middlesbrough,2,3,A,O Langford
29/09/2023,Sheffield Weds,Sunderland,0,3,A,S Barrott
25/09/2023,Coventry,Huddersfield,1,1,D,O Langford
24/09/2023,Stoke,Hull,1,3,A,T Bramall
24/09/2023,Sunderland,Cardiff,0,1,A,S Martin
23/09/2023,Ipswich,Blackburn,4,3,H,K Stroud
23/09/2023,Leeds,Watford,3,0,H,J Simpson
23/09/2023,Leicester,Bristol City,1,0,H,J Bell
23/09/2023,Middlesbrough,Southampton,2,1,H,T Robinson
23/09/2023,Plymouth,Norwich,6,2,H,A Kitchen
23/09/2023,Rotherham,Preston,1,1,D,S Allison
23/09/2023,Swansea,Sheffield Weds,3,0,H,A Backhouse
23/09/2023,West Brom,Millwall,0,0,D,T Nield
22/09/2023,Birmingham,QPR,0,0,D,M Donohue
20/09/2023,Blackburn,Sunderland,1,3,A,J Busby
20/09/2023,Huddersfield,Stoke,2,2,D,D Bond
20/09/2023,Hull,Leeds,0,0,D,S Martin
20/09/2023,Millwall,Rotherham,3,0,H,G Eltringham
20/09/2023,Watford,West Brom,2,2,D,L Doughty
20/09/2023,Norwich,Leicester,0,2,A,G Scott
19/09/2023,Bristol City,Plymouth,4,1,H,M Donohue
19/09/2023,Cardiff,Coventry,3,2,H,S Allison
19/09/2023,Preston,Birmingham,2,1,H,D Whitestone
19/09/2023,QPR,Swansea,1,1,D,A Kitchen
19/09/2023,Southampton,Ipswich,0,1,A,J Smith
19/09/2023,Sheffield Weds,Middlesbrough,1,1,D,D Webb
17/09/2023,Millwall,Leeds,0,3,A,C Kavanagh
16/09/2023,Blackburn,Middlesbrough,2,1,H,J Bell
16/09/2023,Bristol City,West Brom,0,0,D,A Backhouse
16/09/2023,Huddersfield,Rotherham,2,0,H,J Simpson
16/09/2023,Norwich,Stoke,1,0,H,O Langford
16/09/2023,Preston,Plymouth,2,1,H,G Ward
16/09/2023,QPR,Sunderland,1,3,A,D Whitestone
16/09/2023,Sheffield Weds,Ipswich,0,1,A,L Linington
16/09/2023,Watford,Birmingham,2,0,H,K Stroud
16/09/2023,Cardiff,Swansea,2,0,H,S Barrott
15/09/2023,Hull,Coventry,1,1,D,T Harrington
15/09/2023,Southampton,Leicester,1,4,A,R Madley
2/09/2023,Birmingham,Millwall,1,1,D,J Smith
2/09/2023,Sunderland,Southampton,5,0,H,D Coote
2/09/2023,Swansea,Bristol City,1,2,A,O Langford
2/09/2023,Coventry,Watford,3,3,D,D Webb
2/09/2023,Ipswich,Cardiff,3,2,H,G Ward
2/09/2023,Leeds,Sheffield Weds,0,0,D,D Whitestone
2/09/2023,Leicester,Hull,0,1,A,J Busby
2/09/2023,Middlesbrough,QPR,0,2,A,T Bramall
2/09/2023,Plymouth,Blackburn,3,0,H,S Martin
2/09/2023,Rotherham,Norwich,2,1,H,S Barrott
2/09/2023,Stoke,Preston,0,2,A,M Donohue
2/09/2023,West Brom,Huddersfield,1,2,A,J Linington
27/08/2023,Watford,Blackburn,0,1,A,G Ward
26/08/2023,Birmingham,Plymouth,2,1,H,J Busby
26/08/2023,Cardiff,Sheffield Weds,2,1,H,D Bond
26/08/2023,Coventry,Sunderland,0,0,D,K Stroud
26/08/2023,Huddersfield,Norwich,0,4,A,D Whitestone
26/08/2023,Ipswich,Leeds,3,4,A,R Madley
26/08/2023,Millwall,Stoke,1,0,H,D Webb
26/08/2023,Preston,Swansea,2,1,H,J Smith
26/08/2023,Rotherham,Leicester,1,2,A,S Hooper
26/08/2023,Southampton,QPR,2,1,H,J Bell
26/08/2023,West Brom,Middlesbrough,4,2,H,J Simpson
25/08/2023,Hull,Bristol City,1,1,D,J Linington
20/08/2023,Norwich,Millwall,3,1,H,T Harrington
19/08/2023,Plymouth,Southampton,1,2,A,D Webb
19/08/2023,Blackburn,Hull,1,2,A,O Langford
19/08/2023,Bristol City,Birmingham,0,2,A,S Barrott
19/08/2023,Leicester,Cardiff,2,1,H,G Scott
19/08/2023,Middlesbrough,Huddersfield,1,1,D,J Smith
19/08/2023,QPR,Ipswich,0,1,A,G Eltringham
19/08/2023,Sheffield Weds,Preston,0,1,A,J Simpson
19/08/2023,Stoke,Watford,1,0,H,J Bell
19/08/2023,Sunderland,Rotherham,2,1,H,G Ward
19/08/2023,Swansea,Coventry,1,1,D,R Madley
18/08/2023,Leeds,West Brom,1,1,D,M Donohue
12/08/2023,Coventry,Middlesbrough,3,0,H,D Whitestone
12/08/2023,Birmingham,Leeds,1,0,H,T Robinson
12/08/2023,Cardiff,QPR,1,2,A,O Langford
12/08/2023,Huddersfield,Leicester,0,1,A,D Webb
12/08/2023,Hull,Sheffield Weds,4,2,H,M Donohue
12/08/2023,Ipswich,Stoke,2,0,H,J Smith
12/08/2023,Millwall,Bristol City,0,1,A,K Stroud
12/08/2023,Preston,Sunderland,2,1,H,J Linington
12/08/2023,Rotherham,Blackburn,2,2,D,R Madley
12/08/2023,Southampton,Norwich,4,4,D,D England
12/08/2023,Watford,Plymouth,0,0,D,G Eltringham
12/08/2023,West Brom,Swansea,3,2,H,S Barrott
6/08/2023,Leicester,Coventry,2,1,H,D Bond
6/08/2023,Leeds,Cardiff,2,2,D,J Smith
6/08/2023,Sunderland,Ipswich,1,2,A,S Barrott
5/08/2023,Blackburn,West Brom,2,1,H,D Whitestone
5/08/2023,Bristol City,Preston,1,1,D,D Webb
5/08/2023,Middlesbrough,Millwall,0,1,A,G Ward
5/08/2023,Norwich,Hull,2,1,H,K Stroud
5/08/2023,Plymouth,Huddersfield,3,1,H,M Donohue
5/08/2023,Stoke,Rotherham,4,1,H,J Busby
5/08/2023,Swansea,Birmingham,1,1,D,J Linington
5/08/2023,Watford,QPR,4,0,H,T Bramall
4/08/2023,Sheffield Weds,Southampton,1,2,A,R Madley
8/05/2023,Birmingham,Sheffield United,1,2,A,D Webb
8/05/2023,Burnley,Cardiff,3,0,H,M Donohue
8/05/2023,Huddersfield,Reading,2,0,H,J Smith
8/05/2023,Luton,Hull,0,0,D,J Linington
8/05/2023,Middlesbrough,Coventry,1,1,D,J Busby
8/05/2023,Millwall,Blackburn,3,4,A,C Pawson
8/05/2023,Norwich,Blackpool,0,1,A,J Bell
8/05/2023,Preston,Sunderland,0,3,A,R Madley
8/05/2023,QPR,Bristol City,0,2,A,A Woolmer
8/05/2023,Swansea,West Brom,3,2,H,K Stroud
8/05/2023,Watford,Stoke,2,0,H,L Smith
8/05/2023,Wigan,Rotherham,0,0,D,T Robinson
4/05/2023,Huddersfield,Sheffield United,1,0,H,J Busby
1/05/2023,Rotherham,Middlesbrough,1,0,H,K Stroud
1/05/2023,Blackburn,Luton,1,1,D,D England
30/04/2023,Cardiff,Huddersfield,1,2,A,M Salisbury
29/04/2023,Bristol City,Burnley,1,2,A,D Webb
29/04/2023,Coventry,Birmingham,2,0,H,J Linington
29/04/2023,Hull,Swansea,1,1,D,G Eltringham
29/04/2023,Reading,Wigan,1,1,D,A Davies
29/04/2023,Sheffield United,Preston,4,1,H,S Martin
29/04/2023,Stoke,QPR,0,1,A,L Doughty
29/04/2023,Sunderland,Watford,2,2,D,G Ward
29/04/2023,West Brom,Norwich,2,1,H,R Madley
28/04/2023,Blackpool,Millwall,2,3,A,M Donohue
27/04/2023,Rotherham,Cardiff,1,2,A,O Langford
26/04/2023,Sheffield United,West Brom,2,0,H,D Whitestone
25/04/2023,Blackburn,Burnley,0,1,A,T Robinson
24/04/2023,Luton,Middlesbrough,2,1,H,G Scott
23/04/2023,West Brom,Sunderland,1,2,A,J Busby
22/04/2023,Birmingham,Blackpool,0,1,A,K Stroud
22/04/2023,Bristol City,Rotherham,2,1,H,J Smith
22/04/2023,Burnley,QPR,1,2,A,D Whitestone
22/04/2023,Cardiff,Stoke,1,1,D,A Davies
22/04/2023,Coventry,Reading,2,1,H,M Donohue
22/04/2023,Hull,Watford,1,0,H,O Langford
22/04/2023,Norwich,Swansea,0,3,A,D Webb
22/04/2023,Wigan,Millwall,2,1,H,R Madley
22/04/2023,Preston,Blackburn,1,1,D,R Jones
19/04/2023,Blackburn,Coventry,1,1,D,J Simpson
19/04/2023,QPR,Norwich,1,1,D,K Stroud
19/04/2023,Swansea,Preston,4,2,H,O Langford
19/04/2023,Watford,Cardiff,1,3,A,J Gillett
19/04/2023,Middlesbrough,Hull,3,1,H,A Davies
19/04/2023,Reading,Luton,1,1,D,T Robinson
18/04/2023,Blackpool,West Brom,0,2,A,S Martin
18/04/2023,Rotherham,Burnley,2,2,D,R Madley
18/04/2023,Sheffield United,Bristol City,1,0,H,G Eltringham
18/04/2023,Stoke,Wigan,0,1,A,T Nield
18/04/2023,Sunderland,Huddersfield,1,1,D,L Doughty
18/04/2023,Millwall,Birmingham,0,1,A,D Whitestone
15/04/2023,Sheffield United,Cardiff,4,1,H,D Webb
15/04/2023,Blackpool,Wigan,1,0,H,T Bramall
15/04/2023,Millwall,Preston,2,0,H,T Robinson
15/04/2023,QPR,Coventry,0,3,A,M Salisbury
15/04/2023,Reading,Burnley,0,0,D,O Langford
15/04/2023,Rotherham,Luton,0,2,A,L Doughty
15/04/2023,Stoke,West Brom,1,2,A,A Woolmer
15/04/2023,Sunderland,Birmingham,2,1,H,S Martin
15/04/2023,Swansea,Huddersfield,1,0,H,M Donohue
15/04/2023,Watford,Bristol City,2,0,H,D Whitestone
15/04/2023,Blackburn,Hull,0,0,D,J Busby
14/04/2023,Middlesbrough,Norwich,5,1,H,J Smith
10/04/2023,Huddersfield,Blackburn,2,2,D,S Martin
10/04/2023,Birmingham,Stoke,0,0,D,D Bond
10/04/2023,Cardiff,Sunderland,0,1,A,T Bramall
10/04/2023,Coventry,Watford,2,2,D,K Stroud
10/04/2023,Hull,Millwall,1,0,H,J Smith
10/04/2023,Luton,Blackpool,3,1,H,A Davies
10/04/2023,Norwich,Rotherham,0,0,D,J Simpson
10/04/2023,Preston,Reading,2,1,H,J Busby
10/04/2023,West Brom,QPR,2,2,D,M Donohue
10/04/2023,Wigan,Swansea,0,2,A,S Allison
10/04/2023,Bristol City,Middlesbrough,2,2,D,T Robinson
10/04/2023,Burnley,Sheffield United,2,0,H,M Salisbury
7/04/2023,Millwall,Luton,0,0,D,D England
7/04/2023,Rotherham,West Brom,3,1,H,T Robinson
7/04/2023,Blackburn,Norwich,0,2,A,A Marriner
7/04/2023,Blackpool,Cardiff,1,3,A,J Smith
7/04/2023,QPR,Preston,0,2,A,G Eltringham
7/04/2023,Reading,Birmingham,1,1,D,S Oldham
7/04/2023,Sheffield United,Wigan,1,0,H,A Davies
7/04/2023,Stoke,Bristol City,1,2,A,O Langford
7/04/2023,Swansea,Coventry,0,0,D,J Busby
7/04/2023,Watford,Huddersfield,2,3,A,D Webb
7/04/2023,Sunderland,Hull,4,4,D,K Stroud
7/04/2023,Middlesbrough,Burnley,1,2,A,D Bond
1/04/2023,Luton,Watford,2,0,H,J Smith
1/04/2023,Preston,Blackpool,3,1,H,A Marriner
1/04/2023,Birmingham,Blackburn,1,0,H,A Davies
1/04/2023,Bristol City,Reading,1,1,D,S Martin
1/04/2023,Cardiff,Swansea,2,3,A,K Stroud
1/04/2023,Coventry,Stoke,0,4,A,S Barrott
1/04/2023,Huddersfield,Middlesbrough,4,2,H,J Busby
1/04/2023,Hull,Rotherham,0,0,D,D Webb
1/04/2023,Norwich,Sheffield United,0,1,A,D Bond
1/04/2023,West Brom,Millwall,0,0,D,J Simpson
1/04/2023,Wigan,QPR,1,0,H,G Ward
31/03/2023,Burnley,Sunderland,0,0,D,J Gillett
19/03/2023,Swansea,Bristol City,2,0,H,J Simpson
18/03/2023,Blackpool,Coventry,1,4,A,G Eltringham
18/03/2023,Middlesbrough,Preston,4,0,H,M Donohue
18/03/2023,Millwall,Huddersfield,0,1,A,A Davies
18/03/2023,QPR,Birmingham,0,1,A,K Stroud
18/03/2023,Reading,Hull,1,1,D,G Ward
18/03/2023,Stoke,Norwich,0,0,D,D Webb
18/03/2023,Sunderland,Luton,1,1,D,S Oldham
18/03/2023,Watford,Wigan,1,1,D,G Scott
15/03/2023,Blackburn,Reading,2,1,H,D Bond
15/03/2023,Cardiff,West Brom,1,1,D,L Doughty
15/03/2023,Huddersfield,Norwich,1,1,D,K Stroud
15/03/2023,Hull,Burnley,1,3,A,T Robinson
15/03/2023,Luton,Bristol City,1,0,H,J Busby
15/03/2023,Sunderland,Sheffield United,1,2,A,M Donohue
14/03/2023,Blackpool,QPR,6,1,H,J Simpson
14/03/2023,Millwall,Swansea,2,1,H,D Webb
14/03/2023,Rotherham,Preston,1,2,A,S Martin
14/03/2023,Watford,Birmingham,3,0,H,D England
14/03/2023,Wigan,Coventry,1,1,D,A Woolmer
14/03/2023,Middlesbrough,Stoke,1,1,D,C Pawson
12/03/2023,Norwich,Sunderland,0,1,A,T Robinson
11/03/2023,Bristol City,Blackpool,2,0,H,D Bond
11/03/2023,Birmingham,Rotherham,2,0,H,G Eltringham
11/03/2023,Burnley,Wigan,3,0,H,J Busby
11/03/2023,Coventry,Hull,1,1,D,J Smith
11/03/2023,Preston,Cardiff,2,0,H,D Webb
11/03/2023,QPR,Watford,1,0,H,J Linington
11/03/2023,Reading,Millwall,0,1,A,M Salisbury
11/03/2023,Sheffield United,Luton,0,1,A,L Doughty
11/03/2023,Swansea,Middlesbrough,1,3,A,P Bankes
11/03/2023,West Brom,Huddersfield,1,0,H,D Whitestone
10/03/2023,Stoke,Blackburn,3,2,H,M Donohue
7/03/2023,Huddersfield,Bristol City,0,0,D,L Doughty
7/03/2023,Reading,Sheffield United,0,1,A,D Whitestone
7/03/2023,West Brom,Wigan,1,0,H,R Welch
4/03/2023,Blackburn,Sheffield United,1,0,H,J Smith
4/03/2023,Cardiff,Bristol City,2,0,H,M Donohue
4/03/2023,Blackpool,Burnley,0,0,D,T Bramall
4/03/2023,Huddersfield,Coventry,0,4,A,D Webb
4/03/2023,Luton,Swansea,1,0,H,D Whitestone
4/03/2023,Middlesbrough,Reading,5,0,H,K Stroud
4/03/2023,Millwall,Norwich,2,3,A,G Scott
4/03/2023,Rotherham,QPR,3,1,H,D Bond
4/03/2023,Sunderland,Stoke,1,5,A,J Simpson
4/03/2023,Watford,Preston,0,0,D,G Ward
4/03/2023,Wigan,Birmingham,1,1,D,S Martin
3/03/2023,Hull,West Brom,2,0,H,J Linington
28/02/2023,Preston,Coventry,0,0,D,J Busby
28/02/2023,Luton,Millwall,2,2,D,G Eltringham
27/02/2023,Swansea,Rotherham,1,1,D,G Ward
25/02/2023,Coventry,Sunderland,2,1,H,D Whitestone
25/02/2023,Birmingham,Luton,0,1,A,D Webb
25/02/2023,Bristol City,Hull,1,0,H,S Barrott
25/02/2023,Burnley,Huddersfield,4,0,H,M Donohue
25/02/2023,Norwich,Cardiff,2,0,H,J Linington
25/02/2023,Preston,Wigan,2,1,H,T Bramall
25/02/2023,QPR,Blackburn,1,3,A,L Doughty
25/02/2023,Reading,Blackpool,3,1,H,J Brooks
25/02/2023,Sheffield United,Watford,1,0,H,K Stroud
25/02/2023,Stoke,Millwall,0,1,A,T Robinson
25/02/2023,West Brom,Middlesbrough,2,0,H,D Bond
21/02/2023,Blackburn,Blackpool,1,0,H,D Whitestone
21/02/2023,Millwall,Burnley,1,1,D,J Linington
21/02/2023,Norwich,Birmingham,3,1,H,J Gillett
21/02/2023,Rotherham,Sunderland,2,1,H,C Kavanagh
21/02/2023,Swansea,Stoke,1,3,A,A Woolmer
20/02/2023,Watford,West Brom,3,2,H,T Robinson
18/02/2023,Millwall,Sheffield United,3,2,H,S Martin
18/02/2023,Blackburn,Swansea,1,0,H,T Bramall
18/02/2023,Blackpool,Stoke,1,0,H,M Donohue
18/02/2023,Huddersfield,Birmingham,2,1,H,J Busby
18/02/2023,Hull,Preston,0,0,D,S Allison
18/02/2023,Luton,Burnley,0,1,A,J Simpson
18/02/2023,Middlesbrough,QPR,3,1,H,D Webb
18/02/2023,Rotherham,Coventry,0,2,A,K Stroud
18/02/2023,Sunderland,Bristol City,1,1,D,G Ward
18/02/2023,Wigan,Norwich,0,0,D,G Eltringham
17/02/2023,Cardiff,Reading,1,0,H,D Bond
15/02/2023,Bristol City,Wigan,1,1,D,K Stroud
15/02/2023,Preston,Luton,1,1,D,J Smith
15/02/2023,Stoke,Huddersfield,3,0,H,J Linington
15/02/2023,Swansea,Blackpool,2,1,H,G Eltringham
15/02/2023,Sheffield United,Middlesbrough,1,3,A,A Marriner
15/02/2023,West Brom,Blackburn,1,1,D,D Webb
14/02/2023,Birmingham,Cardiff,0,2,A,G Ward
14/02/2023,Coventry,Millwall,1,0,H,M Donohue
14/02/2023,Norwich,Hull,3,1,H,D Whitestone
14/02/2023,QPR,Sunderland,0,3,A,P Bankes
14/02/2023,Burnley,Watford,1,1,D,L Doughty
14/02/2023,Reading,Rotherham,2,1,H,J Busby
11/02/2023,Blackpool,Rotherham,0,0,D,J Smith
11/02/2023,Bristol City,Norwich,1,0,H,C Kavanagh
11/02/2023,Burnley,Preston,3,0,H,D Bond
11/02/2023,Cardiff,Middlesbrough,1,3,A,J Busby
11/02/2023,Coventry,Luton,1,1,D,S Martin
11/02/2023,QPR,Millwall,1,2,A,D Whitestone
11/02/2023,Sheffield United,Swansea,3,0,H,M Donohue
11/02/2023,Stoke,Hull,0,0,D,A Woolmer
11/02/2023,Sunderland,Reading,1,0,H,D Coote
11/02/2023,Watford,Blackburn,1,1,D,J Simpson
11/02/2023,Wigan,Huddersfield,1,0,H,G Ward
10/02/2023,Birmingham,West Brom,2,0,H,J Linington
7/02/2023,Blackpool,Huddersfield,2,2,D,G Scott
6/02/2023,Blackburn,Wigan,0,0,D,M Donohue
4/02/2023,Norwich,Burnley,0,3,A,K Stroud
4/02/2023,Rotherham,Sheffield United,0,0,D,G Scott
4/02/2023,Huddersfield,QPR,1,1,D,G Eltringham
4/02/2023,Hull,Cardiff,1,0,H,D Webb
4/02/2023,Luton,Stoke,1,0,H,D Whitestone
4/02/2023,Middlesbrough,Blackpool,3,0,H,T Robinson
4/02/2023,Millwall,Sunderland,1,1,D,T Bramall
4/02/2023,Preston,Bristol City,1,2,A,L Doughty
4/02/2023,Reading,Watford,2,2,D,S Martin
4/02/2023,Swansea,Birmingham,3,4,A,J Simpson
3/02/2023,West Brom,Coventry,1,0,H,G Ward
31/01/2023,Luton,Cardiff,1,0,H,G Eltringham
28/01/2023,Coventry,Huddersfield,2,0,H,S Stockbridge
28/01/2023,Hull,QPR,3,0,H,J Linington
28/01/2023,Middlesbrough,Watford,2,0,H,D Bond
22/01/2023,Sunderland,Middlesbrough,2,0,H,J Linington
21/01/2023,Coventry,Norwich,2,4,A,J Smith
21/01/2023,Birmingham,Preston,1,2,A,R Welch
21/01/2023,Bristol City,Blackburn,1,1,D,T Robinson
21/01/2023,Cardiff,Millwall,0,1,A,L Doughty
21/01/2023,QPR,Swansea,1,1,D,J Busby
21/01/2023,Stoke,Reading,4,0,H,G Ward
21/01/2023,Watford,Rotherham,1,1,D,D Webb
21/01/2023,Wigan,Luton,0,2,A,A Woolmer
20/01/2023,Sheffield United,Hull,1,0,H,D Bond
20/01/2023,Burnley,West Brom,2,1,H,J Gillett
14/01/2023,Rotherham,Blackburn,4,0,H,D Whitestone
14/01/2023,Bristol City,Birmingham,4,2,H,J Busby
14/01/2023,Burnley,Coventry,1,0,H,D Webb
14/01/2023,Cardiff,Wigan,1,1,D,J Simpson
14/01/2023,Hull,Huddersfield,1,1,D,T Bramall
14/01/2023,Luton,West Brom,2,3,A,J Smith
14/01/2023,Middlesbrough,Millwall,1,0,H,M Donohue
14/01/2023,Preston,Norwich,0,4,A,S Martin
14/01/2023,Reading,QPR,2,2,D,D Bond
14/01/2023,Sheffield United,Stoke,3,1,H,M Salisbury
14/01/2023,Sunderland,Swansea,1,3,A,K Stroud
14/01/2023,Watford,Blackpool,2,0,H,G Ward
2/01/2023,Birmingham,Middlesbrough,1,3,A,D Whitestone
2/01/2023,Norwich,Watford,0,1,A,J Linington
2/01/2023,Stoke,Preston,0,1,A,L Doughty
2/01/2023,Swansea,Burnley,1,2,A,O Langford
2/01/2023,West Brom,Reading,1,0,H,T Nield
2/01/2023,Wigan,Hull,1,4,A,G Eltringham
2/01/2023,QPR,Sheffield United,1,1,D,J Smith
1/01/2023,Blackburn,Cardiff,1,0,H,T Bramall
1/01/2023,Blackpool,Sunderland,1,1,D,T Robinson
1/01/2023,Coventry,Bristol City,1,1,D,J Simpson
1/01/2023,Huddersfield,Luton,1,2,A,M Donohue
1/01/2023,Millwall,Rotherham,3,0,H,G Ward
30/12/2022,Birmingham,Hull,0,1,A,S Martin
30/12/2022,Norwich,Reading,1,1,D,D Webb
30/12/2022,Stoke,Burnley,0,1,A,K Stroud
30/12/2022,Swansea,Watford,4,0,H,J Busby
29/12/2022,QPR,Luton,0,3,A,G Ward
29/12/2022,Blackburn,Middlesbrough,1,2,A,L Doughty
29/12/2022,Coventry,Cardiff,0,0,D,A Backhouse
29/12/2022,Huddersfield,Rotherham,2,0,H,J Simpson
29/12/2022,Millwall,Bristol City,0,0,D,D Whitestone
29/12/2022,Wigan,Sunderland,1,4,A,M Salisbury
29/12/2022,West Brom,Preston,2,0,H,A Woolmer
29/12/2022,Blackpool,Sheffield United,1,2,A,P Bankes
27/12/2022,Reading,Swansea,2,1,H,J Linington
27/12/2022,Burnley,Birmingham,3,0,H,D England
26/12/2022,Watford,Millwall,0,2,A,J Smith
26/12/2022,Sunderland,Blackburn,2,1,H,D Bond
26/12/2022,Bristol City,West Brom,0,2,A,S Martin
26/12/2022,Hull,Blackpool,1,1,D,J Brooks
26/12/2022,Middlesbrough,Wigan,4,1,H,O Langford
26/12/2022,Preston,Huddersfield,1,2,A,G Eltringham
26/12/2022,Rotherham,Stoke,2,2,D,D Webb
26/12/2022,Sheffield United,Coventry,3,1,H,M Donohue
26/12/2022,Cardiff,QPR,0,0,D,K Stroud
26/12/2022,Luton,Norwich,2,1,H,T Robinson
21/12/2022,Coventry,West Brom,1,0,H,K Stroud
19/12/2022,Wigan,Sheffield United,1,2,A,D Whitestone
17/12/2022,Bristol City,Stoke,1,2,A,G Eltringham
17/12/2022,Burnley,Middlesbrough,3,1,H,D Webb
17/12/2022,Cardiff,Blackpool,1,1,D,J Smith
17/12/2022,Coventry,Swansea,3,3,D,R Jones
17/12/2022,Huddersfield,Watford,0,2,A,L Doughty
17/12/2022,Hull,Sunderland,1,1,D,G Ward
17/12/2022,Preston,QPR,0,1,A,O Langford
17/12/2022,West Brom,Rotherham,3,0,H,J Busby
17/12/2022,Norwich,Blackburn,0,2,A,P Tierney
16/12/2022,Birmingham,Reading,3,2,H,T Robinson
12/12/2022,Sunderland,West Brom,1,2,A,J Linington
11/12/2022,QPR,Burnley,0,3,A,P Bankes
11/12/2022,Watford,Hull,0,0,D,D Whitestone
10/12/2022,Blackburn,Preston,1,4,A,J Smith
10/12/2022,Rotherham,Bristol City,1,3,A,S Barrott
10/12/2022,Reading,Coventry,1,0,H,M Donohue
10/12/2022,Blackpool,Birmingham,0,0,D,T Bramall
10/12/2022,Middlesbrough,Luton,2,1,H,G Ward
10/12/2022,Millwall,Wigan,1,1,D,K Stroud
10/12/2022,Sheffield United,Huddersfield,1,0,H,D Bond
10/12/2022,Stoke,Cardiff,2,2,D,A Woolmer
10/12/2022,Swansea,Norwich,0,1,A,S Martin
3/12/2022,Sunderland,Millwall,3,0,H,T Robinson
13/11/2022,Burnley,Blackburn,3,0,H,D Coote
12/11/2022,Bristol City,Watford,0,0,D,D Webb
12/11/2022,Cardiff,Sheffield United,0,1,A,M Donohue
12/11/2022,Coventry,QPR,2,0,H,K Stroud
12/11/2022,Huddersfield,Swansea,0,0,D,B Toner
12/11/2022,Hull,Reading,1,2,A,G Ward
12/11/2022,Luton,Rotherham,1,1,D,S Martin
12/11/2022,Norwich,Middlesbrough,1,2,A,L Doughty
12/11/2022,Preston,Millwall,2,4,A,O Langford
12/11/2022,West Brom,Stoke,2,0,H,J Bell
12/11/2022,Wigan,Blackpool,2,1,H,A Davies
11/11/2022,Birmingham,Sunderland,1,2,A,A Madley
8/11/2022,Birmingham,Swansea,2,2,D,A Woolmer
8/11/2022,Blackpool,Middlesbrough,0,3,A,J Simpson
8/11/2022,Cardiff,Hull,2,3,A,J Bell
8/11/2022,Coventry,Wigan,2,0,H,S Martin
8/11/2022,QPR,Huddersfield,1,2,A,G Ward
8/11/2022,Sheffield United,Rotherham,0,1,A,K Stroud
8/11/2022,Stoke,Luton,2,0,H,O Langford
8/11/2022,Watford,Reading,2,0,H,J Linington
5/11/2022,Sheffield United,Burnley,5,2,H,D Bond
5/11/2022,Blackburn,Huddersfield,1,0,H,J Linington
5/11/2022,Blackpool,Luton,0,1,A,T Robinson
5/11/2022,Middlesbrough,Bristol City,1,1,D,M Donohue
5/11/2022,Millwall,Hull,0,0,D,J Busby
5/11/2022,QPR,West Brom,0,1,A,T Bramall
5/11/2022,Rotherham,Norwich,1,2,A,D Whitestone
5/11/2022,Stoke,Birmingham,1,2,A,J Smith
5/11/2022,Sunderland,Cardiff,0,1,A,A Davies
5/11/2022,Swansea,Wigan,2,2,D,C Pawson
5/11/2022,Watford,Coventry,0,1,A,L Doughty
4/11/2022,Reading,Preston,1,2,A,D Webb
2/11/2022,Birmingham,Millwall,0,0,D,G Scott
2/11/2022,Burnley,Rotherham,3,2,H,L Doughty
2/11/2022,Cardiff,Watford,1,2,A,K Stroud
2/11/2022,Huddersfield,Sunderland,0,2,A,O Langford
2/11/2022,Norwich,QPR,0,0,D,A Davies
2/11/2022,Wigan,Stoke,0,1,A,S Barrott
1/11/2022,Coventry,Blackburn,1,0,H,T Robinson
1/11/2022,Hull,Middlesbrough,1,3,A,D Whitestone
1/11/2022,Luton,Reading,0,0,D,J Brooks
1/11/2022,Preston,Swansea,1,0,H,J Busby
1/11/2022,Bristol City,Sheffield United,0,1,A,S Martin
1/11/2022,West Brom,Blackpool,1,0,H,G Ward
29/10/2022,Bristol City,Swansea,1,1,D,A Marriner
29/10/2022,West Brom,Sheffield United,0,2,A,D Whitestone
29/10/2022,Burnley,Reading,2,1,H,J Simpson
29/10/2022,Cardiff,Rotherham,1,0,H,O Langford
29/10/2022,Coventry,Blackpool,1,2,A,D Bond
29/10/2022,Huddersfield,Millwall,1,0,H,S Martin
29/10/2022,Hull,Blackburn,0,1,A,D Webb
29/10/2022,Luton,Sunderland,1,1,D,J Linington
29/10/2022,Norwich,Stoke,3,1,H,K Stroud
29/10/2022,Preston,Middlesbrough,2,1,H,G Ward
29/10/2022,Wigan,Watford,0,1,A,M Donohue
28/10/2022,Birmingham,QPR,2,0,H,T Robinson
25/10/2022,Coventry,Rotherham,2,2,D,A Davies
25/10/2022,Burnley,Norwich,1,0,H,T Harrington
23/10/2022,Swansea,Cardiff,2,0,H,D Bond
23/10/2022,Watford,Luton,4,0,H,R Madley
22/10/2022,Blackpool,Preston,4,2,H,C Kavanagh
22/10/2022,Blackburn,Birmingham,2,1,H,G Ward
22/10/2022,Middlesbrough,Huddersfield,0,0,D,A Davies
22/10/2022,Millwall,West Brom,2,1,H,A Madley
22/10/2022,QPR,Wigan,2,1,H,D Whitestone
22/10/2022,Reading,Bristol City,2,0,H,J Busby
22/10/2022,Rotherham,Hull,2,4,A,S Martin
22/10/2022,Sheffield United,Norwich,2,2,D,J Smith
22/10/2022,Stoke,Coventry,0,2,A,J Linington
22/10/2022,Sunderland,Burnley,2,4,A,T Robinson
19/10/2022,Birmingham,Burnley,1,1,D,D Whitestone
19/10/2022,Blackpool,Hull,1,3,A,J Smith
19/10/2022,Coventry,Sheffield United,1,0,H,K Stroud
19/10/2022,QPR,Cardiff,3,0,H,J Linington
19/10/2022,Wigan,Middlesbrough,1,4,A,L Doughty
19/10/2022,Millwall,Watford,3,0,H,D Webb
18/10/2022,Huddersfield,Preston,0,1,A,A Woolmer
18/10/2022,Norwich,Luton,0,1,A,O Langford
18/10/2022,Swansea,Reading,3,2,H,A Davies
18/10/2022,Blackburn,Sunderland,2,0,H,C Pawson
18/10/2022,Stoke,Rotherham,0,1,A,G Ward
18/10/2022,West Brom,Bristol City,0,2,A,R Madley
16/10/2022,Hull,Birmingham,0,2,A,L Doughty
15/10/2022,Luton,QPR,3,1,H,T Harrington
15/10/2022,Rotherham,Huddersfield,2,1,H,J Simpson
15/10/2022,Bristol City,Millwall,1,2,A,G Ward
15/10/2022,Burnley,Swansea,4,0,H,S Martin
15/10/2022,Cardiff,Coventry,0,1,A,R Madley
15/10/2022,Middlesbrough,Blackburn,1,2,A,D Bond
15/10/2022,Preston,Stoke,0,2,A,M Donohue
15/10/2022,Reading,West Brom,0,2,A,T Robinson
15/10/2022,Sheffield United,Blackpool,3,3,D,D Webb
15/10/2022,Sunderland,Wigan,2,1,H,K Stroud
15/10/2022,Watford,Norwich,2,1,H,D England
12/10/2022,Bristol City,Preston,2,1,H,K Stroud
11/10/2022,Wigan,Blackburn,1,0,H,J Smith
9/10/2022,Huddersfield,Hull,2,0,H,T Robinson
8/10/2022,Birmingham,Bristol City,3,0,H,J Linington
8/10/2022,Blackburn,Rotherham,3,0,H,O Langford
8/10/2022,Blackpool,Watford,3,1,H,R Madley
8/10/2022,Coventry,Burnley,0,1,A,J Busby
8/10/2022,Millwall,Middlesbrough,2,0,H,M Donohue
8/10/2022,Norwich,Preston,2,3,A,O Langford
8/10/2022,Stoke,Sheffield United,3,1,H,P Bankes
8/10/2022,Swansea,Sunderland,2,1,H,G Ward
8/10/2022,West Brom,Luton,0,0,D,D Webb
8/10/2022,Wigan,Cardiff,1,3,A,J Bell
7/10/2022,QPR,Reading,2,1,H,T Bramall
5/10/2022,Burnley,Stoke,1,1,D,D Webb
5/10/2022,Hull,Wigan,2,1,H,A Woolmer
5/10/2022,Middlesbrough,Birmingham,1,0,H,M Salisbury
5/10/2022,Rotherham,Millwall,1,1,D,D Whitestone
5/10/2022,Watford,Swansea,1,2,A,T Robinson
5/10/2022,Preston,West Brom,1,0,H,J Smith
4/10/2022,Bristol City,Coventry,0,0,D,J Bell
4/10/2022,Luton,Huddersfield,3,3,D,L Doughty
4/10/2022,Sheffield United,QPR,0,1,A,J Linington
4/10/2022,Sunderland,Blackpool,0,0,D,J Simpson
4/10/2022,Cardiff,Blackburn,1,0,H,J Brooks
4/10/2022,Reading,Norwich,1,1,D,D Bond
2/10/2022,Stoke,Watford,0,4,A,J Smith
1/10/2022,Blackburn,Millwall,2,1,H,D Webb
1/10/2022,Blackpool,Norwich,0,1,A,D Coote
1/10/2022,Bristol City,QPR,1,2,A,J Simpson
1/10/2022,Cardiff,Burnley,1,1,D,G Ward
1/10/2022,Coventry,Middlesbrough,1,0,H,S Martin
1/10/2022,Reading,Huddersfield,3,1,H,O Langford
1/10/2022,Rotherham,Wigan,0,2,A,A Davies
1/10/2022,Sheffield United,Birmingham,1,1,D,D Bond
1/10/2022,Sunderland,Preston,0,0,D,A Woolmer
1/10/2022,West Brom,Swansea,2,3,A,G Scott
30/09/2022,Hull,Luton,0,2,A,J Linington
17/09/2022,Swansea,Hull,3,0,H,K Stroud
17/09/2022,Birmingham,Coventry,0,0,D,G Scott
17/09/2022,Burnley,Bristol City,2,1,H,O Langford
17/09/2022,Huddersfield,Cardiff,1,0,H,D Whitestone
17/09/2022,Luton,Blackburn,2,0,H,J Smith
17/09/2022,Millwall,Blackpool,2,1,H,D Bond
17/09/2022,Norwich,West Brom,1,1,D,T Bramall
17/09/2022,Preston,Sheffield United,0,2,A,J Simpson
17/09/2022,QPR,Stoke,0,0,D,M Donohue
17/09/2022,Watford,Sunderland,2,2,D,R Madley
17/09/2022,Wigan,Reading,0,1,A,D Webb
17/09/2022,Middlesbrough,Rotherham,0,0,D,T Robinson
14/09/2022,Luton,Coventry,2,2,D,A Davies
14/09/2022,Millwall,QPR,0,2,A,T Robinson
14/09/2022,Norwich,Bristol City,3,2,H,D Webb
14/09/2022,Rotherham,Blackpool,3,0,H,M Salisbury
14/09/2022,Reading,Sunderland,0,3,A,M Donohue
14/09/2022,West Brom,Birmingham,2,3,A,J Smith
13/09/2022,Blackburn,Watford,2,0,H,S Martin
13/09/2022,Huddersfield,Wigan,1,2,A,J Simpson
13/09/2022,Hull,Stoke,0,3,A,L Doughty
13/09/2022,Middlesbrough,Cardiff,2,3,A,J Bell
13/09/2022,Swansea,Sheffield United,0,1,A,D Bond
13/09/2022,Preston,Burnley,1,1,D,P Bankes
5/09/2022,Middlesbrough,Sunderland,1,0,H,D Bond
4/09/2022,Reading,Stoke,2,1,H,D Coote
4/09/2022,Huddersfield,Blackpool,0,1,A,J Busby
4/09/2022,Hull,Sheffield United,0,2,A,M Donohue
3/09/2022,Blackburn,Bristol City,2,3,A,T Robinson
3/09/2022,Luton,Wigan,1,2,A,C Kavanagh
3/09/2022,Millwall,Cardiff,2,0,H,J Simpson
3/09/2022,Norwich,Coventry,3,0,H,G Ward
3/09/2022,Preston,Birmingham,0,1,A,J Bell
3/09/2022,Rotherham,Watford,1,1,D,L Doughty
3/09/2022,Swansea,QPR,1,0,H,O Langford
2/09/2022,West Brom,Burnley,1,1,D,J Linington
31/08/2022,Bristol City,Huddersfield,2,0,H,D Bond
31/08/2022,Coventry,Preston,0,1,A,J Busby
31/08/2022,Stoke,Swansea,1,1,D,D Webb
31/08/2022,Sunderland,Rotherham,3,0,H,T Harrington
31/08/2022,Blackpool,Blackburn,0,1,A,M Donohue
30/08/2022,Birmingham,Norwich,1,2,A,K Stroud
30/08/2022,Burnley,Millwall,2,0,H,L Doughty
30/08/2022,Cardiff,Luton,1,2,A,J Linington
30/08/2022,QPR,Hull,3,1,H,S Martin
30/08/2022,Sheffield United,Reading,4,0,H,G Ward
30/08/2022,Wigan,West Brom,1,1,D,A Woolmer
30/08/2022,Watford,Middlesbrough,2,1,H,C Kavanagh
27/08/2022,Sunderland,Norwich,0,1,A,T Robinson
27/08/2022,Blackburn,Stoke,0,1,A,L Doughty
27/08/2022,Blackpool,Bristol City,3,3,D,J Simpson
27/08/2022,Cardiff,Preston,0,0,D,A Woolmer
27/08/2022,Huddersfield,West Brom,2,2,D,A Davies
27/08/2022,Hull,Coventry,3,2,H,O Langford
27/08/2022,Middlesbrough,Swansea,2,1,H,R Madley
27/08/2022,Millwall,Reading,0,1,A,C Kavanagh
27/08/2022,Rotherham,Birmingham,2,0,H,G Ward
27/08/2022,Watford,QPR,2,3,A,K Stroud
27/08/2022,Wigan,Burnley,1,5,A,J Bell
26/08/2022,Luton,Sheffield United,1,1,D,D Webb
21/08/2022,Bristol City,Cardiff,2,0,H,T Bramall
20/08/2022,Birmingham,Wigan,0,1,A,A Davies
20/08/2022,Burnley,Blackpool,3,3,D,K Stroud
20/08/2022,Preston,Watford,0,0,D,D Bond
20/08/2022,QPR,Rotherham,1,1,D,A Woolmer
20/08/2022,Reading,Middlesbrough,1,0,H,J Linington
20/08/2022,Sheffield United,Blackburn,3,0,H,L Doughty
20/08/2022,Stoke,Sunderland,0,1,A,O Langford
20/08/2022,Swansea,Luton,0,2,A,J Busby
20/08/2022,West Brom,Hull,5,2,H,J Bell
19/08/2022,Norwich,Millwall,2,0,H,R Jones
17/08/2022,Stoke,Middlesbrough,2,2,D,M Salisbury
17/08/2022,Reading,Blackburn,3,0,H,K Stroud
17/08/2022,Sheffield United,Sunderland,2,1,H,J Linington
17/08/2022,West Brom,Cardiff,0,0,D,A Madley
16/08/2022,Birmingham,Watford,1,1,D,D Webb
16/08/2022,Bristol City,Luton,2,0,H,L Doughty
16/08/2022,Burnley,Hull,1,1,D,R Madley
16/08/2022,Norwich,Huddersfield,2,1,H,J Smith
16/08/2022,Preston,Rotherham,0,0,D,O Langford
16/08/2022,Swansea,Millwall,2,2,D,G Ward
16/08/2022,QPR,Blackpool,0,1,A,A Davies
14/08/2022,Middlesbrough,Sheffield United,2,2,D,A Marriner
14/08/2022,Blackburn,West Brom,2,1,H,J Smith
13/08/2022,Cardiff,Birmingham,1,0,H,D Bond
13/08/2022,Blackpool,Swansea,0,1,A,A Woolmer
13/08/2022,Huddersfield,Stoke,3,1,H,M Donohue
13/08/2022,Hull,Norwich,2,1,H,J Linington
13/08/2022,Luton,Preston,0,1,A,D Whitestone
13/08/2022,Millwall,Coventry,3,2,H,R Madley
13/08/2022,Rotherham,Reading,4,0,H,S Martin
13/08/2022,Sunderland,QPR,2,2,D,J Simpson
13/08/2022,Wigan,Bristol City,1,1,D,J Busby
12/08/2022,Watford,Burnley,1,0,H,T Bramall
8/08/2022,West Brom,Watford,1,1,D,T Robinson
6/08/2022,Norwich,Wigan,1,1,D,M Donohue
6/08/2022,Bristol City,Sunderland,2,3,A,K Stroud
6/08/2022,Burnley,Luton,1,1,D,D Bond
6/08/2022,Preston,Hull,0,0,D,J Simpson
6/08/2022,QPR,Middlesbrough,3,2,H,J Smith
6/08/2022,Reading,Cardiff,2,1,H,D England
6/08/2022,Sheffield United,Millwall,2,0,H,D Coote
6/08/2022,Stoke,Blackpool,2,0,H,R Madley
6/08/2022,Swansea,Blackburn,0,3,A,S Martin
5/08/2022,Birmingham,Huddersfield,2,1,H,G Ward
1/08/2022,Watford,Sheffield United,1,0,H,J Smith
31/07/2022,Sunderland,Coventry,1,1,D,D Bond
30/07/2022,Blackburn,QPR,1,0,H,T Bramall
30/07/2022,Blackpool,Reading,1,0,H,D Webb
30/07/2022,Cardiff,Norwich,1,0,H,T Robinson
30/07/2022,Hull,Bristol City,2,1,H,D Whitestone
30/07/2022,Luton,Birmingham,0,0,D,G Scott
30/07/2022,Millwall,Stoke,2,0,H,K Stroud
30/07/2022,Rotherham,Swansea,1,1,D,M Donohue
30/07/2022,Wigan,Preston,0,0,D,R Madley
30/07/2022,Middlesbrough,West Brom,1,1,D,T Harrington
29/07/2022,Huddersfield,Burnley,0,1,A,J Linington
7/05/2022,Birmingham,Blackburn,1,2,A,A Davies
7/05/2022,Bournemouth,Millwall,1,0,H,A Marriner
7/05/2022,Derby,Cardiff,0,1,A,K Stroud
7/05/2022,Huddersfield,Bristol City,2,0,H,D Webb
7/05/2022,Hull,Nott'm Forest,1,1,D,S Hooper
7/05/2022,Luton,Reading,1,0,H,J Simpson
7/05/2022,Peterboro,Blackpool,5,0,H,A Woolmer
7/05/2022,Preston,Middlesbrough,4,1,H,T Robinson
7/05/2022,Sheffield United,Fulham,4,0,H,J Smith
7/05/2022,Stoke,Coventry,1,1,D,G Ward
7/05/2022,Swansea,QPR,0,1,A,S Martin
7/05/2022,West Brom,Barnsley,4,0,H,L Doughty
3/05/2022,Bournemouth,Nott'm Forest,1,0,H,S Attwell
2/05/2022,Fulham,Luton,7,0,H,T Robinson
30/04/2022,Barnsley,Preston,1,3,A,D Webb
30/04/2022,Blackburn,Bournemouth,0,3,A,R Jones
30/04/2022,Blackpool,Derby,0,2,A,A Davies
30/04/2022,Bristol City,Hull,5,0,H,B Toner
30/04/2022,Cardiff,Birmingham,1,1,D,J Busby
30/04/2022,Coventry,Huddersfield,1,2,A,T Harrington
30/04/2022,Middlesbrough,Stoke,3,1,H,J Simpson
30/04/2022,Millwall,Peterboro,3,0,H,G Eltringham
30/04/2022,Nott'm Forest,Swansea,5,1,H,G Scott
30/04/2022,Reading,West Brom,0,1,A,M Donohue
29/04/2022,QPR,Sheffield United,1,3,A,P Bankes
27/04/2022,Middlesbrough,Cardiff,2,0,H,M Donohue
26/04/2022,Barnsley,Blackpool,0,2,A,J Busby
26/04/2022,Fulham,Nott'm Forest,0,1,A,J Smith
26/04/2022,Swansea,Bournemouth,3,3,D,D Bond
25/04/2022,Preston,Blackburn,1,4,A,J Simpson
23/04/2022,Luton,Blackpool,1,1,D,J Brooks
23/04/2022,Birmingham,Millwall,2,2,D,L Doughty
23/04/2022,Bournemouth,Fulham,1,1,D,G Scott
23/04/2022,Derby,Bristol City,1,3,A,T Bramall
23/04/2022,Hull,Reading,3,0,H,T Robinson
23/04/2022,Peterboro,Nott'm Forest,0,1,A,M Salisbury
23/04/2022,Sheffield United,Cardiff,1,0,H,O Langford
23/04/2022,Stoke,QPR,1,0,H,A Woolmer
23/04/2022,Swansea,Middlesbrough,1,1,D,D Webb
23/04/2022,West Brom,Coventry,0,0,D,S Martin
22/04/2022,Huddersfield,Barnsley,2,1,H,J Linington
19/04/2022,Fulham,Preston,3,0,H,D Doughty
18/04/2022,Middlesbrough,Huddersfield,0,2,A,D England
18/04/2022,Barnsley,Peterboro,0,2,A,D Bond
18/04/2022,Blackburn,Stoke,0,1,A,G Eltringham
18/04/2022,Blackpool,Birmingham,6,1,H,T Robinson
18/04/2022,Cardiff,Luton,0,1,A,A Davies
18/04/2022,Coventry,Bournemouth,0,3,A,M Donohue
18/04/2022,Millwall,Hull,2,1,H,D Whitestone
18/04/2022,QPR,Derby,1,0,H,J Smith
18/04/2022,Reading,Swansea,4,4,D,K Friend
18/04/2022,Bristol City,Sheffield United,1,1,D,K Stroud
18/04/2022,Nott'm Forest,West Brom,4,0,H,D Webb
15/04/2022,Luton,Nott'm Forest,1,0,H,J Linington
15/04/2022,Birmingham,Coventry,2,4,A,O Langford
15/04/2022,Bournemouth,Middlesbrough,0,0,D,T Robinson
15/04/2022,Hull,Cardiff,2,1,H,S Martin
15/04/2022,Peterboro,Blackburn,2,1,H,C Kavanagh
15/04/2022,Preston,Millwall,1,1,D,T Bramall
15/04/2022,Sheffield United,Reading,1,2,A,G Ward
15/04/2022,Stoke,Bristol City,0,1,A,M Donohue
15/04/2022,Swansea,Barnsley,1,1,D,A Woolmer
15/04/2022,West Brom,Blackpool,2,1,H,J Simpson
15/04/2022,Huddersfield,QPR,2,2,D,L Doughty
15/04/2022,Derby,Fulham,2,1,H,R Jones
11/04/2022,Huddersfield,Luton,2,0,H,G Eltringham
10/04/2022,Fulham,Coventry,1,3,A,K Stroud
9/04/2022,Sheffield United,Bournemouth,0,0,D,D Whitestone
9/04/2022,Blackburn,Blackpool,1,1,D,M Donohue
9/04/2022,Bristol City,Peterboro,1,1,D,J Brooks
9/04/2022,Middlesbrough,Hull,0,1,A,A Woolmer
9/04/2022,Millwall,Barnsley,4,1,H,O Langford
9/04/2022,Nott'm Forest,Birmingham,2,0,H,G Ward
9/04/2022,Preston,QPR,2,1,H,T Harrington
9/04/2022,Reading,Cardiff,1,2,A,M Salisbury
9/04/2022,Swansea,Derby,2,1,H,T Robinson
9/04/2022,West Brom,Stoke,1,3,A,A Davies
6/04/2022,Middlesbrough,Fulham,0,1,A,J Linington
6/04/2022,Nott'm Forest,Coventry,2,0,H,T Robinson
6/04/2022,West Brom,Bournemouth,2,0,H,K Stroud
5/04/2022,Millwall,Swansea,0,1,A,A Davies
5/04/2022,Peterboro,Luton,1,1,D,T Bramall
5/04/2022,Preston,Blackpool,1,0,H,D Webb
5/04/2022,Sheffield United,QPR,1,0,H,D Bond
5/04/2022,Reading,Stoke,2,1,H,D Whitestone
3/04/2022,Birmingham,West Brom,1,0,H,D Whitestone
2/04/2022,Blackpool,Nott'm Forest,1,4,A,J Gillett
2/04/2022,Barnsley,Reading,1,1,D,K Stroud
2/04/2022,Bournemouth,Bristol City,3,2,H,S Martin
2/04/2022,Cardiff,Swansea,0,4,A,J Smith
2/04/2022,Coventry,Blackburn,2,2,D,P Bankes
2/04/2022,Derby,Preston,1,0,H,G Eltringham
2/04/2022,Luton,Millwall,2,2,D,G Scott
2/04/2022,Peterboro,Middlesbrough,0,4,A,L Doughty
2/04/2022,QPR,Fulham,0,2,A,G Ward
2/04/2022,Stoke,Sheffield United,1,0,H,D Webb
1/04/2022,Hull,Huddersfield,0,1,A,J Simpson
20/03/2022,QPR,Peterboro,1,3,A,D Webb
19/03/2022,Derby,Coventry,1,1,D,D Bond
19/03/2022,Sheffield United,Barnsley,2,0,H,S Martin
19/03/2022,Bristol City,West Brom,2,2,D,L Doughty
19/03/2022,Huddersfield,Bournemouth,0,3,A,S Hooper
19/03/2022,Hull,Luton,1,3,A,T Harrington
19/03/2022,Reading,Blackburn,1,0,H,J Linington
19/03/2022,Stoke,Millwall,2,0,H,J Brooks
19/03/2022,Swansea,Birmingham,0,0,D,J Simpson
16/03/2022,Blackpool,Sheffield United,0,0,D,G Eltringham
16/03/2022,Cardiff,Stoke,2,1,H,A Woolmer
16/03/2022,Coventry,Hull,0,2,A,J Busby
16/03/2022,Luton,Preston,4,0,H,S Martin
16/03/2022,Millwall,Huddersfield,2,0,H,J Linington
16/03/2022,Nott'm Forest,QPR,3,1,H,P Bankes
16/03/2022,Peterboro,Swansea,2,3,A,O Langford
15/03/2022,Barnsley,Bristol City,2,0,H,D Webb
15/03/2022,Birmingham,Middlesbrough,0,2,A,D Bond
15/03/2022,Blackburn,Derby,3,1,H,T Harrington
15/03/2022,Bournemouth,Reading,1,1,D,L Doughty
15/03/2022,West Brom,Fulham,1,0,H,K Friend
13/03/2022,Luton,QPR,1,2,A,J Smith
12/03/2022,Barnsley,Fulham,1,1,D,T Robinson
12/03/2022,Birmingham,Hull,0,0,D,M Salisbury
12/03/2022,Blackburn,Bristol City,0,1,A,G Ward
12/03/2022,Blackpool,Swansea,1,0,H,S Martin
12/03/2022,Bournemouth,Derby,2,0,H,A Madley
12/03/2022,Cardiff,Preston,0,0,D,J Linington
12/03/2022,Coventry,Sheffield United,4,1,H,J Simpson
12/03/2022,Millwall,Middlesbrough,0,0,D,R Jones
12/03/2022,Nott'm Forest,Reading,4,0,H,T Bramall
12/03/2022,Peterboro,Stoke,2,2,D,D Whitestone
11/03/2022,West Brom,Huddersfield,2,2,D,M Donohue
8/03/2022,Barnsley,Stoke,1,1,D,L Doughty
8/03/2022,Blackburn,Millwall,0,0,D,D Whitestone
8/03/2022,Bournemouth,Peterboro,1,1,D,G Ward
8/03/2022,Coventry,Luton,0,1,A,O Langford
8/03/2022,Sheffield United,Middlesbrough,4,1,H,T Robinson
8/03/2022,Swansea,Fulham,1,5,A,J Gillett
5/03/2022,Fulham,Blackburn,2,0,H,D Webb
5/03/2022,Bristol City,Birmingham,1,2,A,T Bramall
5/03/2022,Derby,Barnsley,2,0,H,R Jones
5/03/2022,Hull,West Brom,0,2,A,J Linington
5/03/2022,Middlesbrough,Luton,2,1,H,J Simpson
5/03/2022,Preston,Bournemouth,2,1,H,M Donohue
5/03/2022,QPR,Cardiff,1,2,A,M Salisbury
5/03/2022,Reading,Millwall,0,1,A,A Woolmer
5/03/2022,Stoke,Blackpool,0,1,A,T Harrington
5/03/2022,Swansea,Coventry,3,1,H,G Eltringham
4/03/2022,Huddersfield,Peterboro,3,0,H,D Bond
4/03/2022,Sheffield United,Nott'm Forest,1,1,D,J Smith
1/03/2022,Cardiff,Derby,1,0,H,A Davies
28/02/2022,West Brom,Swansea,0,2,A,D Whitestone
26/02/2022,Blackburn,QPR,1,0,H,J Simpson
26/02/2022,Barnsley,Middlesbrough,3,2,H,J Linington
26/02/2022,Birmingham,Huddersfield,0,2,A,D Webb
26/02/2022,Blackpool,Reading,4,1,H,P Bankes
26/02/2022,Bournemouth,Stoke,2,1,H,T Robinson
26/02/2022,Cardiff,Fulham,0,1,A,L Doughty
26/02/2022,Coventry,Preston,1,1,D,K Stroud
26/02/2022,Luton,Derby,1,0,H,A Woolmer
26/02/2022,Millwall,Sheffield United,1,0,H,M Salisbury
26/02/2022,Nott'm Forest,Bristol City,2,0,H,D Bond
26/02/2022,Peterboro,Hull,0,3,A,T Harrington
23/02/2022,Derby,Millwall,1,2,A,J Simpson
23/02/2022,Fulham,Peterboro,2,1,H,J Gillett
23/02/2022,Huddersfield,Cardiff,2,1,H,O Langford
23/02/2022,QPR,Blackpool,2,1,H,G Ward
23/02/2022,Sheffield United,Blackburn,1,0,H,M Donohue
23/02/2022,Stoke,Luton,1,2,A,J Busby
22/02/2022,Bristol City,Coventry,1,2,A,D Whitestone
22/02/2022,Hull,Barnsley,0,2,A,S Martin
22/02/2022,Middlesbrough,West Brom,2,1,H,M Salisbury
22/02/2022,Preston,Nott'm Forest,0,0,D,G Eltringham
22/02/2022,Reading,Birmingham,2,1,H,S Hooper
19/02/2022,Fulham,Huddersfield,1,2,A,T Harrington
19/02/2022,Bristol City,Middlesbrough,2,1,H,L Doughty
19/02/2022,Cardiff,Blackpool,1,1,D,D Bond
19/02/2022,Coventry,Barnsley,1,0,H,J Smith
19/02/2022,Derby,Peterboro,1,0,H,J Linington
19/02/2022,Luton,West Brom,2,0,H,G Ward
19/02/2022,Preston,Reading,2,3,A,J Busby
19/02/2022,QPR,Hull,1,1,D,T Robinson
19/02/2022,Sheffield United,Swansea,4,0,H,D Webb
19/02/2022,Stoke,Birmingham,2,2,D,A Davies
16/02/2022,Peterboro,Reading,0,0,D,M Donohue
15/02/2022,Cardiff,Coventry,2,0,H,J Busby
15/02/2022,Millwall,QPR,2,0,H,J Linington
15/02/2022,Sheffield United,Hull,0,0,D,O Langford
14/02/2022,West Brom,Blackburn,0,0,D,J Brooks
13/02/2022,Swansea,Bristol City,3,1,H,K Stroud
12/02/2022,Huddersfield,Sheffield United,0,0,D,J Linington
12/02/2022,Barnsley,QPR,1,0,H,M Salisbury
12/02/2022,Birmingham,Luton,3,0,H,D Bond
12/02/2022,Blackpool,Bournemouth,1,2,A,D Whitestone
12/02/2022,Hull,Fulham,0,1,A,A Woolmer
12/02/2022,Middlesbrough,Derby,4,1,H,M Dean
12/02/2022,Millwall,Cardiff,2,1,H,S Martin
12/02/2022,Nott'm Forest,Stoke,2,2,D,L Doughty
12/02/2022,Peterboro,Preston,0,1,A,T Robinson
12/02/2022,Reading,Coventry,2,3,A,D Webb
9/02/2022,Blackburn,Nott'm Forest,0,2,A,J Smith
9/02/2022,Bournemouth,Birmingham,3,1,H,J Linington
9/02/2022,Bristol City,Reading,2,1,H,O Langford
9/02/2022,Cardiff,Peterboro,4,0,H,K Friend
9/02/2022,Preston,Huddersfield,0,0,D,R Jones
9/02/2022,QPR,Middlesbrough,2,2,D,D Whitestone
9/02/2022,Sheffield United,West Brom,2,0,H,L Doughty
8/02/2022,Coventry,Blackpool,1,1,D,A Marriner
8/02/2022,Derby,Hull,3,1,H,G Eltringham
8/02/2022,Fulham,Millwall,3,0,H,M Donohue
8/02/2022,Luton,Barnsley,2,1,H,A Davies
8/02/2022,Stoke,Swansea,3,0,H,J Simpson
5/02/2022,Blackpool,Bristol City,3,1,H,J Linington
5/02/2022,Hull,Preston,0,1,A,D Bond
5/02/2022,Swansea,Blackburn,1,0,H,T Robinson
4/02/2022,Birmingham,Sheffield United,1,2,A,K Stroud
2/02/2022,Barnsley,Cardiff,0,1,A,G Eltringham
2/02/2022,Huddersfield,Derby,2,0,H,M Donohue
1/02/2022,Millwall,Preston,0,0,D,K Friend
1/02/2022,Swansea,Luton,0,1,A,O Langford
30/01/2022,Derby,Birmingham,2,2,D,J Brooks
30/01/2022,Cardiff,Nott'm Forest,2,1,H,D Webb
29/01/2022,Barnsley,Bournemouth,0,1,A,A Marriner
29/01/2022,Fulham,Blackpool,1,1,D,P Bankes
29/01/2022,Hull,Swansea,2,0,H,L Doughty
29/01/2022,Luton,Blackburn,0,0,D,J Linington
29/01/2022,Middlesbrough,Coventry,1,0,H,M Donohue
29/01/2022,Millwall,West Brom,2,0,H,J Smith
29/01/2022,Preston,Bristol City,2,2,D,J Busby
29/01/2022,QPR,Reading,4,0,H,J Simpson
29/01/2022,Peterboro,Sheffield United,0,2,A,D Whitestone
28/01/2022,Huddersfield,Stoke,1,1,D,G Ward
26/01/2022,West Brom,Preston,0,2,A,K Stroud
25/01/2022,Birmingham,Peterboro,2,2,D,O Langford
25/01/2022,Coventry,Stoke,1,0,H,J Brooks
25/01/2022,Luton,Bristol City,2,1,H,A Davies
25/01/2022,Nott'm Forest,Barnsley,3,0,H,M Salisbury
25/01/2022,QPR,Swansea,0,0,D,A Davies
24/01/2022,Blackburn,Middlesbrough,1,0,H,D England
22/01/2022,Bristol City,Cardiff,3,2,H,G Ward
22/01/2022,Nott'm Forest,Derby,2,1,H,T Robinson
22/01/2022,Birmingham,Barnsley,2,1,H,T Harrington
22/01/2022,Blackpool,Millwall,1,0,H,D Webb
22/01/2022,Bournemouth,Hull,0,1,A,M Donohue
22/01/2022,Coventry,QPR,1,2,A,A Woolmer
22/01/2022,Reading,Huddersfield,3,4,A,R Jones
22/01/2022,Sheffield United,Luton,2,0,H,S Martin
22/01/2022,Stoke,Fulham,2,3,A,D Whitestone
22/01/2022,Swansea,Preston,1,0,H,J Smith
22/01/2022,West Brom,Peterboro,3,0,H,J Simpson
19/01/2022,Hull,Blackburn,2,0,H,T Bramall
19/01/2022,Reading,Luton,0,2,A,T Robinson
18/01/2022,Fulham,Birmingham,6,2,H,G Ward
18/01/2022,Preston,Sheffield United,2,2,D,D Webb
16/01/2022,Hull,Stoke,0,2,A,J Smith
15/01/2022,Cardiff,Blackburn,0,1,A,M Donohue
15/01/2022,Luton,Bournemouth,3,2,H,L Doughty
15/01/2022,Derby,Sheffield United,2,0,H,G Scott
15/01/2022,Fulham,Bristol City,6,2,H,T Robinson
15/01/2022,Huddersfield,Swansea,1,1,D,D Webb
15/01/2022,Middlesbrough,Reading,2,1,H,J Linington
15/01/2022,Millwall,Nott'm Forest,0,1,A,P Bankes
15/01/2022,Peterboro,Coventry,1,4,A,K Stroud
15/01/2022,Preston,Birmingham,1,1,D,A Davies
15/01/2022,QPR,West Brom,1,0,H,S Hooper
11/01/2022,Reading,Fulham,0,7,A,T Harrington
3/01/2022,Reading,Derby,2,2,D,J Busby
3/01/2022,Stoke,Preston,1,2,A,J Simpson
2/01/2022,Bristol City,Millwall,3,2,H,S Hooper
2/01/2022,Birmingham,QPR,1,2,A,M Donohue
2/01/2022,Blackburn,Huddersfield,0,0,D,K Stroud
2/01/2022,West Brom,Cardiff,1,1,D,T Bramall
1/01/2022,Blackpool,Hull,1,0,H,D Whitestone
30/12/2021,Bournemouth,Cardiff,3,0,H,J Linington
30/12/2021,Bristol City,QPR,1,2,A,A Davies
30/12/2021,Nott'm Forest,Huddersfield,0,1,A,G Ward
30/12/2021,Stoke,Derby,1,2,A,M Donohue
29/12/2021,Blackburn,Barnsley,2,1,H,D Whitestone
29/12/2021,Blackpool,Middlesbrough,1,2,A,S Martin
29/12/2021,Coventry,Millwall,0,1,A,G Eltringham
27/12/2021,Derby,West Brom,1,0,H,J Linington
27/12/2021,QPR,Bournemouth,0,1,A,K Stroud
26/12/2021,Huddersfield,Blackpool,3,2,H,J Simpson
26/12/2021,Middlesbrough,Nott'm Forest,2,0,H,J Smith
20/12/2021,Fulham,Sheffield United,0,1,A,J Linington
18/12/2021,Middlesbrough,Bournemouth,1,0,H,C Kavanagh
18/12/2021,Blackburn,Birmingham,4,0,H,G Eltringham
18/12/2021,Blackpool,Peterboro,3,1,H,D Webb
18/12/2021,Bristol City,Huddersfield,2,3,A,D Whitestone
18/12/2021,Nott'm Forest,Hull,2,1,H,J Busby
17/12/2021,Barnsley,West Brom,0,0,D,T Robinson
11/12/2021,Huddersfield,Coventry,1,1,D,J Smith
11/12/2021,Birmingham,Cardiff,2,2,D,J Simpson
11/12/2021,Bournemouth,Blackburn,0,2,A,S Hooper
11/12/2021,Derby,Blackpool,1,0,H,A Woolmer
11/12/2021,Hull,Bristol City,2,2,D,G Ward
11/12/2021,Luton,Fulham,1,1,D,T Bramall
11/12/2021,Peterboro,Millwall,2,1,H,L Doughty
11/12/2021,Preston,Barnsley,2,1,H,K Stroud
11/12/2021,Stoke,Middlesbrough,0,0,D,M Salisbury
11/12/2021,Swansea,Nott'm Forest,1,4,A,M Donohue
11/12/2021,West Brom,Reading,1,0,H,G Webb
5/12/2021,QPR,Stoke,0,2,A,T Harrington
4/12/2021,Coventry,West Brom,1,2,A,K Stroud
4/12/2021,Barnsley,Huddersfield,1,1,D,M Donohue
4/12/2021,Blackburn,Preston,1,0,H,G Ward
4/12/2021,Blackpool,Luton,0,3,A,P Bankes
4/12/2021,Bristol City,Derby,1,0,H,G Scott
4/12/2021,Cardiff,Sheffield United,2,3,A,J Busby
4/12/2021,Middlesbrough,Swansea,1,0,H,A Davies
4/12/2021,Millwall,Birmingham,3,1,H,A Woolmer
4/12/2021,Nott'm Forest,Peterboro,2,0,H,T Bramall
4/12/2021,Reading,Hull,1,1,D,S Martin
3/12/2021,Fulham,Bournemouth,1,1,D,T Robinson
29/11/2021,Derby,QPR,1,2,A,J Simpson
28/11/2021,Sheffield United,Bristol City,2,0,H,G Eltringham
27/11/2021,Preston,Fulham,1,1,D,C Kavanagh
27/11/2021,Birmingham,Blackpool,1,0,H,M Donohue
27/11/2021,Bournemouth,Coventry,2,2,D,D Coote
27/11/2021,Huddersfield,Middlesbrough,1,2,A,T Bramall
27/11/2021,Hull,Millwall,2,1,H,J Smith
27/11/2021,Luton,Cardiff,1,2,A,O Langford
27/11/2021,Peterboro,Barnsley,0,0,D,J Busby
27/11/2021,Stoke,Blackburn,0,1,A,T Robinson
27/11/2021,Swansea,Reading,2,3,A,T Harrington
26/11/2021,West Brom,Nott'm Forest,0,0,D,G Ward
24/11/2021,Barnsley,Swansea,0,2,A,D Webb
24/11/2021,Blackburn,Peterboro,4,0,H,J Brooks
24/11/2021,Bristol City,Stoke,1,0,H,O Langford
24/11/2021,Cardiff,Hull,0,1,A,T Bramall
24/11/2021,Fulham,Derby,0,0,D,G Eltringham
24/11/2021,Millwall,Bournemouth,1,1,D,D Whitestone
24/11/2021,QPR,Huddersfield,1,0,H,G Scott
23/11/2021,Blackpool,West Brom,0,0,D,J Gillett
23/11/2021,Coventry,Birmingham,0,0,D,L Doughty
23/11/2021,Middlesbrough,Preston,1,2,A,A Woolmer
23/11/2021,Nott'm Forest,Luton,0,0,D,J Simpson
23/11/2021,Reading,Sheffield United,0,1,A,A Davies
21/11/2021,Derby,Bournemouth,3,2,H,G Ward
20/11/2021,Sheffield United,Coventry,0,0,D,M Salisbury
20/11/2021,Bristol City,Blackburn,1,1,D,J Busby
20/11/2021,Fulham,Barnsley,4,1,H,J Smith
20/11/2021,Huddersfield,West Brom,1,0,H,T Robinson
20/11/2021,Hull,Birmingham,2,0,H,T Harrington
20/11/2021,Middlesbrough,Millwall,1,1,D,O Langford
20/11/2021,Preston,Cardiff,1,2,A,L Doughty
20/11/2021,Reading,Nott'm Forest,1,1,D,A Woolmer
20/11/2021,Stoke,Peterboro,2,0,H,G Eltringham
20/11/2021,Swansea,Blackpool,1,1,D,K Stroud
19/11/2021,QPR,Luton,2,0,H,M Donohue
6/11/2021,Barnsley,Hull,0,2,A,S Martin
6/11/2021,Blackburn,Sheffield United,3,1,H,O Langford
6/11/2021,Bournemouth,Swansea,4,0,H,T Harrington
6/11/2021,Cardiff,Huddersfield,2,1,H,D Webb
6/11/2021,Coventry,Bristol City,3,2,H,J Simpson
6/11/2021,Luton,Stoke,0,1,A,J Moss
6/11/2021,Millwall,Derby,1,1,D,T Robinson
6/11/2021,Nott'm Forest,Preston,3,0,H,S Hooper
6/11/2021,Peterboro,Fulham,0,1,A,D Whitestone
6/11/2021,West Brom,Middlesbrough,1,1,D,M Donohue
6/11/2021,Birmingham,Reading,1,2,A,T Bramall
6/11/2021,Blackpool,QPR,1,1,D,J Smith
3/11/2021,Barnsley,Derby,2,1,H,R Jones
3/11/2021,Blackburn,Fulham,0,7,A,J Gillett
3/11/2021,Blackpool,Stoke,0,1,A,J Busby
3/11/2021,Bournemouth,Preston,1,2,A,D Webb
3/11/2021,Cardiff,QPR,0,1,A,A Woolmer
3/11/2021,West Brom,Hull,1,0,H,D Whitestone
2/11/2021,Birmingham,Bristol City,3,0,H,S Hooper
2/11/2021,Coventry,Swansea,1,2,A,A Davies
2/11/2021,Luton,Middlesbrough,3,1,H,T Robinson
2/11/2021,Millwall,Reading,1,0,H,G Ward
2/11/2021,Nott'm Forest,Sheffield United,1,1,D,L Doughty
2/11/2021,Peterboro,Huddersfield,1,1,D,K Stroud
30/10/2021,Fulham,West Brom,3,0,H,M Salisbury
30/10/2021,Bristol City,Barnsley,2,1,H,T Bramall
30/10/2021,Derby,Blackburn,1,2,A,S Martin
30/10/2021,Huddersfield,Millwall,1,0,H,G Eltringham
30/10/2021,Hull,Coventry,0,1,A,D Webb
30/10/2021,Middlesbrough,Birmingham,0,2,A,J Smith
30/10/2021,Preston,Luton,2,0,H,D Whitestone
30/10/2021,Sheffield United,Blackpool,0,1,A,T Harrington
30/10/2021,Stoke,Cardiff,3,3,D,J Brooks
30/10/2021,Swansea,Peterboro,3,0,H,M Donohue
30/10/2021,Reading,Bournemouth,0,2,A,O Langford
29/10/2021,QPR,Nott'm Forest,1,1,D,A Davies
24/10/2021,Barnsley,Sheffield United,2,3,A,G Ward
24/10/2021,Nott'm Forest,Fulham,0,4,A,J Linington
23/10/2021,Cardiff,Middlesbrough,0,2,A,J Simpson
23/10/2021,Birmingham,Swansea,2,1,H,O Langford
23/10/2021,Blackburn,Reading,2,0,H,T Harrington
23/10/2021,Blackpool,Preston,2,0,H,T Robinson
23/10/2021,Bournemouth,Huddersfield,3,0,H,J Brooks
23/10/2021,Coventry,Derby,1,1,D,D Whitestone
23/10/2021,Luton,Hull,1,0,H,J Busby
23/10/2021,Millwall,Stoke,2,1,H,A Davies
23/10/2021,Peterboro,QPR,2,1,H,J Gillett
23/10/2021,West Brom,Bristol City,3,0,H,J Smith
20/10/2021,Fulham,Cardiff,2,0,H,T Robinson
20/10/2021,Huddersfield,Birmingham,0,0,D,A Woolmer
20/10/2021,Hull,Peterboro,1,2,A,L Doughty
20/10/2021,Middlesbrough,Barnsley,2,0,H,A Madley
20/10/2021,Preston,Coventry,2,1,H,D England
20/10/2021,Swansea,West Brom,2,1,H,S Hooper
20/10/2021,Reading,Blackpool,2,3,A,J Simpson
19/10/2021,Bristol City,Nott'm Forest,1,2,A,S Martin
19/10/2021,Derby,Luton,2,2,D,G Eltringham
19/10/2021,QPR,Blackburn,1,0,H,D Webb
19/10/2021,Sheffield United,Millwall,1,2,A,M Donohue
19/10/2021,Stoke,Bournemouth,0,1,A,D Whitestone
17/10/2021,Swansea,Cardiff,3,0,H,J Linington
16/10/2021,Fulham,QPR,4,1,H,O Langford
16/10/2021,Blackburn,Coventry,2,2,D,M Donohue
16/10/2021,Bristol City,Bournemouth,0,2,A,G Ward
16/10/2021,Huddersfield,Hull,2,0,H,R Jones
16/10/2021,Middlesbrough,Peterboro,2,0,H,J Busby
16/10/2021,Millwall,Luton,0,2,A,C Kavanagh
16/10/2021,Nott'm Forest,Blackpool,2,1,H,K Friend
16/10/2021,Preston,Derby,0,0,D,J Smith
16/10/2021,Reading,Barnsley,1,0,H,A Davies
16/10/2021,Sheffield United,Stoke,2,1,H,K Stroud
15/10/2021,West Brom,Birmingham,1,0,H,J Simpson
2/10/2021,Coventry,Fulham,4,1,H,G Ward
2/10/2021,Barnsley,Millwall,0,1,A,D Webb
2/10/2021,Birmingham,Nott'm Forest,0,3,A,K Stroud
2/10/2021,Blackpool,Blackburn,2,1,H,J Smith
2/10/2021,Bournemouth,Sheffield United,2,1,H,R Jones
2/10/2021,Cardiff,Reading,0,1,A,T Bramall
2/10/2021,Derby,Swansea,0,0,D,A Madley
2/10/2021,Hull,Middlesbrough,2,0,H,A Davies
2/10/2021,Luton,Huddersfield,0,0,D,L Doughty
2/10/2021,Peterboro,Bristol City,2,3,A,D Coote
2/10/2021,QPR,Preston,3,2,H,J Simpson
1/10/2021,Stoke,West Brom,1,0,H,T Robinson
29/09/2021,Barnsley,Nott'm Forest,1,3,A,G Eltringham
29/09/2021,Derby,Reading,1,0,H,J Busby
29/09/2021,Fulham,Swansea,3,1,H,J Smith
29/09/2021,Luton,Coventry,5,0,H,S Martin
29/09/2021,Millwall,Bristol City,1,0,H,D Whitestone
29/09/2021,Peterboro,Bournemouth,0,0,D,A Woolmer
28/09/2021,Cardiff,West Brom,0,4,A,G Scott
28/09/2021,Huddersfield,Blackburn,3,2,H,J Simpson
28/09/2021,Hull,Blackpool,1,1,D,M Donohue
28/09/2021,Middlesbrough,Sheffield United,2,0,H,J Linington
28/09/2021,Preston,Stoke,1,1,D,J Brooks
28/09/2021,QPR,Birmingham,2,0,H,M Salisbury
25/09/2021,Reading,Middlesbrough,1,0,H,P Bankes
25/09/2021,Birmingham,Preston,0,0,D,M Donohue
25/09/2021,Blackburn,Cardiff,5,1,H,K Stroud
25/09/2021,Blackpool,Barnsley,1,0,H,S Martin
25/09/2021,Bournemouth,Luton,2,1,H,T Robinson
25/09/2021,Bristol City,Fulham,1,1,D,S Hooper
25/09/2021,Nott'm Forest,Millwall,1,1,D,J Simpson
25/09/2021,Sheffield United,Derby,1,0,H,D Webb
25/09/2021,Stoke,Hull,2,0,H,T Bramall
25/09/2021,Swansea,Huddersfield,1,0,H,G Ward
24/09/2021,Coventry,Peterboro,3,0,H,G Eltringham
24/09/2021,West Brom,QPR,2,1,H,J Linington
18/09/2021,Hull,Sheffield United,1,3,A,D Whitestone
18/09/2021,Barnsley,Blackburn,0,0,D,A Woolmer
18/09/2021,Cardiff,Bournemouth,0,1,A,J Smith
18/09/2021,Derby,Stoke,2,1,H,J Simpson
18/09/2021,Fulham,Reading,1,2,A,S Martin
18/09/2021,Huddersfield,Nott'm Forest,0,2,A,C Kavanagh
18/09/2021,Luton,Swansea,3,3,D,T Harrington
18/09/2021,Middlesbrough,Blackpool,1,2,A,D Webb
18/09/2021,Millwall,Coventry,1,1,D,K Stroud
18/09/2021,Peterboro,Birmingham,3,0,H,J Gillett
18/09/2021,Preston,West Brom,1,1,D,A Davies
18/09/2021,QPR,Bristol City,1,2,A,L Doughty
15/09/2021,Birmingham,Fulham,1,4,A,D Webb
15/09/2021,Bristol City,Luton,1,1,D,J Simpson
15/09/2021,Coventry,Cardiff,1,0,H,M Salisbury
15/09/2021,Nott'm Forest,Middlesbrough,0,2,A,A Woolmer
15/09/2021,Stoke,Barnsley,1,1,D,L Doughty
15/09/2021,Swansea,Millwall,0,0,D,J Busby
14/09/2021,Blackburn,Hull,2,0,H,J Brooks
14/09/2021,Blackpool,Huddersfield,0,3,A,T Bramall
14/09/2021,Bournemouth,QPR,2,1,H,K Stroud
14/09/2021,Sheffield United,Preston,2,2,D,G Eltringham
14/09/2021,Reading,Peterboro,3,1,H,T Robinson
14/09/2021,West Brom,Derby,0,0,D,K Friend
12/09/2021,Nott'm Forest,Cardiff,1,2,A,D Whitestone
11/09/2021,Blackburn,Luton,2,2,D,O Langford
11/09/2021,Blackpool,Fulham,1,0,H,J Busby
11/09/2021,Bournemouth,Barnsley,3,0,H,J Linington
11/09/2021,Bristol City,Preston,0,0,D,T Robinson
11/09/2021,Coventry,Middlesbrough,2,0,H,L Doughty
11/09/2021,Reading,QPR,3,3,D,G Eltringham
11/09/2021,Sheffield United,Peterboro,6,2,H,S Martin
11/09/2021,Stoke,Huddersfield,2,1,H,J Smith
11/09/2021,Swansea,Hull,0,0,D,K Stroud
11/09/2021,West Brom,Millwall,1,1,D,A Woolmer
10/09/2021,Birmingham,Derby,2,0,H,G Ward
28/08/2021,Cardiff,Bristol City,1,2,A,D Webb
28/08/2021,Derby,Nott'm Forest,1,1,D,T Robinson
28/08/2021,Barnsley,Birmingham,1,1,D,M Donohue
28/08/2021,Fulham,Stoke,3,0,H,J Gillett
28/08/2021,Huddersfield,Reading,4,0,H,L Doughty
28/08/2021,Hull,Bournemouth,0,0,D,G Eltringham
28/08/2021,Luton,Sheffield United,0,0,D,A Davies
28/08/2021,Middlesbrough,Blackburn,1,1,D,M Salisbury
28/08/2021,Millwall,Blackpool,2,1,H,G Ward
28/08/2021,Preston,Swansea,3,1,H,T Bramall
28/08/2021,QPR,Coventry,2,0,H,D Whitestone
28/08/2021,Peterboro,West Brom,0,1,A,J Linington
21/08/2021,QPR,Barnsley,2,2,D,G Ward
21/08/2021,Blackburn,West Brom,1,2,A,T Harrington
21/08/2021,Bournemouth,Blackpool,2,2,D,S Martin
21/08/2021,Cardiff,Millwall,3,1,H,J Linington
21/08/2021,Coventry,Reading,2,1,H,D Webb
21/08/2021,Derby,Middlesbrough,0,0,D,A Davies
21/08/2021,Fulham,Hull,2,0,H,T Robinson
21/08/2021,Luton,Birmingham,0,5,A,J Busby
21/08/2021,Preston,Peterboro,1,0,H,D Whitestone
21/08/2021,Sheffield United,Huddersfield,1,2,A,M Salisbury
21/08/2021,Stoke,Nott'm Forest,1,0,H,O Langford
20/08/2021,Bristol City,Swansea,0,1,A,G Eltringham
18/08/2021,Birmingham,Bournemouth,0,2,A,A Davies
18/08/2021,Hull,Derby,0,1,A,D Whitestone
18/08/2021,Middlesbrough,QPR,2,3,A,S Martin
18/08/2021,Nott'm Forest,Blackburn,1,2,A,G Ward
18/08/2021,West Brom,Sheffield United,4,0,H,M Donohue
17/08/2021,Barnsley,Luton,0,1,A,O Langford
17/08/2021,Blackpool,Coventry,0,1,A,K Stroud
17/08/2021,Huddersfield,Preston,1,0,H,J Linington
17/08/2021,Millwall,Fulham,1,2,A,G Eltringham
17/08/2021,Peterboro,Cardiff,2,2,D,T Bramall
17/08/2021,Swansea,Stoke,1,3,A,J Smith
17/08/2021,Reading,Bristol City,2,3,A,A Woolmer
14/08/2021,Peterboro,Derby,2,1,H,D Webb
14/08/2021,Barnsley,Coventry,1,0,H,J Busby
14/08/2021,Birmingham,Stoke,0,0,D,G Ward
14/08/2021,Blackpool,Cardiff,0,2,A,A Woolmer
14/08/2021,Huddersfield,Fulham,1,5,A,D Whitestone
14/08/2021,Hull,QPR,0,3,A,M Donohue
14/08/2021,Middlesbrough,Bristol City,2,1,H,O Langford
14/08/2021,Millwall,Blackburn,1,1,D,A Davies
14/08/2021,Nott'm Forest,Bournemouth,1,2,A,G Eltringham
14/08/2021,Reading,Preston,2,1,H,J Smith
14/08/2021,West Brom,Luton,3,2,H,T Robinson
14/08/2021,Swansea,Sheffield United,0,0,D,K Stroud
8/08/2021,Fulham,Middlesbrough,1,1,D,K Stroud
8/08/2021,Coventry,Nott'm Forest,2,1,H,J Linington
7/08/2021,Blackburn,Swansea,2,1,H,D Webb
7/08/2021,Bristol City,Blackpool,1,1,D,A Davies
7/08/2021,Cardiff,Barnsley,1,1,D,S Martin
7/08/2021,Derby,Huddersfield,1,1,D,G Eltringham
7/08/2021,Luton,Peterboro,3,0,H,A Woolmer
7/08/2021,Preston,Hull,1,4,A,G Ward
7/08/2021,QPR,Millwall,1,1,D,O Langford
7/08/2021,Stoke,Reading,3,2,H,M Donohue
7/08/2021,Sheffield United,Birmingham,0,1,A,T Robinson
6/08/2021,Bournemouth,West Brom,2,2,D,D Whitestone
8/05/2021,Barnsley,Norwich,2,2,D,J Smith
8/05/2021,Blackburn,Birmingham,5,2,H,K Stroud
8/05/2021,Bournemouth,Stoke,0,2,A,D Webb
8/05/2021,Bristol City,Brentford,1,3,A,J Linington
8/05/2021,Cardiff,Rotherham,1,1,D,G Scott
8/05/2021,Coventry,Millwall,6,1,H,M Salisbury
8/05/2021,Derby,Sheffield Weds,3,3,D,M Dean
8/05/2021,Middlesbrough,Wycombe,0,3,A,M Atkinson
8/05/2021,Nott'm Forest,Preston,1,2,A,D Bond
8/05/2021,QPR,Luton,3,1,H,T Harrington
8/05/2021,Reading,Huddersfield,2,2,D,J Gillett
8/05/2021,Watford,Swansea,2,0,H,G Eltringham
4/05/2021,Luton,Rotherham,0,0,D,D Whitestone
1/05/2021,Sheffield Weds,Nott'm Forest,0,0,D,T Robinson
1/05/2021,Birmingham,Cardiff,0,4,A,A Davies
1/05/2021,Brentford,Watford,2,0,H,L Mason
1/05/2021,Huddersfield,Coventry,1,1,D,K Stroud
1/05/2021,Luton,Middlesbrough,1,1,D,J Simpson
1/05/2021,Millwall,Bristol City,4,1,H,J Smith
1/05/2021,Norwich,Reading,4,1,H,O Langford
1/05/2021,Preston,Barnsley,2,0,H,M Donohue
1/05/2021,Rotherham,Blackburn,1,1,D,T Harrington
1/05/2021,Stoke,QPR,0,2,A,C Pawson
1/05/2021,Swansea,Derby,2,1,H,D Bond
1/05/2021,Wycombe,Bournemouth,1,0,H,G Eltringham
27/04/2021,Brentford,Rotherham,1,0,H,M Salisbury
25/04/2021,Reading,Swansea,2,2,D,J Brooks
25/04/2021,Bristol City,Luton,2,3,A,J Busby
24/04/2021,Bournemouth,Brentford,0,1,A,J Brooks
24/04/2021,Barnsley,Rotherham,1,0,H,G Ward
24/04/2021,Blackburn,Huddersfield,5,2,H,T Robinson
24/04/2021,Cardiff,Wycombe,2,1,H,M Donohue
24/04/2021,Coventry,Preston,0,1,A,A Woolmer
24/04/2021,Derby,Birmingham,1,2,A,R Jones
24/04/2021,Middlesbrough,Sheffield Weds,3,1,H,J Gillett
24/04/2021,Nott'm Forest,Stoke,1,1,D,A Davies
24/04/2021,QPR,Norwich,1,3,A,J Linington
24/04/2021,Watford,Millwall,1,0,H,D Whitestone
21/04/2021,Millwall,Bournemouth,1,4,A,K Stroud
21/04/2021,Rotherham,Middlesbrough,1,2,A,D Bond
21/04/2021,Stoke,Coventry,2,3,A,O Langford
21/04/2021,Wycombe,Bristol City,2,1,H,D Whitestone
21/04/2021,Birmingham,Nott'm Forest,1,1,D,J Simpson
21/04/2021,Huddersfield,Barnsley,0,1,A,D Webb
21/04/2021,Luton,Reading,0,0,D,M Salisbury
20/04/2021,Brentford,Cardiff,1,1,D,D England
20/04/2021,Norwich,Watford,0,1,A,T Robinson
20/04/2021,Preston,Derby,3,0,H,G Eltringham
20/04/2021,Sheffield Weds,Blackburn,1,0,H,P Tierney
20/04/2021,Swansea,QPR,0,1,A,J Gillett
18/04/2021,Rotherham,Birmingham,0,1,A,T Robinson
18/04/2021,Coventry,Barnsley,2,0,H,L Mason
17/04/2021,Brentford,Millwall,0,0,D,D Bond
17/04/2021,Luton,Watford,1,0,H,G Ward
17/04/2021,Middlesbrough,QPR,1,2,A,M Donohue
17/04/2021,Nott'm Forest,Huddersfield,0,2,A,A Woolmer
17/04/2021,Sheffield Weds,Bristol City,1,1,D,T Harrington
17/04/2021,Stoke,Preston,0,0,D,J Linington
17/04/2021,Swansea,Wycombe,2,2,D,K Stroud
17/04/2021,Norwich,Bournemouth,1,3,A,G Scott
16/04/2021,Blackburn,Derby,2,1,H,S Martin
16/04/2021,Reading,Cardiff,1,1,D,J Brooks
15/04/2021,Rotherham,Coventry,0,1,A,J Gillett
13/04/2021,Huddersfield,Bournemouth,1,2,A,J Simpson
13/04/2021,Sheffield Weds,Swansea,0,2,A,M Donohue
13/04/2021,Rotherham,QPR,3,1,H,D Whitestone
10/04/2021,Millwall,Swansea,0,3,A,R Jones
10/04/2021,Barnsley,Middlesbrough,2,0,H,K Stroud
10/04/2021,Birmingham,Stoke,2,0,H,G Eltringham
10/04/2021,Bournemouth,Coventry,4,1,H,D Webb
10/04/2021,Bristol City,Nott'm Forest,0,0,D,S Martin
10/04/2021,Cardiff,Blackburn,2,2,D,J Simpson
10/04/2021,Derby,Norwich,0,1,A,M Salisbury
10/04/2021,Huddersfield,Rotherham,0,0,D,L Mason
10/04/2021,Preston,Brentford,0,5,A,T Harrington
10/04/2021,QPR,Sheffield Weds,4,1,H,J Brooks
10/04/2021,Wycombe,Luton,1,3,A,O Langford
9/04/2021,Watford,Reading,2,0,H,J Linington
6/04/2021,Brentford,Birmingham,0,0,D,D Whitestone
6/04/2021,Norwich,Huddersfield,7,0,H,J Gillett
5/04/2021,Middlesbrough,Watford,1,1,D,T Robinson
5/04/2021,Blackburn,Bournemouth,0,2,A,D Bond
5/04/2021,Coventry,Bristol City,3,1,H,G Eltringham
5/04/2021,Luton,Barnsley,1,2,A,M Donohue
5/04/2021,Nott'm Forest,QPR,3,1,H,K Stroud
5/04/2021,Reading,Derby,3,1,H,J Moss
5/04/2021,Rotherham,Wycombe,0,3,A,J Linington
5/04/2021,Stoke,Millwall,1,2,A,G Ward
5/04/2021,Swansea,Preston,0,1,A,P Bankes
5/04/2021,Sheffield Weds,Cardiff,5,0,H,D Webb
3/04/2021,Huddersfield,Brentford,1,1,D,O Langford
2/04/2021,Bournemouth,Middlesbrough,3,1,H,S Hooper
2/04/2021,Bristol City,Stoke,0,2,A,M Salisbury
2/04/2021,Cardiff,Nott'm Forest,0,1,A,G Ward
2/04/2021,Derby,Luton,2,0,H,A Woolmer
2/04/2021,Millwall,Rotherham,1,0,H,J Brooks
2/04/2021,Preston,Norwich,1,1,D,D Whitestone
2/04/2021,QPR,Coventry,3,0,H,J Simpson
2/04/2021,Watford,Sheffield Weds,1,0,H,C Kavanagh
2/04/2021,Wycombe,Blackburn,1,0,H,D Webb
2/04/2021,Barnsley,Reading,1,1,D,G Eltringham
2/04/2021,Birmingham,Swansea,1,0,H,T Harrington
20/03/2021,Brentford,Nott'm Forest,1,1,D,G Scott
20/03/2021,Barnsley,Sheffield Weds,1,2,A,T Robinson
20/03/2021,Bristol City,Rotherham,0,2,A,M Donohue
20/03/2021,Coventry,Wycombe,0,0,D,T Harrington
20/03/2021,Millwall,Middlesbrough,1,0,H,J Linington
20/03/2021,Norwich,Blackburn,1,1,D,K Stroud
20/03/2021,Preston,Luton,0,1,A,T Bramall
20/03/2021,Reading,QPR,1,1,D,D Whitestone
20/03/2021,Stoke,Derby,1,0,H,J Gillett
20/03/2021,Watford,Birmingham,3,0,H,D Bond
20/03/2021,Swansea,Cardiff,0,1,A,P Tierney
17/03/2021,Nott'm Forest,Norwich,0,2,A,L Doughty
17/03/2021,QPR,Millwall,3,2,H,J Gillett
17/03/2021,Wycombe,Barnsley,1,3,A,D Bond
17/03/2021,Birmingham,Reading,2,1,H,A Woolmer
17/03/2021,Blackburn,Bristol City,0,0,D,C Hicks
17/03/2021,Sheffield Weds,Huddersfield,1,1,D,R Jones
16/03/2021,Cardiff,Stoke,0,0,D,G Scott
16/03/2021,Derby,Brentford,2,2,D,D Webb
16/03/2021,Luton,Coventry,2,0,H,S Martin
16/03/2021,Middlesbrough,Preston,2,0,H,O Langford
16/03/2021,Rotherham,Watford,1,4,A,J Simpson
16/03/2021,Bournemouth,Swansea,3,0,H,J Linington
14/03/2021,Sheffield Weds,Norwich,1,2,A,T Harrington
13/03/2021,Luton,Swansea,0,1,A,D Bond
13/03/2021,Birmingham,Bristol City,0,3,A,J Gillett
13/03/2021,Bournemouth,Barnsley,2,3,A,J Brooks
13/03/2021,Cardiff,Watford,1,2,A,K Stroud
13/03/2021,Derby,Millwall,0,1,A,D England
13/03/2021,Middlesbrough,Stoke,3,0,H,A Madley
13/03/2021,Nott'm Forest,Reading,1,1,D,S Martin
13/03/2021,QPR,Huddersfield,0,1,A,M Salisbury
13/03/2021,Wycombe,Preston,1,0,H,T Robinson
12/03/2021,Blackburn,Brentford,0,1,A,G Eltringham
10/03/2021,Barnsley,Derby,0,0,D,K Stroud
9/03/2021,Blackburn,Swansea,1,1,D,R Jones
9/03/2021,QPR,Wycombe,1,0,H,S Hooper
6/03/2021,Watford,Nott'm Forest,1,0,H,J Moss
6/03/2021,Barnsley,Birmingham,1,0,H,G Scott
6/03/2021,Bristol City,QPR,0,2,A,T Harrington
6/03/2021,Coventry,Derby,1,0,H,J Brooks
6/03/2021,Millwall,Blackburn,0,2,A,M Donohue
6/03/2021,Norwich,Luton,3,0,H,D Webb
6/03/2021,Preston,Bournemouth,1,1,D,J Gillett
6/03/2021,Reading,Sheffield Weds,3,0,H,J Linington
6/03/2021,Stoke,Wycombe,2,0,H,A Woolmer
6/03/2021,Swansea,Middlesbrough,2,1,H,G Ward
5/03/2021,Huddersfield,Cardiff,0,0,D,T Robinson
3/03/2021,Norwich,Brentford,1,0,H,T Robinson
3/03/2021,QPR,Barnsley,1,3,A,A Woolmer
3/03/2021,Watford,Wycombe,2,0,H,G Eltringham
3/03/2021,Bristol City,Bournemouth,1,2,A,S Hooper
3/03/2021,Sheffield Weds,Rotherham,1,2,A,D Bond
3/03/2021,Stoke,Swansea,1,2,A,D Webb
2/03/2021,Cardiff,Derby,4,0,H,D Whitestone
2/03/2021,Coventry,Middlesbrough,1,2,A,G Scott
2/03/2021,Huddersfield,Birmingham,1,1,D,M Donohue
2/03/2021,Millwall,Preston,2,1,H,K Stroud
2/03/2021,Nott'm Forest,Luton,0,1,A,J Simpson
2/03/2021,Reading,Blackburn,1,0,H,G Ward
28/02/2021,Wycombe,Norwich,0,2,A,R Jones
27/02/2021,Bournemouth,Watford,1,0,H,T Harrington
27/02/2021,Barnsley,Millwall,2,1,H,L Doughty
27/02/2021,Birmingham,QPR,2,1,H,D Webb
27/02/2021,Blackburn,Coventry,1,1,D,D Bond
27/02/2021,Brentford,Stoke,2,1,H,J Brooks
27/02/2021,Luton,Sheffield Weds,3,2,H,M Salisbury
27/02/2021,Middlesbrough,Cardiff,1,1,D,J Gillett
27/02/2021,Preston,Huddersfield,3,0,H,J Linington
27/02/2021,Rotherham,Reading,0,1,A,D Coote
27/02/2021,Swansea,Bristol City,1,3,A,K Stroud
26/02/2021,Derby,Nott'm Forest,1,1,D,O Langford
24/02/2021,Barnsley,Stoke,2,0,H,D Bond
24/02/2021,Brentford,Sheffield Weds,3,0,H,J Simpson
24/02/2021,Swansea,Coventry,1,0,H,A Woolmer
24/02/2021,Blackburn,Watford,2,3,A,J Linington
24/02/2021,Bournemouth,Cardiff,1,2,A,G Ward
24/02/2021,Preston,QPR,0,0,D,D England
23/02/2021,Birmingham,Norwich,1,3,A,O Langford
23/02/2021,Derby,Huddersfield,2,0,H,G Eltringham
23/02/2021,Middlesbrough,Bristol City,1,3,A,T Robinson
23/02/2021,Luton,Millwall,1,1,D,G Scott
23/02/2021,Rotherham,Nott'm Forest,0,1,A,M Donohue
23/02/2021,Wycombe,Reading,1,0,H,D Whitestone
20/02/2021,Coventry,Brentford,2,0,H,S Martin
20/02/2021,Bristol City,Barnsley,0,1,A,J Linington
20/02/2021,Cardiff,Preston,4,0,H,J Simpson
20/02/2021,Huddersfield,Swansea,4,1,H,J Brooks
20/02/2021,Millwall,Wycombe,0,0,D,J Gillett
20/02/2021,Norwich,Rotherham,1,0,H,T Harrington
20/02/2021,Nott'm Forest,Blackburn,1,0,H,K Stroud
20/02/2021,QPR,Bournemouth,2,1,H,D Bond
20/02/2021,Reading,Middlesbrough,0,2,A,D Webb
20/02/2021,Sheffield Weds,Birmingham,0,1,A,L Mason
20/02/2021,Stoke,Luton,3,0,H,R Jones
19/02/2021,Watford,Derby,2,1,H,T Robinson
17/02/2021,Coventry,Norwich,0,2,A,J Gillett
17/02/2021,Millwall,Birmingham,2,0,H,D Bond
17/02/2021,QPR,Brentford,2,1,H,G Ward
17/02/2021,Swansea,Nott'm Forest,1,0,H,G Eltringham
17/02/2021,Barnsley,Blackburn,2,1,H,M Donohue
17/02/2021,Bournemouth,Rotherham,1,0,H,K Stroud
16/02/2021,Preston,Watford,0,1,A,T Harrington
16/02/2021,Stoke,Sheffield Weds,1,0,H,J Linington
16/02/2021,Bristol City,Reading,0,2,A,O Langford
16/02/2021,Middlesbrough,Huddersfield,2,1,H,J Simpson
16/02/2021,Wycombe,Derby,1,2,A,K Friend
16/02/2021,Luton,Cardiff,0,2,A,T Robinson
14/02/2021,Brentford,Barnsley,0,2,A,D Coote
13/02/2021,Nott'm Forest,Bournemouth,0,0,D,C Kavanagh
13/02/2021,Birmingham,Luton,0,1,A,G Ward
13/02/2021,Cardiff,Coventry,3,1,H,J Linington
13/02/2021,Derby,Middlesbrough,2,1,H,M Donohue
13/02/2021,Huddersfield,Wycombe,2,3,A,K Stroud
13/02/2021,Norwich,Stoke,4,1,H,J Simpson
13/02/2021,Reading,Millwall,1,2,A,A Woolmer
13/02/2021,Watford,Bristol City,6,0,H,J Brooks
12/02/2021,Blackburn,Preston,1,2,A,D Webb
10/02/2021,Reading,Brentford,1,3,A,T Harrington
9/02/2021,Rotherham,Cardiff,1,2,A,G Eltringham
9/02/2021,Sheffield Weds,Wycombe,2,0,H,G Ward
6/02/2021,Coventry,Watford,0,0,D,G Scott
6/02/2021,Bournemouth,Birmingham,3,2,H,J Simpson
6/02/2021,Bristol City,Cardiff,0,2,A,J Gillett
6/02/2021,Luton,Huddersfield,1,1,D,L Doughty
6/02/2021,Middlesbrough,Brentford,1,4,A,D Bond
6/02/2021,Millwall,Sheffield Weds,4,1,H,G Eltringham
6/02/2021,Preston,Rotherham,1,2,A,G Ward
6/02/2021,QPR,Blackburn,1,0,H,T Harrington
6/02/2021,Stoke,Reading,0,0,D,T Robinson
6/02/2021,Wycombe,Nott'm Forest,0,3,A,J Linington
5/02/2021,Swansea,Norwich,2,0,H,S Hooper
3/02/2021,Rotherham,Derby,3,0,H,J Simpson
3/02/2021,Brentford,Bristol City,3,2,H,T Robinson
2/02/2021,Millwall,Norwich,0,0,D,S Martin
2/02/2021,Bournemouth,Sheffield Weds,1,2,A,A Woolmer
2/02/2021,Coventry,Nott'm Forest,1,2,A,T Harrington
2/02/2021,Wycombe,Birmingham,0,0,D,J Brooks
1/02/2021,Watford,QPR,1,2,A,J Gillett
30/01/2021,Norwich,Middlesbrough,0,0,D,k Stroud
30/01/2021,Birmingham,Coventry,1,1,D,G Eltringham
30/01/2021,Blackburn,Luton,1,0,H,J Simpson
30/01/2021,Brentford,Wycombe,7,2,H,M Salisbury
30/01/2021,Cardiff,Millwall,1,1,D,M Donohue
30/01/2021,Derby,Bristol City,1,0,H,D England
30/01/2021,Huddersfield,Stoke,1,1,D,G Ward
30/01/2021,Nott'm Forest,Barnsley,0,0,D,L Doughty
30/01/2021,Rotherham,Swansea,1,3,A,T Harrington
30/01/2021,Sheffield Weds,Preston,1,0,H,A Marriner
29/01/2021,Reading,Bournemouth,3,1,H,J Linington
27/01/2021,Barnsley,Cardiff,2,2,D,A Woolmer
27/01/2021,Coventry,Sheffield Weds,2,0,H,L Doughty
27/01/2021,Middlesbrough,Rotherham,0,3,A,M Salisbury
27/01/2021,Swansea,Brentford,1,1,D,J Brooks
26/01/2021,Bristol City,Huddersfield,2,1,H,S Martin
26/01/2021,Millwall,Watford,0,0,D,J Simpson
24/01/2021,Preston,Reading,0,0,D,G Eltringham
24/01/2021,Middlesbrough,Blackburn,0,1,A,D Whitestone
23/01/2021,QPR,Derby,0,1,A,T Robinson
22/01/2021,Stoke,Watford,1,2,A,O Langford
20/01/2021,Norwich,Bristol City,2,0,H,J Linington
20/01/2021,Brentford,Luton,1,0,H,S Martin
20/01/2021,Cardiff,QPR,0,1,A,D Bond
20/01/2021,Huddersfield,Millwall,0,1,A,P Bankes
20/01/2021,Nott'm Forest,Middlesbrough,1,2,A,A Woolmer
20/01/2021,Birmingham,Preston,0,1,A,T Harrington
19/01/2021,Derby,Bournemouth,1,0,H,O Langford
19/01/2021,Reading,Coventry,3,0,H,D Whitestone
19/01/2021,Rotherham,Stoke,3,3,D,M Donohue
19/01/2021,Watford,Barnsley,1,0,H,T Robinson
16/01/2021,Middlesbrough,Birmingham,0,1,A,D England
16/01/2021,Blackburn,Stoke,1,1,D,G Eltringham
16/01/2021,Bournemouth,Luton,0,1,A,D Webb
16/01/2021,Bristol City,Preston,2,0,H,D Whitestone
16/01/2021,Cardiff,Norwich,1,2,A,T Harrington
16/01/2021,Derby,Rotherham,0,1,A,J Linington
16/01/2021,Nott'm Forest,Millwall,3,1,H,K Stroud
16/01/2021,Watford,Huddersfield,2,0,H,M Salisbury
16/01/2021,Barnsley,Swansea,0,2,A,J Simpson
12/01/2021,Luton,QPR,0,2,A,A Woolmer
12/01/2021,Bournemouth,Millwall,1,1,D,T Robinson
2/01/2021,Birmingham,Blackburn,0,2,A,G Ward
2/01/2021,Huddersfield,Reading,1,2,A,J Simpson
2/01/2021,Millwall,Coventry,1,2,A,J Linington
2/01/2021,Norwich,Barnsley,1,0,H,M Salisbury
2/01/2021,Preston,Nott'm Forest,0,1,A,T Robinson
2/01/2021,Swansea,Watford,2,1,H,D Bond
2/01/2021,Wycombe,Middlesbrough,1,3,A,J Gillett
2/01/2021,Stoke,Bournemouth,0,1,A,J Brooks
1/01/2021,Sheffield Weds,Derby,1,0,H,M Donohue
30/12/2020,Brentford,Bournemouth,2,1,H,J Gillett
30/12/2020,Swansea,Reading,0,0,D,D Webb
29/12/2020,Birmingham,Derby,0,4,A,T Harrington
29/12/2020,Sheffield Weds,Middlesbrough,2,1,H,G Eltringham
29/12/2020,Huddersfield,Blackburn,2,1,H,M Donohue
29/12/2020,Luton,Bristol City,2,1,H,G Ward
29/12/2020,Norwich,QPR,1,1,D,O Langford
29/12/2020,Preston,Coventry,2,0,H,K Stroud
29/12/2020,Rotherham,Barnsley,1,2,A,S Martin
29/12/2020,Wycombe,Cardiff,2,1,H,L Doughty
29/12/2020,Stoke,Nott'm Forest,1,1,D,D Whitestone
26/12/2020,Barnsley,Huddersfield,2,1,H,D Webb
26/12/2020,Blackburn,Sheffield Weds,1,1,D,T Harrington
26/12/2020,Bristol City,Wycombe,2,1,H,K Stroud
26/12/2020,Cardiff,Brentford,2,3,A,D Whitestone
26/12/2020,Coventry,Stoke,0,0,D,J Gillett
26/12/2020,Derby,Preston,0,1,A,D Bond
26/12/2020,Nott'm Forest,Birmingham,0,0,D,J Simpson
26/12/2020,QPR,Swansea,0,2,A,S Martin
26/12/2020,Reading,Luton,2,1,H,M Donohue
26/12/2020,Watford,Norwich,1,0,H,J Brooks
19/12/2020,Norwich,Cardiff,2,0,H,T Robinson
19/12/2020,Birmingham,Middlesbrough,1,4,A,S Martin
19/12/2020,Brentford,Reading,3,1,H,K Stroud
19/12/2020,Huddersfield,Watford,2,0,H,L Doughty
19/12/2020,Luton,Bournemouth,0,0,D,D Whitestone
19/12/2020,Millwall,Nott'm Forest,1,1,D,O Langford
19/12/2020,Sheffield Weds,Coventry,1,0,H,J Brooks
19/12/2020,Stoke,Blackburn,1,0,H,D Webb
19/12/2020,Swansea,Barnsley,2,0,H,A Davies
19/12/2020,Wycombe,QPR,1,1,D,G Ward
18/12/2020,Preston,Bristol City,1,0,H,G Eltringham
16/12/2020,Derby,Swansea,2,0,H,G Ward
16/12/2020,Cardiff,Birmingham,3,2,H,M Salisbury
16/12/2020,Middlesbrough,Luton,1,0,H,A Davies
16/12/2020,Blackburn,Rotherham,2,1,H,A Gillett
16/12/2020,Coventry,Huddersfield,0,0,D,T Robinson
16/12/2020,Reading,Norwich,1,2,A,G Eltringham
15/12/2020,QPR,Stoke,0,0,D,K Stroud
15/12/2020,Barnsley,Preston,2,1,H,D Whitestone
15/12/2020,Bournemouth,Wycombe,1,0,H,M Donohue
15/12/2020,Bristol City,Millwall,0,2,A,D Webb
15/12/2020,Nott'm Forest,Sheffield Weds,2,0,H,S Martin
15/12/2020,Watford,Brentford,1,1,D,J Linington
12/12/2020,Cardiff,Swansea,0,2,A,J Brooks
12/12/2020,Birmingham,Watford,0,1,A,M Donohue
12/12/2020,Blackburn,Norwich,1,2,A,D Whitestone
12/12/2020,Bournemouth,Huddersfield,5,0,H,O Langford
12/12/2020,Derby,Stoke,0,0,D,A Woolmer
12/12/2020,Luton,Preston,3,0,H,J Simpson
12/12/2020,Middlesbrough,Millwall,3,0,H,D Bond
12/12/2020,Nott'm Forest,Brentford,1,3,A,G Eltringham
12/12/2020,QPR,Reading,0,1,A,T Harrington
12/12/2020,Rotherham,Bristol City,2,0,H,L Doughty
12/12/2020,Sheffield Weds,Barnsley,1,2,A,J Linington
12/12/2020,Wycombe,Coventry,1,2,A,A Davies
9/12/2020,Preston,Middlesbrough,3,0,H,A Madley
9/12/2020,Barnsley,Wycombe,2,1,H,G Eltringham
9/12/2020,Brentford,Derby,0,0,D,D Webb
9/12/2020,Bristol City,Blackburn,1,0,H,S Martin
9/12/2020,Norwich,Nott'm Forest,2,1,H,D Bond
9/12/2020,Reading,Birmingham,1,2,A,T Robinson
8/12/2020,Coventry,Luton,0,0,D,A Woolmer
8/12/2020,Huddersfield,Sheffield Weds,2,0,H,K Stroud
8/12/2020,Millwall,QPR,1,1,D,J Gillett
8/12/2020,Stoke,Cardiff,1,2,A,T Harrington
8/12/2020,Swansea,Bournemouth,0,0,D,P Bankes
8/12/2020,Watford,Rotherham,2,0,H,G Ward
5/12/2020,Reading,Nott'm Forest,2,0,H,G Ward
5/12/2020,Brentford,Blackburn,2,2,D,O Langford
5/12/2020,Bristol City,Birmingham,0,1,A,J Brooks
5/12/2020,Coventry,Rotherham,3,1,H,D Webb
5/12/2020,Huddersfield,QPR,2,0,H,D Whitestone
5/12/2020,Millwall,Derby,0,1,A,D England
5/12/2020,Norwich,Sheffield Weds,2,1,H,J Gillett
5/12/2020,Preston,Wycombe,2,2,D,J Linington
5/12/2020,Stoke,Middlesbrough,1,0,H,J Simpson
5/12/2020,Swansea,Luton,2,0,H,L Doughty
5/12/2020,Watford,Cardiff,0,1,A,S Martin
4/12/2020,Barnsley,Bournemouth,0,4,A,K Stroud
2/12/2020,Middlesbrough,Swansea,2,1,H,K Stroud
2/12/2020,Blackburn,Millwall,2,1,H,M Salisbury
2/12/2020,Luton,Norwich,3,1,H,D England
2/12/2020,Nott'm Forest,Watford,0,0,D,D Webb
2/12/2020,Sheffield Weds,Reading,1,1,D,O Langford
2/12/2020,Wycombe,Stoke,0,1,A,D Bond
1/12/2020,Cardiff,Huddersfield,3,0,H,K Friend
1/12/2020,Birmingham,Barnsley,1,2,A,T Harrington
1/12/2020,Bournemouth,Preston,2,3,A,G Ward
1/12/2020,Derby,Coventry,1,1,D,D Whitestone
1/12/2020,QPR,Bristol City,1,2,A,J Linington
1/12/2020,Rotherham,Brentford,0,2,A,T Robinson
29/11/2020,Nott'm Forest,Swansea,0,1,A,T Harrington
28/11/2020,Reading,Bristol City,3,1,H,J Simpson
28/11/2020,Birmingham,Millwall,0,0,D,A Woolmer
28/11/2020,Blackburn,Barnsley,2,1,H,A Madley
28/11/2020,Cardiff,Luton,4,0,H,J Smith
28/11/2020,Derby,Wycombe,1,1,D,O Langford
28/11/2020,Huddersfield,Middlesbrough,3,2,H,J Brooks
28/11/2020,Norwich,Coventry,1,1,D,K Stroud
28/11/2020,Rotherham,Bournemouth,2,2,D,G Eltringham
28/11/2020,Sheffield Weds,Stoke,0,0,D,T Robinson
28/11/2020,Watford,Preston,4,1,H,J Gillett
27/11/2020,Brentford,QPR,2,1,H,M Donohue
25/11/2020,Middlesbrough,Derby,3,0,H,P Bankes
25/11/2020,Millwall,Reading,1,1,D,L Doughty
25/11/2020,Bristol City,Watford,0,0,D,D Whitestone
25/11/2020,Coventry,Cardiff,1,0,H,J Simpson
25/11/2020,Swansea,Sheffield Weds,1,1,D,A Woolmer
24/11/2020,Luton,Birmingham,1,1,D,D Webb
24/11/2020,QPR,Rotherham,3,2,H,O Langford
24/11/2020,Stoke,Norwich,2,3,A,G Eltringham
24/11/2020,Wycombe,Huddersfield,0,0,D,S Martin
24/11/2020,Barnsley,Brentford,0,1,A,D Bond
24/11/2020,Preston,Blackburn,0,3,A,T Harrington
24/11/2020,Bournemouth,Nott'm Forest,2,0,H,S Hooper
21/11/2020,Bournemouth,Reading,4,2,H,D Bond
21/11/2020,Barnsley,Nott'm Forest,2,0,H,A Woolmer
21/11/2020,Bristol City,Derby,1,0,H,K Stroud
21/11/2020,Luton,Blackburn,1,1,D,G Ward
21/11/2020,Middlesbrough,Norwich,0,1,A,T Harrington
21/11/2020,Millwall,Cardiff,1,1,D,G Scott
21/11/2020,Preston,Sheffield Weds,1,0,H,D Webb
21/11/2020,QPR,Watford,1,1,D,M Salisbury
21/11/2020,Stoke,Huddersfield,4,3,H,M Gillett
21/11/2020,Swansea,Rotherham,1,0,H,M Donohue
21/11/2020,Wycombe,Brentford,0,0,D,L Mason
20/11/2020,Coventry,Birmingham,0,0,D,O Langford
7/11/2020,Reading,Stoke,0,3,A,K Stroud
7/11/2020,Birmingham,Bournemouth,1,3,A,J Gillett
7/11/2020,Blackburn,QPR,3,1,H,T Robinson
7/11/2020,Brentford,Middlesbrough,0,0,D,J Linington
7/11/2020,Derby,Barnsley,0,2,A,L Doughty
7/11/2020,Huddersfield,Luton,1,1,D,O Langford
7/11/2020,Norwich,Swansea,1,0,H,D England
7/11/2020,Nott'm Forest,Wycombe,2,0,H,M Donohue
7/11/2020,Rotherham,Preston,2,1,H,A Davies
7/11/2020,Sheffield Weds,Millwall,0,0,D,T Harrington
7/11/2020,Watford,Coventry,3,2,H,S Hooper
6/11/2020,Cardiff,Bristol City,0,1,A,D Webb
4/11/2020,Reading,Preston,0,3,A,J Brooks
4/11/2020,Watford,Stoke,3,2,H,A Davies
4/11/2020,Birmingham,Wycombe,1,2,A,J Smith
4/11/2020,Derby,QPR,0,1,A,G Ward
4/11/2020,Nott'm Forest,Coventry,2,1,H,G Eltringham
4/11/2020,Rotherham,Luton,0,1,A,A Madley
3/11/2020,Brentford,Swansea,1,1,D,S Martin
3/11/2020,Huddersfield,Bristol City,1,2,A,P Bankes
3/11/2020,Norwich,Millwall,0,0,D,T Robinson
3/11/2020,Sheffield Weds,Bournemouth,1,0,H,J Simpson
3/11/2020,Blackburn,Middlesbrough,0,0,D,D Webb
3/11/2020,Cardiff,Barnsley,3,0,H,D Whitestone
31/10/2020,Bristol City,Norwich,1,3,A,J Gillett
31/10/2020,Barnsley,Watford,1,0,H,M Donohue
31/10/2020,Bournemouth,Derby,1,1,D,R Jones
31/10/2020,Luton,Brentford,0,3,A,M Salisbury
31/10/2020,Middlesbrough,Nott'm Forest,1,0,H,L Mason
31/10/2020,Millwall,Huddersfield,0,3,A,G Ward
31/10/2020,Preston,Birmingham,1,2,A,T Harrington
31/10/2020,QPR,Cardiff,3,2,H,A Woolmer
31/10/2020,Stoke,Rotherham,1,0,H,D Bond
31/10/2020,Swansea,Blackburn,2,0,H,D Whitestone
31/10/2020,Wycombe,Sheffield Weds,1,0,H,K Stroud
30/10/2020,Coventry,Reading,3,2,H,D Webb
28/10/2020,Preston,Millwall,0,2,A,D Bond
28/10/2020,Birmingham,Huddersfield,2,1,H,L Doughty
28/10/2020,Bournemouth,Bristol City,1,0,H,S Martin
28/10/2020,Derby,Cardiff,1,1,D,O Langford
28/10/2020,Luton,Nott'm Forest,1,1,D,T Robinson
28/10/2020,Rotherham,Sheffield Weds,3,0,H,J Gillett
27/10/2020,Barnsley,QPR,3,0,H,A Davies
27/10/2020,Blackburn,Reading,2,4,A,D Coote
27/10/2020,Brentford,Norwich,1,1,D,J Simpson
27/10/2020,Middlesbrough,Coventry,2,0,H,D Webb
27/10/2020,Swansea,Stoke,2,0,H,A Marriner
27/10/2020,Wycombe,Watford,1,1,D,J Brooks
24/10/2020,Watford,Bournemouth,1,1,D,T Robinson
24/10/2020,Bristol City,Swansea,1,1,D,O Langford
24/10/2020,Cardiff,Middlesbrough,1,1,D,J Brooks
24/10/2020,Coventry,Blackburn,0,4,A,D England
24/10/2020,Huddersfield,Preston,1,2,A,J Smith
24/10/2020,Millwall,Barnsley,1,1,D,A Davies
24/10/2020,Norwich,Wycombe,2,1,H,G Ward
24/10/2020,QPR,Birmingham,0,0,D,S Hooper
24/10/2020,Reading,Rotherham,3,0,H,M Donohue
24/10/2020,Sheffield Weds,Luton,0,1,A,G Eltringham
24/10/2020,Stoke,Brentford,3,2,H,K Stroud
23/10/2020,Nott'm Forest,Derby,1,1,D,T Harrington
21/10/2020,Cardiff,Bournemouth,1,1,D,S Hooper
21/10/2020,QPR,Preston,0,2,A,K Friend
21/10/2020,Sheffield Weds,Brentford,1,2,A,D Bond
21/10/2020,Stoke,Barnsley,2,2,D,M Salisbury
21/10/2020,Watford,Blackburn,3,1,H,A Woolmer
20/10/2020,Bristol City,Middlesbrough,0,1,A,T Robinson
20/10/2020,Coventry,Swansea,1,1,D,K Stroud
20/10/2020,Huddersfield,Derby,1,0,H,D Webb
20/10/2020,Millwall,Luton,2,0,H,T Harrington
20/10/2020,Norwich,Birmingham,1,0,H,O Langford
20/10/2020,Nott'm Forest,Rotherham,1,1,D,S Martin
20/10/2020,Reading,Wycombe,1,0,H,A Davies
18/10/2020,Preston,Cardiff,0,1,A,K Stroud
17/10/2020,Barnsley,Bristol City,2,2,D,L Doughty
17/10/2020,Birmingham,Sheffield Weds,0,1,A,G Scott
17/10/2020,Blackburn,Nott'm Forest,0,1,A,J Gillett
17/10/2020,Bournemouth,QPR,0,0,D,J Brooks
17/10/2020,Brentford,Coventry,2,0,H,A Woolmer
17/10/2020,Luton,Stoke,0,2,A,J Simpson
17/10/2020,Middlesbrough,Reading,0,0,D,D Bond
17/10/2020,Rotherham,Norwich,1,2,A,D Webb
17/10/2020,Swansea,Huddersfield,1,2,A,T Harrington
17/10/2020,Wycombe,Millwall,1,2,A,A Madley
16/10/2020,Derby,Watford,0,1,A,G Eltringham
4/10/2020,Brentford,Preston,2,4,A,D Whitestone
4/10/2020,Stoke,Birmingham,1,1,D,J Brooks
3/10/2020,Norwich,Derby,0,1,A,S Attwell
3/10/2020,Blackburn,Cardiff,0,0,D,D Bond
3/10/2020,Luton,Wycombe,2,0,H,G Scott
3/10/2020,Middlesbrough,Barnsley,2,1,H,O Langford
3/10/2020,Nott'm Forest,Bristol City,1,2,A,K Stroud
3/10/2020,Reading,Watford,1,0,H,G Ward
3/10/2020,Rotherham,Huddersfield,1,1,D,A Woolmer
3/10/2020,Sheffield Weds,QPR,1,1,D,M Salisbury
3/10/2020,Swansea,Millwall,2,1,H,S Martin
2/10/2020,Coventry,Bournemouth,1,3,A,J Gillett
27/09/2020,Bristol City,Sheffield Weds,2,0,H,T Harrington
27/09/2020,Bournemouth,Norwich,1,0,H,J Linington
26/09/2020,Watford,Luton,1,0,H,J Brooks
26/09/2020,Wycombe,Swansea,0,2,A,G Eltringham
26/09/2020,Barnsley,Coventry,0,0,D,J Smith
26/09/2020,Birmingham,Rotherham,1,1,D,A Madley
26/09/2020,Cardiff,Reading,1,2,A,D Webb
26/09/2020,Derby,Blackburn,0,4,A,A Woolmer
26/09/2020,Millwall,Brentford,1,1,D,D Coote
26/09/2020,Preston,Stoke,0,1,A,M Donohue
26/09/2020,QPR,Middlesbrough,1,1,D,D Whitestone
25/09/2020,Huddersfield,Nott'm Forest,1,0,H,O Langford
20/09/2020,Stoke,Bristol City,0,2,A,O Langford
19/09/2020,Nott'm Forest,Cardiff,0,2,A,J Linington
19/09/2020,Blackburn,Wycombe,5,0,H,P Bankes
19/09/2020,Brentford,Huddersfield,3,0,H,C Pawson
19/09/2020,Luton,Derby,2,1,H,D Whitestone
19/09/2020,Middlesbrough,Bournemouth,1,1,D,M Donohue
19/09/2020,Norwich,Preston,2,2,D,J Brooks
19/09/2020,Reading,Barnsley,2,0,H,T Robinson
19/09/2020,Rotherham,Millwall,0,1,A,L Doughty
19/09/2020,Sheffield Weds,Watford,0,0,D,J Gillett
19/09/2020,Swansea,Birmingham,0,0,D,G Ward
18/09/2020,Coventry,QPR,3,2,H,S Martin
12/09/2020,Birmingham,Brentford,1,0,H,T Harrington
12/09/2020,Wycombe,Rotherham,0,1,A,J Linington
12/09/2020,Barnsley,Luton,0,1,A,Jj Gillett
12/09/2020,Bournemouth,Blackburn,3,2,H,G Ward
12/09/2020,Bristol City,Coventry,2,1,H,J Brooks
12/09/2020,Cardiff,Sheffield Weds,0,2,A,A Madley
12/09/2020,Derby,Reading,0,2,A,D Bond
12/09/2020,Huddersfield,Norwich,0,1,A,G Eltringham
12/09/2020,Millwall,Stoke,0,0,D,J Simpson
12/09/2020,Preston,Swansea,0,1,A,R Jones
12/09/2020,QPR,Nott'm Forest,2,0,H,T Robinson
11/09/2020,Watford,Middlesbrough,1,0,H,K Stroud
22/07/2020,Birmingham,Derby,1,3,A,T Robinson
22/07/2020,Brentford,Barnsley,1,2,A,R Jones
22/07/2020,Bristol City,Preston,1,1,D,A Woolmer
22/07/2020,Cardiff,Hull,3,0,H,J Linington
22/07/2020,Leeds,Charlton,4,0,H,G Eltringham
22/07/2020,Luton,Blackburn,3,2,H,D Bond
22/07/2020,Millwall,Huddersfield,4,1,H,K Stroud
22/07/2020,Nott'm Forest,Stoke,1,4,A,G Ward
22/07/2020,Reading,Swansea,1,4,A,S Martin
22/07/2020,Sheffield Weds,Middlesbrough,1,2,A,J Gillett
22/07/2020,West Brom,QPR,2,2,D,D England
22/07/2020,Wigan,Fulham,1,1,D,J Brooks
19/07/2020,Derby,Leeds,1,3,A,O Langford
19/07/2020,Barnsley,Nott'm Forest,1,0,H,S Duncan
18/07/2020,Charlton,Wigan,2,2,D,G Ward
18/07/2020,Stoke,Brentford,1,0,H,G Eltringham
18/07/2020,Blackburn,Reading,4,3,H,T Robinson
18/07/2020,Fulham,Sheffield Weds,5,3,H,D England
18/07/2020,Hull,Luton,0,1,A,R Jones
18/07/2020,Middlesbrough,Cardiff,1,3,A,J Simpson
18/07/2020,Preston,Birmingham,2,0,H,S Martin
18/07/2020,QPR,Millwall,4,3,H,J Linington
18/07/2020,Swansea,Bristol City,1,0,H,D Bond
17/07/2020,Huddersfield,West Brom,2,1,H,J Brooks
16/07/2020,Leeds,Barnsley,1,0,H,J Gillett
15/07/2020,Brentford,Preston,1,0,H,D England
15/07/2020,Bristol City,Stoke,1,1,D,J Linington
15/07/2020,Birmingham,Charlton,1,1,D,D Webb
15/07/2020,Nott'm Forest,Swansea,2,2,D,O Langford
14/07/2020,West Brom,Fulham,0,0,D,G Eltringham
14/07/2020,Reading,Middlesbrough,1,2,A,A Woolmer
14/07/2020,Wigan,Hull,8,0,H,T Harrington
14/07/2020,Cardiff,Derby,2,1,H,D Bond
14/07/2020,Luton,QPR,1,1,D,S Martin
14/07/2020,Millwall,Blackburn,1,0,H,J Brooks
14/07/2020,Sheffield Weds,Huddersfield,0,0,D,D Whitestone
12/07/2020,Stoke,Birmingham,2,0,H,S Duncan
12/07/2020,Swansea,Leeds,0,1,A,K Stroud
11/07/2020,Charlton,Reading,0,1,A,D Bond
11/07/2020,Derby,Brentford,1,3,A,T Robinson
11/07/2020,Barnsley,Wigan,0,0,D,D Robinson
11/07/2020,Blackburn,West Brom,1,1,D,J Gillett
11/07/2020,Hull,Millwall,0,1,A,M Donohue
11/07/2020,Middlesbrough,Bristol City,1,3,A,D England
11/07/2020,Preston,Nott'm Forest,1,1,D,J Simpson
11/07/2020,QPR,Sheffield Weds,0,3,A,O Langford
10/07/2020,Huddersfield,Luton,0,2,A,G Eltringham
10/07/2020,Fulham,Cardiff,2,0,H,G Ward
9/07/2020,Leeds,Stoke,5,0,H,D Bond
8/07/2020,Millwall,Middlesbrough,0,2,A,T Robinson
8/07/2020,West Brom,Derby,2,0,H,J Simpson
8/07/2020,Birmingham,Swansea,1,3,A,J Gillett
8/07/2020,Bristol City,Hull,2,1,H,G Ward
8/07/2020,Wigan,QPR,1,0,H,G Eltringham
8/07/2020,Sheffield Weds,Preston,1,3,A,T Harrington
7/07/2020,Nott'm Forest,Fulham,0,1,A,R Jones
7/07/2020,Brentford,Charlton,2,1,H,J Brooks
7/07/2020,Luton,Barnsley,1,1,D,D Whitestone
7/07/2020,Reading,Huddersfield,0,0,D,S Martin
7/07/2020,Cardiff,Blackburn,2,3,A,M Donohue
5/07/2020,Swansea,Sheffield Weds,2,1,H,S Martin
5/07/2020,Middlesbrough,QPR,0,1,A,S Duncan
5/07/2020,West Brom,Hull,4,2,H,O Langford
4/07/2020,Derby,Nott'm Forest,1,1,D,D England
4/07/2020,Blackburn,Leeds,1,3,A,R Jones
4/07/2020,Brentford,Wigan,3,0,H,M Donohue
4/07/2020,Bristol City,Cardiff,0,1,A,T Robinson
4/07/2020,Fulham,Birmingham,1,0,H,K Stroud
4/07/2020,Huddersfield,Preston,0,0,D,D Bond
4/07/2020,Luton,Reading,0,5,A,J Linington
4/07/2020,Stoke,Barnsley,4,0,H,A Woolmer
3/07/2020,Charlton,Millwall,0,1,A,D Whitestone
2/07/2020,Hull,Middlesbrough,2,1,H,G Eltringham
1/07/2020,Preston,Derby,0,1,A,J Gillett
1/07/2020,Birmingham,Huddersfield,0,3,A,R Jones
1/07/2020,Nott'm Forest,Bristol City,1,0,H,D Bond
1/07/2020,Sheffield Weds,West Brom,0,3,A,D Webb
30/06/2020,Millwall,Swansea,1,1,D,J Linington
30/06/2020,Barnsley,Blackburn,2,0,H,T Harrington
30/06/2020,Cardiff,Charlton,0,0,D,S Martin
30/06/2020,Reading,Brentford,0,3,A,D Whitestone
30/06/2020,QPR,Fulham,1,2,A,G Ward
30/06/2020,Leeds,Luton,1,1,D,J Brooks
30/06/2020,Wigan,Stoke,3,0,H,J Simpson
28/06/2020,Bristol City,Sheffield Weds,1,2,A,J Brooks
28/06/2020,Nott'm Forest,Huddersfield,3,1,H,D Webb
27/06/2020,Charlton,QPR,1,0,H,T Robinson
27/06/2020,Preston,Cardiff,1,3,A,O Langford
27/06/2020,Swansea,Luton,0,1,A,A Woolmer
27/06/2020,Barnsley,Millwall,0,0,D,J Simpson
27/06/2020,Derby,Reading,2,1,H,S Duncan
27/06/2020,Birmingham,Hull,3,3,D,D Whitestone
27/06/2020,Leeds,Fulham,3,0,H,T Harrington
27/06/2020,Stoke,Middlesbrough,0,2,A,M Donohue
27/06/2020,Wigan,Blackburn,2,0,H,D England
26/06/2020,Brentford,West Brom,1,0,H,K Stroud
21/06/2020,Cardiff,Leeds,2,0,H,A Woolmer
20/06/2020,Fulham,Brentford,0,2,A,J Linington
20/06/2020,Middlesbrough,Swansea,0,3,A,T Harrington
20/06/2020,Millwall,Derby,2,3,A,S Martin
20/06/2020,Blackburn,Bristol City,3,1,H,O Langford
20/06/2020,Huddersfield,Wigan,0,2,A,J Gillett
20/06/2020,Hull,Charlton,0,1,A,J Brooks
20/06/2020,Luton,Preston,1,1,D,J Brooks
20/06/2020,QPR,Barnsley,0,1,A,A Davies
20/06/2020,Reading,Stoke,1,1,D,M Salisbury
20/06/2020,Sheffield Weds,Nott'm Forest,1,1,D,R Jones
20/06/2020,West Brom,Birmingham,0,0,D,D Bond
8/03/2020,Derby,Blackburn,3,0,H,J Brooks
7/03/2020,Bristol City,Fulham,1,1,D,D Coote
7/03/2020,Barnsley,Cardiff,0,2,A,J Linington
7/03/2020,Birmingham,Reading,1,3,A,A Davies
7/03/2020,Brentford,Sheffield Weds,5,0,H,K Stroud
7/03/2020,Charlton,Middlesbrough,0,1,A,S Martin
7/03/2020,Leeds,Huddersfield,2,0,H,O Langford
7/03/2020,Preston,QPR,1,3,A,D Whitestone
7/03/2020,Stoke,Hull,5,1,H,T Robinson
7/03/2020,Swansea,West Brom,0,0,D,R Jones
7/03/2020,Wigan,Luton,0,0,D,G Ward
6/03/2020,Nott'm Forest,Millwall,0,3,A,G Eltringham
2/03/2020,Middlesbrough,Nott'm Forest,2,2,D,D England
29/02/2020,Hull,Leeds,0,4,A,K Stroud
29/02/2020,Blackburn,Swansea,2,2,D,P Bankes
29/02/2020,Cardiff,Brentford,2,2,D,S Hooper
29/02/2020,Fulham,Preston,2,0,H,D Webb
29/02/2020,Huddersfield,Charlton,4,0,H,G Eltringham
29/02/2020,Luton,Stoke,1,1,D,A Woolmer
29/02/2020,Millwall,Bristol City,1,1,D,A Davies
29/02/2020,QPR,Birmingham,2,2,D,J Linington
29/02/2020,Reading,Barnsley,2,0,H,J Simpson
29/02/2020,Sheffield Weds,Derby,1,3,A,D Whitestone
29/02/2020,West Brom,Wigan,0,1,A,T Harrington
26/02/2020,Blackburn,Stoke,0,0,D,D Bond
26/02/2020,Fulham,Swansea,1,0,H,T Robinson
26/02/2020,Hull,Barnsley,0,1,A,D Coote
26/02/2020,Middlesbrough,Leeds,0,1,A,G Ward
26/02/2020,Millwall,Birmingham,0,0,D,D Webb
26/02/2020,Sheffield Weds,Charlton,1,0,H,O Langford
26/02/2020,Reading,Wigan,0,3,A,G Eltringham
25/02/2020,Cardiff,Nott'm Forest,0,1,A,S Martin
25/02/2020,Huddersfield,Bristol City,2,1,H,R Jones
25/02/2020,Luton,Brentford,2,1,H,D England
25/02/2020,QPR,Derby,2,1,H,K Stroud
25/02/2020,West Brom,Preston,2,0,H,K Friend
22/02/2020,Brentford,Blackburn,2,2,D,T Robinson
22/02/2020,Barnsley,Middlesbrough,1,0,H,G Eltringham
22/02/2020,Birmingham,Sheffield Weds,3,3,D,J Brooks
22/02/2020,Bristol City,West Brom,0,3,A,D England
22/02/2020,Charlton,Luton,3,1,H,A Marriner
22/02/2020,Leeds,Reading,1,0,H,J Gillett
22/02/2020,Nott'm Forest,QPR,0,0,D,R Jones
22/02/2020,Preston,Hull,2,1,H,S Martin
22/02/2020,Stoke,Cardiff,2,0,H,D Whitestone
22/02/2020,Swansea,Huddersfield,3,1,H,A Davies
22/02/2020,Wigan,Millwall,1,0,H,J Simpson
21/02/2020,Derby,Fulham,1,1,D,D Bond
15/02/2020,West Brom,Nott'm Forest,2,2,D,K Stroud
15/02/2020,Birmingham,Brentford,1,1,D,S Martin
15/02/2020,Cardiff,Wigan,2,2,D,J Jbrooks
15/02/2020,Charlton,Blackburn,0,2,A,A Davies
15/02/2020,Derby,Huddersfield,1,1,D,C Pawson
15/02/2020,Fulham,Barnsley,0,3,A,J Linington
15/02/2020,Leeds,Bristol City,1,0,H,T Robinson
15/02/2020,Middlesbrough,Luton,0,1,A,J Gillett
15/02/2020,Preston,Millwall,0,1,A,T Harrington
15/02/2020,QPR,Stoke,4,2,H,O Langford
15/02/2020,Sheffield Weds,Reading,0,3,A,A Woolmer
14/02/2020,Hull,Swansea,4,4,D,D Webb
12/02/2020,Bristol City,Derby,3,2,H,G Eltringham
12/02/2020,Huddersfield,Cardiff,0,3,A,D England
12/02/2020,Luton,Sheffield Weds,1,0,H,G Ward
12/02/2020,Millwall,Fulham,1,1,D,A Madley
12/02/2020,Reading,West Brom,1,2,A,M Donohue
12/02/2020,Stoke,Preston,0,2,A,J Brooks
11/02/2020,Barnsley,Birmingham,0,1,A,D Whitestone
11/02/2020,Blackburn,Hull,3,0,H,J Simpson
11/02/2020,Brentford,Leeds,1,1,D,R Jones
11/02/2020,Nott'm Forest,Charlton,0,1,A,D Bond
11/02/2020,Swansea,QPR,0,0,D,A Woolmer
11/02/2020,Wigan,Middlesbrough,2,2,D,O Langford
9/02/2020,Millwall,West Brom,0,2,A,G Ward
8/02/2020,Wigan,Preston,1,2,A,D England
8/02/2020,Barnsley,Sheffield Weds,1,1,D,T Robinson
8/02/2020,Blackburn,Fulham,0,1,A,T Harrington
8/02/2020,Brentford,Middlesbrough,3,2,H,P Bankes
8/02/2020,Huddersfield,QPR,2,0,H,D Webb
8/02/2020,Luton,Cardiff,0,1,A,J Linington
8/02/2020,Reading,Hull,1,1,D,A Davies
8/02/2020,Stoke,Charlton,3,1,H,J Gillett
8/02/2020,Swansea,Derby,2,3,A,M Donohue
8/02/2020,Nott'm Forest,Leeds,2,0,H,O Langford
7/02/2020,Bristol City,Birmingham,1,3,A,G Ward
1/02/2020,Hull,Brentford,1,5,A,D Bond
1/02/2020,Birmingham,Nott'm Forest,2,1,H,J Simpson
1/02/2020,Charlton,Barnsley,2,1,H,J Brooks
1/02/2020,Fulham,Huddersfield,3,2,H,G Ward
1/02/2020,Leeds,Wigan,0,1,A,T Harrington
1/02/2020,Middlesbrough,Blackburn,1,1,D,M Donohue
1/02/2020,Preston,Swansea,1,1,D,G Eltringham
1/02/2020,QPR,Bristol City,0,1,A,D Whitestone
1/02/2020,Sheffield Weds,Millwall,0,0,D,D Coote
1/02/2020,West Brom,Luton,2,0,H,S Martin
31/01/2020,Cardiff,Reading,1,1,D,S Hooper
31/01/2020,Derby,Stoke,4,0,H,R Jones
28/01/2020,Blackburn,QPR,2,1,H,D Bond
28/01/2020,Brentford,Nott'm Forest,0,1,A,T Robinson
28/01/2020,Cardiff,West Brom,2,1,H,R Jones
28/01/2020,Hull,Huddersfield,1,2,A,S Martin
28/01/2020,Leeds,Millwall,3,2,H,D England
28/01/2020,Luton,Derby,3,2,H,A Davies
28/01/2020,Wigan,Sheffield Weds,2,1,H,D Webb
28/01/2020,Reading,Bristol City,0,1,A,J Linington
25/01/2020,Stoke,Swansea,2,0,H,G Ward
22/01/2020,Charlton,Fulham,0,0,D,S Martin
22/01/2020,Nott'm Forest,Reading,1,1,D,D Webb
21/01/2020,Barnsley,Preston,0,3,A,J Simpson
21/01/2020,Middlesbrough,Birmingham,1,1,D,A Woolmer
20/01/2020,West Brom,Stoke,0,1,A,T Robinson
19/01/2020,Nott'm Forest,Luton,3,1,H,T Harrington
18/01/2020,QPR,Leeds,1,0,H,P Bankes
18/01/2020,Birmingham,Cardiff,1,1,D,A Davies
18/01/2020,Bristol City,Barnsley,1,0,H,D Bond
18/01/2020,Derby,Hull,1,0,H,A Woolmer
18/01/2020,Huddersfield,Brentford,0,0,D,O Langford
18/01/2020,Millwall,Reading,2,0,H,K Stroud
18/01/2020,Preston,Charlton,2,1,H,D Whitestone
18/01/2020,Sheffield Weds,Blackburn,0,5,A,J Gillett
18/01/2020,Swansea,Wigan,2,1,H,J Linington
17/01/2020,Fulham,Middlesbrough,1,0,H,D Webb
12/01/2020,Cardiff,Swansea,0,0,D,T Harrington
11/01/2020,Brentford,QPR,3,1,H,J Brooks
11/01/2020,Barnsley,Huddersfield,2,1,H,S Hooper
11/01/2020,Blackburn,Preston,1,1,D,J Linington
11/01/2020,Charlton,West Brom,2,2,D,J Gillett
11/01/2020,Hull,Fulham,0,1,A,M Donohue
11/01/2020,Leeds,Sheffield Weds,0,2,A,O Langford
11/01/2020,Luton,Birmingham,1,2,A,G Scott
11/01/2020,Middlesbrough,Derby,2,2,D,T Robinson
11/01/2020,Reading,Nott'm Forest,1,1,D,D Whitestone
11/01/2020,Stoke,Millwall,0,0,D,J Simpson
11/01/2020,Wigan,Bristol City,0,2,A,S Martin
2/01/2020,Derby,Barnsley,2,1,H,D Whitestone
2/01/2020,Swansea,Charlton,1,0,H,P Bankes
1/01/2020,Millwall,Luton,3,1,H,S Martin
1/01/2020,Birmingham,Wigan,2,3,A,D Webb
1/01/2020,Bristol City,Brentford,0,4,A,M Donohue
1/01/2020,Fulham,Reading,1,2,A,G Eltringham
1/01/2020,Huddersfield,Stoke,2,5,A,J Linington
1/01/2020,Nott'm Forest,Blackburn,3,2,H,D Bond
1/01/2020,Preston,Middlesbrough,0,2,A,J Brooks
1/01/2020,QPR,Cardiff,6,1,H,D England
1/01/2020,Sheffield Weds,Hull,0,1,A,J Simpson
1/01/2020,West Brom,Leeds,1,1,D,R Jones
30/12/2019,Derby,Charlton,2,1,H,J Simpson
29/12/2019,Birmingham,Leeds,4,5,A,K Stroud
29/12/2019,Bristol City,Luton,3,0,H,O Langford
29/12/2019,Fulham,Stoke,1,0,H,A Davies
29/12/2019,Huddersfield,Blackburn,2,1,H,A Woolmer
29/12/2019,Millwall,Brentford,1,0,H,R Jones
29/12/2019,Nott'm Forest,Wigan,1,0,H,M Donohue
29/12/2019,Preston,Reading,0,2,A,J Gillett
29/12/2019,QPR,Hull,1,2,A,G Ward
29/12/2019,Sheffield Weds,Cardiff,1,2,A,T Robinson
29/12/2019,Swansea,Barnsley,0,0,D,A Coggins
29/12/2019,West Brom,Middlesbrough,0,2,A,G Eltringham
26/12/2019,Barnsley,West Brom,1,1,D,T Harrington
26/12/2019,Blackburn,Birmingham,1,1,D,R Jones
26/12/2019,Brentford,Swansea,3,1,H,A Woolmer
26/12/2019,Cardiff,Millwall,1,1,D,D Webb
26/12/2019,Charlton,Bristol City,3,2,H,K Stroud
26/12/2019,Hull,Nott'm Forest,0,2,A,G Eltringham
26/12/2019,Luton,Fulham,3,3,D,D Whitestone
26/12/2019,Middlesbrough,Huddersfield,1,0,H,D England
26/12/2019,Stoke,Sheffield Weds,3,2,H,J Brooks
26/12/2019,Wigan,Derby,1,1,D,J Gillett
26/12/2019,Leeds,Preston,1,1,D,D Bond
26/12/2019,Reading,QPR,1,0,H,J Linington
23/12/2019,Blackburn,Wigan,0,0,D,G Ward
22/12/2019,Sheffield Weds,Bristol City,1,0,H,T Harrington
21/12/2019,Cardiff,Preston,0,0,D,J Simpson
21/12/2019,Fulham,Leeds,2,1,H,T Robinson
21/12/2019,Huddersfield,Nott'm Forest,2,1,H,A Davies
21/12/2019,Hull,Birmingham,3,0,H,A Backhouse
21/12/2019,Luton,Swansea,0,1,A,D Webb
21/12/2019,Millwall,Barnsley,1,2,A,J Gillett
21/12/2019,QPR,Charlton,2,2,D,M Donohue
21/12/2019,Reading,Derby,3,0,H,M Salisbury
21/12/2019,West Brom,Brentford,1,1,D,D Bond
20/12/2019,Middlesbrough,Stoke,2,1,H,O Langford
14/12/2019,Birmingham,West Brom,2,3,A,D England
14/12/2019,Barnsley,QPR,5,3,H,K Stroud
14/12/2019,Brentford,Fulham,1,0,H,O Langford
14/12/2019,Bristol City,Blackburn,0,2,A,J Brooks
14/12/2019,Derby,Millwall,0,1,A,C Kavanagh
14/12/2019,Leeds,Cardiff,3,3,D,T Harrington
14/12/2019,Nott'm Forest,Sheffield Weds,0,4,A,J Linington
14/12/2019,Preston,Luton,2,1,H,G Ward
14/12/2019,Stoke,Reading,0,0,D,L Mason
14/12/2019,Swansea,Middlesbrough,3,1,H,D Whitestone
14/12/2019,Wigan,Huddersfield,1,1,D,S Martin
13/12/2019,Charlton,Hull,2,2,D,A Davies
11/12/2019,Barnsley,Reading,1,1,D,M Donohue
11/12/2019,Birmingham,QPR,0,2,A,D Bond
11/12/2019,Brentford,Cardiff,2,1,H,J Brooks
11/12/2019,Derby,Sheffield Weds,1,1,D,S Martin
11/12/2019,Swansea,Blackburn,1,1,D,J Simpson
11/12/2019,Wigan,West Brom,1,1,D,A Davies
10/12/2019,Bristol City,Millwall,1,2,A,G Ward
10/12/2019,Charlton,Huddersfield,0,1,A,G Scott
10/12/2019,Leeds,Hull,2,0,H,D Webb
10/12/2019,Nott'm Forest,Middlesbrough,1,1,D,A Woolmer
10/12/2019,Preston,Fulham,2,1,H,K Stroud
10/12/2019,Stoke,Luton,3,0,H,J Gillett
8/12/2019,West Brom,Swansea,5,1,H,K Stroud
7/12/2019,Huddersfield,Leeds,0,2,A,G Ward
7/12/2019,Blackburn,Derby,1,0,H,O Langford
7/12/2019,Cardiff,Barnsley,3,2,H,P Tierney
7/12/2019,Fulham,Bristol City,1,2,A,J Simpson
7/12/2019,Hull,Stoke,2,1,H,D Bond
7/12/2019,Luton,Wigan,2,1,H,A Madley
7/12/2019,Middlesbrough,Charlton,1,0,H,S Martin
7/12/2019,QPR,Preston,2,0,H,A Davies
7/12/2019,Reading,Birmingham,2,3,A,T Robinson
7/12/2019,Sheffield Weds,Brentford,2,1,H,D Whitestone
6/12/2019,Millwall,Nott'm Forest,2,2,D,J Brooks
2/12/2019,Preston,West Brom,0,1,A,O Langford
30/11/2019,Charlton,Sheffield Weds,1,3,A,T Robinson
30/11/2019,Barnsley,Hull,3,1,H,J Brooks
30/11/2019,Birmingham,Millwall,1,1,D,A Woolmer
30/11/2019,Brentford,Luton,7,0,H,T Harrington
30/11/2019,Bristol City,Huddersfield,5,2,H,D England
30/11/2019,Derby,QPR,1,1,D,D Webb
30/11/2019,Leeds,Middlesbrough,4,0,H,K Stroud
30/11/2019,Nott'm Forest,Cardiff,0,1,A,R Jones
30/11/2019,Stoke,Blackburn,1,2,A,K Friend
30/11/2019,Wigan,Reading,1,3,A,J Simpson
29/11/2019,Swansea,Fulham,1,2,A,S Hooper
27/11/2019,Blackburn,Brentford,1,0,H,M Donohue
27/11/2019,Hull,Preston,4,0,H,J Moss
27/11/2019,Middlesbrough,Barnsley,1,0,H,O Langford
27/11/2019,QPR,Nott'm Forest,0,4,A,S Martin
27/11/2019,Sheffield Weds,Birmingham,1,1,D,P Bankes
27/11/2019,West Brom,Bristol City,4,1,H,G Eltringham
26/11/2019,Cardiff,Stoke,1,0,H,G Ward
26/11/2019,Fulham,Derby,3,0,H,A Woolmer
26/11/2019,Huddersfield,Swansea,1,1,D,J Gillett
26/11/2019,Luton,Charlton,2,1,H,D England
26/11/2019,Millwall,Wigan,2,2,D,D Whitestone
26/11/2019,Reading,Leeds,0,1,A,D Bond
24/11/2019,Middlesbrough,Hull,2,2,D,J Simpson
23/11/2019,Charlton,Cardiff,2,2,D,D Bond
23/11/2019,Blackburn,Barnsley,3,2,H,D Whitestone
23/11/2019,Brentford,Reading,1,0,H,D Coote
23/11/2019,Bristol City,Nott'm Forest,0,0,D,C Pawson
23/11/2019,Derby,Preston,1,0,H,T Robinson
23/11/2019,Huddersfield,Birmingham,1,1,D,K Stroud
23/11/2019,Luton,Leeds,1,2,A,J Brooks
23/11/2019,Stoke,Wigan,2,1,H,G Eltringham
23/11/2019,Swansea,Millwall,0,1,A,A Davies
23/11/2019,West Brom,Sheffield Weds,2,1,H,T Harrington
22/11/2019,Fulham,QPR,2,1,H,J Linington
10/11/2019,Cardiff,Bristol City,0,1,A,T Harrington
9/11/2019,Nott'm Forest,Derby,1,0,H,D England
9/11/2019,Barnsley,Stoke,2,4,A,J Simpson
9/11/2019,Birmingham,Fulham,0,1,A,J Gillett
9/11/2019,Hull,West Brom,0,1,A,J Linington
9/11/2019,Leeds,Blackburn,2,1,H,G Ward
9/11/2019,Millwall,Charlton,2,1,H,R Jones
9/11/2019,Preston,Huddersfield,3,1,H,G Eltringham
9/11/2019,QPR,Middlesbrough,2,2,D,D Coote
9/11/2019,Reading,Luton,3,0,H,A Woolmer
9/11/2019,Sheffield Weds,Swansea,2,2,D,D Webb
9/11/2019,Wigan,Brentford,0,3,A,A Davies
4/11/2019,Stoke,West Brom,0,2,A,T Robinson
3/11/2019,Charlton,Preston,0,1,A,D Webb
2/11/2019,Wigan,Swansea,1,2,A,P Bankes
2/11/2019,Blackburn,Sheffield Weds,2,1,H,A Woolmer
2/11/2019,Brentford,Huddersfield,0,1,A,R Jones
2/11/2019,Cardiff,Birmingham,4,2,H,A Madley
2/11/2019,Derby,Middlesbrough,2,0,H,D Bond
2/11/2019,Fulham,Hull,0,3,A,K Stroud
2/11/2019,Leeds,QPR,2,0,H,G Eltringham
2/11/2019,Luton,Nott'm Forest,1,2,A,G Ward
2/11/2019,Reading,Millwall,2,1,H,T Harrington
1/11/2019,Barnsley,Bristol City,2,2,D,J Gillett
28/10/2019,QPR,Brentford,1,3,A,A Woolmer
27/10/2019,Swansea,Cardiff,1,0,H,R Jones
27/10/2019,Bristol City,Wigan,2,2,D,J Brooks
26/10/2019,Sheffield Weds,Leeds,0,0,D,T Robinson
26/10/2019,Birmingham,Luton,2,1,H,D Whitestone
26/10/2019,Huddersfield,Barnsley,2,1,H,J Linington
26/10/2019,Hull,Derby,2,0,H,S Hooper
26/10/2019,Middlesbrough,Fulham,0,0,D,P Bankes
26/10/2019,Millwall,Stoke,2,0,H,D England
26/10/2019,Preston,Blackburn,3,2,H,S Martin
26/10/2019,West Brom,Charlton,2,2,D,M Donohue
23/10/2019,Bristol City,Charlton,2,1,H,J Linington
23/10/2019,Derby,Wigan,1,0,H,K Stroud
23/10/2019,Fulham,Luton,3,2,H,J Brooks
23/10/2019,Huddersfield,Middlesbrough,0,0,D,T Harrington
23/10/2019,Nott'm Forest,Hull,1,2,A,O Langford
22/10/2019,Birmingham,Blackburn,1,0,H,D England
22/10/2019,Millwall,Cardiff,2,2,D,T Robinson
22/10/2019,Preston,Leeds,1,1,D,K Friend
22/10/2019,QPR,Reading,2,2,D,J Simpson
22/10/2019,Sheffield Weds,Stoke,1,0,H,A Madley
22/10/2019,Swansea,Brentford,0,3,A,G Ward
22/10/2019,West Brom,Barnsley,2,2,D,D Bond
20/10/2019,Wigan,Nott'm Forest,1,0,H,M Donohue
19/10/2019,Blackburn,Huddersfield,2,2,D,D Bond
19/10/2019,Barnsley,Swansea,1,1,D,A Woolmer
19/10/2019,Brentford,Millwall,3,2,H,S Attwell
19/10/2019,Charlton,Derby,3,0,H,S Martin
19/10/2019,Hull,QPR,2,3,A,T Harrington
19/10/2019,Leeds,Birmingham,1,0,H,R Jones
19/10/2019,Luton,Bristol City,3,0,H,G Scott
19/10/2019,Middlesbrough,West Brom,0,1,A,O Langford
19/10/2019,Reading,Preston,1,0,H,D Whitestone
19/10/2019,Stoke,Fulham,2,0,H,A Davies
18/10/2019,Cardiff,Sheffield Weds,1,1,D,K Stroud
5/10/2019,Fulham,Charlton,2,2,D,K Stroud
5/10/2019,Bristol City,Reading,1,0,H,S Martin
5/10/2019,Derby,Luton,2,0,H,G Eltringham
5/10/2019,Huddersfield,Hull,3,0,H,D Webb
5/10/2019,Millwall,Leeds,2,1,H,J Linington
5/10/2019,Nott'm Forest,Brentford,1,0,H,D Whitestone
5/10/2019,Preston,Barnsley,5,1,H,G Ward
5/10/2019,QPR,Blackburn,4,2,H,S Hooper
5/10/2019,Sheffield Weds,Wigan,1,0,H,L Mason
5/10/2019,Swansea,Stoke,1,2,A,O Langford
5/10/2019,West Brom,Cardiff,4,2,H,J Brooks
4/10/2019,Birmingham,Middlesbrough,2,1,H,J Simpson
2/10/2019,Barnsley,Derby,2,2,D,T Harrington
2/10/2019,Brentford,Bristol City,1,1,D,O Langford
2/10/2019,Cardiff,QPR,3,0,H,M Donohue
2/10/2019,Charlton,Swansea,1,2,A,P Bankes
2/10/2019,Luton,Millwall,1,1,D,D Bond
1/10/2019,Blackburn,Nott'm Forest,1,1,D,S Martin
1/10/2019,Hull,Sheffield Weds,1,0,H,A Davies
1/10/2019,Leeds,West Brom,1,0,H,D Coote
1/10/2019,Middlesbrough,Preston,1,1,D,D England
1/10/2019,Wigan,Birmingham,1,0,H,T Robinson
1/10/2019,Reading,Fulham,1,4,A,A Woolmer
1/10/2019,Stoke,Huddersfield,0,1,A,R Jones
29/09/2019,Barnsley,Brentford,1,3,A,D Webb
28/09/2019,QPR,West Brom,0,2,A,G Eltringham
28/09/2019,Blackburn,Luton,1,2,A,G Ward
28/09/2019,Charlton,Leeds,1,0,H,J Brooks
28/09/2019,Derby,Birmingham,3,2,H,S Hooper
28/09/2019,Huddersfield,Millwall,1,1,D,J Simpson
28/09/2019,Hull,Cardiff,2,2,D,J Gillett
28/09/2019,Middlesbrough,Sheffield Weds,1,4,A,J Linington
28/09/2019,Preston,Bristol City,3,3,D,A Davies
28/09/2019,Swansea,Reading,1,1,D,K Stroud
27/09/2019,Fulham,Wigan,2,0,H,D Whitestone
27/09/2019,Stoke,Nott'm Forest,2,3,A,A Madley
22/09/2019,West Brom,Huddersfield,4,2,H,T Robinson
21/09/2019,Leeds,Derby,1,1,D,O Langford
21/09/2019,Birmingham,Preston,0,1,A,S Martin
21/09/2019,Brentford,Stoke,0,0,D,A Woolmer
21/09/2019,Bristol City,Swansea,0,0,D,T Harrington
21/09/2019,Cardiff,Middlesbrough,1,0,H,D Bond
21/09/2019,Luton,Hull,0,3,A,A Madley
21/09/2019,Millwall,QPR,1,2,A,P Bankes
21/09/2019,Nott'm Forest,Barnsley,1,0,H,J Gillett
21/09/2019,Reading,Blackburn,1,2,A,M Donohue
21/09/2019,Sheffield Weds,Fulham,1,1,D,G Eltringham
21/09/2019,Wigan,Charlton,2,0,H,A Davies
15/09/2019,Huddersfield,Sheffield Weds,0,2,A,S Hooper
15/09/2019,Barnsley,Leeds,0,2,A,K Stroud
14/09/2019,Fulham,West Brom,1,1,D,D Webb
14/09/2019,Blackburn,Millwall,2,0,H,D Whitestone
14/09/2019,Charlton,Birmingham,0,1,A,M Donohue
14/09/2019,Hull,Wigan,2,2,D,G Ward
14/09/2019,Middlesbrough,Reading,1,0,H,R Jones
14/09/2019,Preston,Brentford,2,0,H,D Coote
14/09/2019,QPR,Luton,3,2,H,J Simpson
14/09/2019,Stoke,Bristol City,1,2,A,G Eltringham
14/09/2019,Swansea,Nott'm Forest,0,1,A,J Linington
13/09/2019,Derby,Cardiff,1,1,D,D England
31/08/2019,Bristol City,Middlesbrough,2,2,D,L Mason
31/08/2019,Birmingham,Stoke,2,1,H,J Linington
31/08/2019,Brentford,Derby,3,0,H,D Webb
31/08/2019,Leeds,Swansea,0,1,A,D Bond
31/08/2019,Luton,Huddersfield,2,1,H,A Davies
31/08/2019,Millwall,Hull,1,1,D,O Langford
31/08/2019,Nott'm Forest,Preston,1,1,D,G Eltringham
31/08/2019,Reading,Charlton,0,2,A,J Gillett
31/08/2019,Sheffield Weds,QPR,1,2,A,J Brooks
31/08/2019,West Brom,Blackburn,3,2,H,T Harrington
31/08/2019,Wigan,Barnsley,0,0,D,A Woolmer
30/08/2019,Cardiff,Fulham,1,1,D,T Robinson
25/08/2019,Swansea,Birmingham,3,0,H,A Woolmer
24/08/2019,Derby,West Brom,1,1,D,G Ward
24/08/2019,Barnsley,Luton,1,3,A,S Martin
24/08/2019,Blackburn,Cardiff,0,0,D,D Coote
24/08/2019,Charlton,Brentford,1,0,H,T Robinson
24/08/2019,Fulham,Nott'm Forest,1,2,A,P Bankes
24/08/2019,Huddersfield,Reading,0,2,A,T Harrington
24/08/2019,Hull,Bristol City,1,3,A,D Whitestone
24/08/2019,Middlesbrough,Millwall,1,1,D,J Brooks
24/08/2019,Preston,Sheffield Weds,2,1,H,R Jones
24/08/2019,QPR,Wigan,3,1,H,M Donohue
24/08/2019,Stoke,Leeds,0,3,A,D England
21/08/2019,Cardiff,Huddersfield,2,1,H,J Gillett
21/08/2019,Charlton,Nott'm Forest,1,1,D,O Langford
21/08/2019,Fulham,Millwall,4,0,H,D Bond
21/08/2019,Leeds,Brentford,1,0,H,A Davies
21/08/2019,Preston,Stoke,3,1,H,J Brooks
21/08/2019,QPR,Swansea,1,3,A,P Tierney
21/08/2019,West Brom,Reading,1,1,D,P Bankes
20/08/2019,Birmingham,Barnsley,2,0,H,G Eltringham
20/08/2019,Derby,Bristol City,1,2,A,S Martin
20/08/2019,Hull,Blackburn,0,1,A,J Simpson
20/08/2019,Middlesbrough,Wigan,1,0,H,K Stroud
20/08/2019,Sheffield Weds,Luton,1,0,H,D Webb
18/08/2019,Reading,Cardiff,3,0,H,A Davies
17/08/2019,Barnsley,Charlton,2,2,D,M Donohue
17/08/2019,Blackburn,Middlesbrough,1,0,H,J Gillett
17/08/2019,Brentford,Hull,1,1,D,D England
17/08/2019,Bristol City,QPR,2,0,H,R Jones
17/08/2019,Luton,West Brom,1,2,A,A Woolmer
17/08/2019,Millwall,Sheffield Weds,1,0,H,G Ward
17/08/2019,Nott'm Forest,Birmingham,3,0,H,T Harrington
17/08/2019,Stoke,Derby,2,2,D,T Robinson
17/08/2019,Swansea,Preston,3,2,H,D Whitestone
17/08/2019,Wigan,Leeds,0,2,A,A Madley
16/08/2019,Huddersfield,Fulham,1,2,A,J Linington
10/08/2019,Leeds,Nott'm Forest,1,1,D,R Jones
10/08/2019,Birmingham,Bristol City,1,1,D,O Langford
10/08/2019,Cardiff,Luton,2,1,H,D Bond
10/08/2019,Charlton,Stoke,3,1,H,S Hooper
10/08/2019,Derby,Swansea,0,0,D,J Gillett
10/08/2019,Fulham,Blackburn,2,0,H,K Stroud
10/08/2019,Hull,Reading,2,1,H,M Donohue
10/08/2019,Middlesbrough,Brentford,0,1,A,S Martin
10/08/2019,Preston,Wigan,3,0,H,J Simpson
10/08/2019,QPR,Huddersfield,1,1,D,D Whitestone
10/08/2019,Sheffield Weds,Barnsley,2,0,H,T Harrington
10/08/2019,West Brom,Millwall,1,1,D,D Webb
5/08/2019,Huddersfield,Derby,1,2,A,G Eltringham
4/08/2019,Bristol City,Leeds,1,3,A,T Robinson
3/08/2019,Barnsley,Fulham,1,0,H,A Davies
3/08/2019,Blackburn,Charlton,1,2,A,A Woolmer
3/08/2019,Brentford,Birmingham,0,1,A,G Ward
3/08/2019,Millwall,Preston,1,0,H,S Martin
3/08/2019,Reading,Sheffield Weds,1,3,A,J Linington
3/08/2019,Stoke,QPR,1,2,A,D Bond
3/08/2019,Swansea,Hull,2,1,H,J Brooks
3/08/2019,Wigan,Cardiff,3,2,H,D Webb
3/08/2019,Nott'm Forest,West Brom,1,2,A,D England
2/08/2019,Luton,Middlesbrough,3,3,D,O Langford
5/05/2019,Aston Villa,Norwich,1,2,A,P Bankes
5/05/2019,Blackburn,Swansea,2,2,D,J Gillett
5/05/2019,Brentford,Preston,3,0,H,J Linington
5/05/2019,Derby,West Brom,3,1,H,T Robinson
5/05/2019,Hull,Bristol City,1,1,D,J Brooks
5/05/2019,Ipswich,Leeds,3,2,H,G Ward
5/05/2019,Nott'm Forest,Bolton,1,0,H,O Langford
5/05/2019,Reading,Birmingham,0,0,D,K Stroud
5/05/2019,Rotherham,Middlesbrough,1,2,A,A Madley
5/05/2019,Sheffield Weds,QPR,1,2,A,A Davies
5/05/2019,Stoke,Sheffield United,2,2,D,G Eltringham
5/05/2019,Wigan,Millwall,1,0,H,A Woolmer
1/05/2019,Swansea,Derby,1,1,D,P Bankes
30/04/2019,Millwall,Bristol City,1,2,A,A Madley
28/04/2019,Leeds,Aston Villa,1,1,D,S Attwell
27/04/2019,Birmingham,Wigan,1,1,D,S Martin
27/04/2019,Bolton,Brentford,0,1,A,
27/04/2019,Bristol City,Derby,0,2,A,D Bond
27/04/2019,Middlesbrough,Reading,2,1,H,J jBrooks
27/04/2019,Millwall,Stoke,0,0,D,O Langford
27/04/2019,Norwich,Blackburn,2,1,H,A Madley
27/04/2019,Preston,Sheffield Weds,3,3,D,J Simpson
27/04/2019,QPR,Nott'm Forest,0,1,A,S Duncan
27/04/2019,Sheffield United,Ipswich,2,0,H,T Robinson
27/04/2019,Swansea,Hull,2,2,D,G Eltringham
27/04/2019,West Brom,Rotherham,2,1,H,R Jones
22/04/2019,Aston Villa,Millwall,1,0,H,T Robinson
22/04/2019,Blackburn,Bolton,2,0,H,A Woolmer
22/04/2019,Brentford,Leeds,2,0,H,K Friend
22/04/2019,Derby,QPR,2,0,H,D Webb
22/04/2019,Hull,Sheffield United,0,3,A,G Scott
22/04/2019,Ipswich,Swansea,0,1,A,D England
22/04/2019,Nott'm Forest,Middlesbrough,3,0,H,P Bankes
22/04/2019,Reading,West Brom,0,0,D,G Ward
22/04/2019,Rotherham,Birmingham,1,3,A,A Davies
22/04/2019,Sheffield Weds,Bristol City,2,0,H,R Jones
22/04/2019,Stoke,Norwich,2,2,D,T Harrington
22/04/2019,Wigan,Preston,2,0,H,A Madley
19/04/2019,Birmingham,Derby,2,2,D,S Hooper
19/04/2019,Bolton,Aston Villa,0,2,A,J Brooks
19/04/2019,Bristol City,Reading,1,1,D,O Langford
19/04/2019,Leeds,Wigan,1,2,A,S Duncan
19/04/2019,Middlesbrough,Stoke,1,0,H,D Bond
19/04/2019,Millwall,Brentford,1,1,D,J Simpson
19/04/2019,Norwich,Sheffield Weds,2,2,D,G Eltringham
19/04/2019,Preston,Ipswich,4,0,H,S Martin
19/04/2019,QPR,Blackburn,1,2,A,T Robinson
19/04/2019,Sheffield United,Nott'm Forest,2,0,H,A Madley
19/04/2019,Swansea,Rotherham,4,3,H,K Stroud
19/04/2019,West Brom,Hull,3,2,H,P Bankes
14/04/2019,Wigan,Norwich,1,1,D,J Linington
13/04/2019,Aston Villa,Bristol City,2,1,H,S Duncan
13/04/2019,Derby,Bolton,4,0,H,A Davies
13/04/2019,Ipswich,Birmingham,1,1,D,J Simpson
13/04/2019,Leeds,Sheffield Weds,1,0,H,T Robinson
13/04/2019,Middlesbrough,Hull,1,0,H,R Jones
13/04/2019,Nott'm Forest,Blackburn,1,2,A,D Bond
13/04/2019,QPR,Swansea,4,0,H,A Madley
13/04/2019,Reading,Brentford,2,1,H,S Martin
13/04/2019,Sheffield United,Millwall,1,1,D,D Webb
13/04/2019,Stoke,Rotherham,2,2,D,A Woolmer
13/04/2019,West Brom,Preston,4,1,H,R East
10/04/2019,Birmingham,Sheffield United,1,1,D,D Bond
10/04/2019,Brentford,Ipswich,2,0,H,A Davies
10/04/2019,Hull,Wigan,2,1,H,D Webb
10/04/2019,Millwall,QPR,0,0,D,J Brooks
10/04/2019,Norwich,Reading,2,2,D,K Stroud
10/04/2019,Rotherham,Aston Villa,1,2,A,A Madley
9/04/2019,Blackburn,Derby,2,0,H,J Simpson
9/04/2019,Bolton,Middlesbrough,0,2,A,S Martin
9/04/2019,Bristol City,West Brom,3,2,H,S Hooper
9/04/2019,Preston,Leeds,0,2,A,R Jones
9/04/2019,Sheffield Weds,Nott'm Forest,3,0,H,L Mason
9/04/2019,Swansea,Stoke,3,1,H,J Linington
6/04/2019,Birmingham,Leeds,1,0,H,M Dean
6/04/2019,Blackburn,Stoke,0,1,A,G Eltringham
6/04/2019,Bolton,Ipswich,1,2,A,P Bankes
6/04/2019,Brentford,Derby,3,3,D,J Brooks
6/04/2019,Bristol City,Wigan,2,2,D,K Stroud
6/04/2019,Hull,Reading,3,1,H,T Robinson
6/04/2019,Millwall,West Brom,2,0,H,J Linington
6/04/2019,Norwich,QPR,4,0,H,S Duncan
6/04/2019,Preston,Sheffield United,0,1,A,G Ward
6/04/2019,Rotherham,Nott'm Forest,2,1,H,S Martin
6/04/2019,Sheffield Weds,Aston Villa,1,3,A,O Langford
6/04/2019,Swansea,Middlesbrough,3,1,H,A Woolmer
2/04/2019,Middlesbrough,Bristol City,0,1,A,G Ward
2/04/2019,Swansea,Brentford,3,0,H,P Bankes
30/03/2019,Aston Villa,Blackburn,2,1,H,R Jones
30/03/2019,Derby,Rotherham,6,1,H,T Robinson
30/03/2019,Ipswich,Hull,0,2,A,J Brooks
30/03/2019,Leeds,Millwall,3,2,H,D Bond
30/03/2019,Middlesbrough,Norwich,0,1,A,D Coote
30/03/2019,Nott'm Forest,Swansea,2,1,H,J Simpson
30/03/2019,QPR,Bolton,1,2,A,G Eltringham
30/03/2019,Reading,Preston,2,1,H,T Harrington
30/03/2019,Sheffield United,Bristol City,2,3,A,J Linington
30/03/2019,Stoke,Sheffield Weds,0,0,D,A Madley
30/03/2019,Wigan,Brentford,0,0,D,A Woolmer
29/03/2019,West Brom,Birmingham,3,2,H,D Webb
16/03/2019,Aston Villa,Middlesbrough,3,0,H,D Bond
16/03/2019,Brentford,West Brom,0,1,A,A Madley
16/03/2019,Hull,QPR,2,2,D,S Martin
16/03/2019,Ipswich,Nott'm Forest,1,1,D,K Stroud
16/03/2019,Leeds,Sheffield United,0,1,A,D Coote
16/03/2019,Preston,Birmingham,1,0,H,S Duncan
16/03/2019,Rotherham,Norwich,1,2,A,O Langford
16/03/2019,Sheffield Weds,Blackburn,4,2,H,J Linington
16/03/2019,Stoke,Reading,0,0,D,J Simpson
16/03/2019,Wigan,Bolton,5,2,H,R Jones
13/03/2019,Birmingham,Millwall,0,2,A,J Brooks
13/03/2019,Derby,Stoke,0,0,D,O Langford
13/03/2019,Middlesbrough,Preston,1,2,A,K Stroud
13/03/2019,Norwich,Hull,3,2,H,A Madley
13/03/2019,Nott'm Forest,Aston Villa,1,3,A,M Dean
13/03/2019,QPR,Rotherham,1,2,A,D Webb
13/03/2019,West Brom,Swansea,3,0,H,S Duncan
12/03/2019,Blackburn,Wigan,3,0,H,C Kavanagh
12/03/2019,Bolton,Sheffield Weds,0,2,A,S Martin
12/03/2019,Bristol City,Ipswich,1,1,D,D Bond
12/03/2019,Reading,Leeds,0,3,A,G Ward
12/03/2019,Sheffield United,Brentford,2,0,H,T Harrington
10/03/2019,Birmingham,Aston Villa,0,1,A,T Robinson
9/03/2019,Blackburn,Preston,0,1,A,O Langford
9/03/2019,Bolton,Millwall,2,1,H,S Hooper
9/03/2019,Bristol City,Leeds,0,1,A,P Bankes
9/03/2019,Derby,Sheffield Weds,1,1,D,K Stroud
9/03/2019,Middlesbrough,Brentford,1,2,A,J Simpson
9/03/2019,Nott'm Forest,Hull,3,0,H,J Linington
9/03/2019,QPR,Stoke,0,0,D,G Ward
9/03/2019,Reading,Wigan,3,2,H,A Davies
9/03/2019,Sheffield United,Rotherham,2,0,H,G Eltringham
9/03/2019,West Brom,Ipswich,1,1,D,A Woolmer
8/03/2019,Norwich,Swansea,1,0,H,R Jones
5/03/2019,Derby,Wigan,2,1,H,T Harrington
4/03/2019,Sheffield Weds,Sheffield United,0,0,D,P Bankes
2/03/2019,Aston Villa,Derby,4,0,H,L Mason
2/03/2019,Brentford,QPR,3,0,H,K Stroud
2/03/2019,Hull,Birmingham,2,0,H,T Harrington
2/03/2019,Ipswich,Reading,1,2,A,G Eltringham
2/03/2019,Millwall,Norwich,1,3,A,D Webb
2/03/2019,Preston,Bristol City,1,1,D,J Simpson
2/03/2019,Rotherham,Blackburn,3,2,H,J Brooks
2/03/2019,Stoke,Nott'm Forest,2,0,H,R East
2/03/2019,Swansea,Bolton,2,0,H,G Ward
2/03/2019,Wigan,Middlesbrough,0,0,D,S Martin
1/03/2019,Leeds,West Brom,4,0,H,T Robinson
26/02/2019,Bristol City,Birmingham,1,2,A,G Eltringham
26/02/2019,Hull,Millwall,2,1,H,D Bond
26/02/2019,QPR,Leeds,1,0,H,A Davies
26/02/2019,Sheffield Weds,Brentford,2,0,H,S Duncan
25/02/2019,Nott'm Forest,Derby,1,0,H,R Jones
23/02/2019,Birmingham,Blackburn,2,2,D,P Bankes
23/02/2019,Brentford,Hull,5,1,H,T Robinson
23/02/2019,Leeds,Bolton,2,1,H,T Harrington
23/02/2019,Middlesbrough,QPR,2,0,H,A Madley
23/02/2019,Millwall,Preston,1,3,A,S Martin
23/02/2019,Norwich,Bristol City,3,2,H,G Ward
23/02/2019,Reading,Rotherham,1,1,D,J Simpson
23/02/2019,Sheffield Weds,Swansea,3,1,H,G Eltringham
23/02/2019,Stoke,Aston Villa,1,1,D,D Webb
23/02/2019,West Brom,Sheffield United,0,1,A,O Langford
23/02/2019,Wigan,Ipswich,1,1,D,L Probert
20/02/2019,Derby,Millwall,0,1,A,J Linington
19/02/2019,QPR,West Brom,2,3,A,J Brooks
17/02/2019,Blackburn,Middlesbrough,0,1,A,D Bond
16/02/2019,Aston Villa,West Brom,0,2,A,J Linington
16/02/2019,Bolton,Norwich,0,4,A,A Woolmer
16/02/2019,Ipswich,Stoke,1,1,D,S Duncan
16/02/2019,Preston,Nott'm Forest,0,0,D,T Robinson
16/02/2019,Rotherham,Sheffield Weds,2,2,D,D England
16/02/2019,Sheffield United,Reading,4,0,H,R Jones
13/02/2019,Brentford,Aston Villa,1,0,H,G Ward
13/02/2019,Ipswich,Derby,1,1,D,A Madley
13/02/2019,Leeds,Swansea,2,1,H,D Webb
13/02/2019,Preston,Norwich,3,1,H,G Eltringham
13/02/2019,Reading,Blackburn,2,1,H,S Martin
13/02/2019,Sheffield United,Middlesbrough,1,0,H,A Woolmer
13/02/2019,Wigan,Stoke,0,0,D,K Stroud
12/02/2019,Birmingham,Bolton,0,1,A,A Davies
12/02/2019,Bristol City,QPR,2,1,H,T Harrington
12/02/2019,Hull,Rotherham,2,2,D,S Duncan
12/02/2019,Millwall,Sheffield Weds,0,0,D,T Robinson
12/02/2019,West Brom,Nott'm Forest,2,2,D,L Mason
10/02/2019,Norwich,Ipswich,3,0,H,P Bankes
9/02/2019,Blackburn,Bristol City,0,1,A,J Linington
9/02/2019,Bolton,Preston,1,2,A,A Madley
9/02/2019,Derby,Hull,2,0,H,G Ward
9/02/2019,Middlesbrough,Leeds,1,1,D,D England
9/02/2019,Nott'm Forest,Brentford,2,1,H,R Jones
9/02/2019,QPR,Birmingham,3,4,A,D Bond
9/02/2019,Rotherham,Wigan,1,1,D,O Langford
9/02/2019,Sheffield Weds,Reading,0,0,D,J Brooks
9/02/2019,Stoke,West Brom,0,1,A,J Simpson
9/02/2019,Swansea,Millwall,1,0,H,K Friend
8/02/2019,Aston Villa,Sheffield United,3,3,D,T Harrington
2/02/2019,Birmingham,Nott'm Forest,2,0,H,D Webb
2/02/2019,Brentford,Blackburn,5,2,H,A Davies
2/02/2019,Bristol City,Swansea,2,0,H,A Woolmer
2/02/2019,Hull,Stoke,2,0,H,P Bankes
2/02/2019,Ipswich,Sheffield Weds,0,1,A,O Langford
2/02/2019,Leeds,Norwich,1,3,A,S Attwell
2/02/2019,Millwall,Rotherham,0,0,D,A Madley
2/02/2019,Reading,Aston Villa,0,0,D,G Eltringham
2/02/2019,Sheffield United,Bolton,2,0,H,K Stroud
2/02/2019,West Brom,Middlesbrough,2,3,A,T Robinson
2/02/2019,Wigan,QPR,2,1,H,S Duncan
1/02/2019,Preston,Derby,0,0,D,D Bond
29/01/2019,Bolton,Reading,1,1,D,S Duncan
29/01/2019,Swansea,Birmingham,3,3,D,S Martin
26/01/2019,Aston Villa,Ipswich,2,1,H,K Stroud
26/01/2019,Blackburn,Hull,3,0,H,J Simpson
26/01/2019,Norwich,Sheffield United,2,2,D,J Linington
26/01/2019,Nott'm Forest,Wigan,3,1,H,A Davies
26/01/2019,Rotherham,Leeds,1,2,A,T Robinson
26/01/2019,Stoke,Preston,0,2,A,O Langford
21/01/2019,Bolton,West Brom,0,2,A,D Webb
19/01/2019,Aston Villa,Hull,2,2,D,D Bond
19/01/2019,Blackburn,Ipswich,2,0,H,D England
19/01/2019,Derby,Reading,2,1,H,A Woolmer
19/01/2019,Middlesbrough,Millwall,1,1,D,K Stroud
19/01/2019,Nott'm Forest,Bristol City,0,1,A,J Simpson
19/01/2019,QPR,Preston,1,4,A,A Madley
19/01/2019,Rotherham,Brentford,2,4,A,T Harrington
19/01/2019,Sheffield Weds,Wigan,1,0,H,P Bankes
19/01/2019,Stoke,Leeds,2,1,H,G Ward
19/01/2019,Swansea,Sheffield United,1,0,H,J Brooks
18/01/2019,Norwich,Birmingham,3,1,H,T Robinson
12/01/2019,Birmingham,Middlesbrough,1,2,A,G Scott
12/01/2019,Brentford,Stoke,3,1,H,T Robinson
12/01/2019,Bristol City,Bolton,2,1,H,S Martin
12/01/2019,Hull,Sheffield Weds,3,0,H,G Eltringham
12/01/2019,Ipswich,Rotherham,1,0,H,J Linington
12/01/2019,Millwall,Blackburn,0,2,A,R Jones
12/01/2019,Preston,Swansea,1,1,D,K Stroud
12/01/2019,Reading,Nott'm Forest,2,0,H,O Langford
12/01/2019,Sheffield United,QPR,1,0,H,A Woolmer
12/01/2019,West Brom,Norwich,1,1,D,D England
12/01/2019,Wigan,Aston Villa,3,0,H,T Harrington
11/01/2019,Leeds,Derby,2,0,H,A Davies
1/01/2019,Aston Villa,QPR,2,2,D,J Linington
1/01/2019,Blackburn,West Brom,2,1,H,O Langford
1/01/2019,Brentford,Norwich,1,1,D,G Ward
1/01/2019,Derby,Middlesbrough,1,1,D,R Jones
1/01/2019,Hull,Bolton,6,0,H,T Harrington
1/01/2019,Ipswich,Millwall,2,3,A,S Martin
1/01/2019,Nott'm Forest,Leeds,4,2,H,D England
1/01/2019,Reading,Swansea,1,4,A,T Robinson
1/01/2019,Rotherham,Preston,2,1,H,L Probert
1/01/2019,Sheffield Weds,Birmingham,1,1,D,A Woolmer
1/01/2019,Stoke,Bristol City,0,2,A,P Tierney
1/01/2019,Wigan,Sheffield United,0,3,A,A Madley
29/12/2018,Birmingham,Brentford,0,0,D,P Bankes
29/12/2018,Bolton,Stoke,0,0,D,K Stroud
29/12/2018,Bristol City,Rotherham,1,0,H,S Duncan
29/12/2018,Leeds,Hull,0,2,A,J Brooks
29/12/2018,Middlesbrough,Ipswich,2,0,H,J Simpson
29/12/2018,Millwall,Nott'm Forest,1,0,H,T Harrington
29/12/2018,Norwich,Derby,3,4,A,D Webb
29/12/2018,Preston,Aston Villa,1,1,D,G Eltringham
29/12/2018,QPR,Reading,0,0,D,R Jones
29/12/2018,Sheffield United,Blackburn,3,0,H,A Taylor
29/12/2018,Swansea,Wigan,2,2,D,J Linington
29/12/2018,West Brom,Sheffield Weds,1,1,D,A Davies
26/12/2018,Birmingham,Stoke,2,0,H,D Bond
26/12/2018,Bolton,Rotherham,2,1,H,J Simpson
26/12/2018,Bristol City,Brentford,1,1,D,D Webb
26/12/2018,Leeds,Blackburn,3,2,H,S Martin
26/12/2018,Middlesbrough,Sheffield Weds,0,1,A,P Bankes
26/12/2018,Millwall,Reading,1,0,H,A Davies
26/12/2018,Norwich,Nott'm Forest,3,3,D,J Brooks
26/12/2018,Preston,Hull,1,2,A,S Duncan
26/12/2018,QPR,Ipswich,3,0,H,K Stroud
26/12/2018,Sheffield United,Derby,3,1,H,G Eltringham
26/12/2018,Swansea,Aston Villa,0,1,A,R East
26/12/2018,West Brom,Wigan,2,0,H,R Jones
23/12/2018,Aston Villa,Leeds,2,3,A,A Madley
22/12/2018,Blackburn,Norwich,0,1,A,D England
22/12/2018,Brentford,Bolton,1,0,H,J Linington
22/12/2018,Derby,Bristol City,1,1,D,D Bond
22/12/2018,Hull,Swansea,3,2,H,O Langford
22/12/2018,Ipswich,Sheffield United,1,1,D,A Woolmer
22/12/2018,Nott'm Forest,QPR,0,1,A,G Ward
22/12/2018,Reading,Middlesbrough,0,1,A,S Martin
22/12/2018,Rotherham,West Brom,0,4,A,T Harrington
22/12/2018,Sheffield Weds,Preston,1,0,H,D Coote
22/12/2018,Stoke,Millwall,1,0,H,C Kavanagh
22/12/2018,Wigan,Birmingham,0,3,A,R Joyce
17/12/2018,Derby,Nott'm Forest,0,0,D,K Stroud
15/12/2018,Aston Villa,Stoke,2,2,D,P Bankes
15/12/2018,Blackburn,Birmingham,2,2,D,T Harrington
15/12/2018,Bolton,Leeds,0,1,A,R Jones
15/12/2018,Bristol City,Norwich,2,2,D,R East
15/12/2018,Hull,Brentford,2,0,H,A Davies
15/12/2018,Ipswich,Wigan,1,0,H,S Duncan
15/12/2018,Preston,Millwall,3,2,H,J Duncan
15/12/2018,QPR,Middlesbrough,2,1,H,O Langford
15/12/2018,Rotherham,Reading,1,1,D,R Joyce
15/12/2018,Swansea,Sheffield Weds,2,1,H,D Webb
14/12/2018,Sheffield United,West Brom,1,2,A,J Simpson
8/12/2018,Birmingham,Bristol City,0,1,A,J Brooks
8/12/2018,Brentford,Swansea,2,3,A,A Woolmer
8/12/2018,Leeds,QPR,2,1,H,P Bankes
8/12/2018,Middlesbrough,Blackburn,1,1,D,S Hooper
8/12/2018,Millwall,Hull,2,2,D,K Stroud
8/12/2018,Norwich,Bolton,3,2,H,S Duncan
8/12/2018,Nott'm Forest,Preston,0,1,A,S Martin
8/12/2018,Reading,Sheffield United,0,2,A,J Linington
8/12/2018,Sheffield Weds,Rotherham,2,2,D,D Bond
8/12/2018,Stoke,Ipswich,2,0,H,G Eltringham
8/12/2018,Wigan,Derby,0,1,A,G Ward
7/12/2018,West Brom,Aston Villa,2,2,D,D England
3/12/2018,West Brom,Brentford,1,1,D,D Bond
2/12/2018,Bristol City,Millwall,1,1,D,D England
1/12/2018,Birmingham,Preston,3,0,H,D Webb
1/12/2018,Blackburn,Sheffield Weds,4,2,H,R Jones
1/12/2018,Bolton,Wigan,1,1,D,S Hooper
1/12/2018,Derby,Swansea,2,1,H,A Madley
1/12/2018,Middlesbrough,Aston Villa,0,3,A,A Davies
1/12/2018,Norwich,Rotherham,3,1,H,S Martin
1/12/2018,Nott'm Forest,Ipswich,2,0,H,J Linington
1/12/2018,QPR,Hull,2,3,A,J Simpson
1/12/2018,Reading,Stoke,2,2,D,D Coote
1/12/2018,Sheffield United,Leeds,0,1,A,O Langford
28/11/2018,Aston Villa,Nott'm Forest,5,5,D,S Hooper
28/11/2018,Ipswich,Bristol City,2,3,A,D Webb
28/11/2018,Millwall,Birmingham,0,2,A,S Duncan
28/11/2018,Stoke,Derby,2,1,H,D England
28/11/2018,Swansea,West Brom,1,2,A,J Linington
28/11/2018,Wigan,Blackburn,3,1,H,K Stroud
27/11/2018,Brentford,Sheffield United,2,3,A,S Martin
27/11/2018,Hull,Norwich,0,0,D,G Eltringham
27/11/2018,Leeds,Reading,1,0,H,M Dean
27/11/2018,Preston,Middlesbrough,1,1,D,P Bankes
27/11/2018,Rotherham,QPR,2,2,D,A Woolmer
27/11/2018,Sheffield Weds,Bolton,1,0,H,G Ward
25/11/2018,Aston Villa,Birmingham,4,2,H,R Jones
24/11/2018,Brentford,Middlesbrough,1,2,A,J Brooks
24/11/2018,Hull,Nott'm Forest,0,2,A,G Scott
24/11/2018,Leeds,Bristol City,2,0,H,S Duncan
24/11/2018,Millwall,Bolton,1,1,D,L Swabey
24/11/2018,Preston,Blackburn,4,1,H,A Madley
24/11/2018,Rotherham,Sheffield United,2,2,D,P Bankes
24/11/2018,Sheffield Weds,Derby,1,2,A,J Simpson
24/11/2018,Stoke,QPR,2,2,D,A Davies
24/11/2018,Swansea,Norwich,1,4,A,D Bond
24/11/2018,Wigan,Reading,0,0,D,O Langford
23/11/2018,Ipswich,West Brom,1,2,A,K Stroud
10/11/2018,Birmingham,Hull,3,3,D,G Ward
10/11/2018,Blackburn,Rotherham,1,1,D,D Webb
10/11/2018,Bolton,Swansea,0,1,A,G Scott
10/11/2018,Bristol City,Preston,0,1,A,G Eltringham
10/11/2018,Derby,Aston Villa,0,3,A,J Brooks
10/11/2018,Middlesbrough,Wigan,2,0,H,D England
10/11/2018,Norwich,Millwall,4,3,H,J Simpson
10/11/2018,Nott'm Forest,Stoke,0,0,D,O Langford
10/11/2018,QPR,Brentford,3,2,H,J Linington
10/11/2018,Reading,Ipswich,2,2,D,D Bond
10/11/2018,West Brom,Leeds,4,1,H,L Mason
9/11/2018,Sheffield United,Sheffield Weds,0,0,D,A Madley
4/11/2018,Wigan,Leeds,1,2,A,A Davies
3/11/2018,Blackburn,QPR,1,0,H,P Bankes
3/11/2018,Brentford,Millwall,2,0,H,S Hooper
3/11/2018,Derby,Birmingham,3,1,H,C Kavanagh
3/11/2018,Hull,West Brom,1,0,H,K Stroud
3/11/2018,Ipswich,Preston,1,1,D,A Woolmer
3/11/2018,Nott'm Forest,Sheffield United,1,0,H,S Duncan
3/11/2018,Reading,Bristol City,3,2,H,J Linington
3/11/2018,Rotherham,Swansea,2,1,H,T Harrington
3/11/2018,Sheffield Weds,Norwich,0,4,A,S Martin
3/11/2018,Stoke,Middlesbrough,0,0,D,R Jones
2/11/2018,Aston Villa,Bolton,2,0,H,O Langford
27/10/2018,Birmingham,Sheffield Weds,3,1,H,D Bond
27/10/2018,Bolton,Hull,0,1,A,D Webb
27/10/2018,Bristol City,Stoke,0,1,A,A Madley
27/10/2018,Leeds,Nott'm Forest,1,1,D,G Eltringham
27/10/2018,Middlesbrough,Derby,1,1,D,S Hooper
27/10/2018,Millwall,Ipswich,3,0,H,R Jones
27/10/2018,Norwich,Brentford,1,0,H,O Langford
27/10/2018,Preston,Rotherham,1,1,D,J Simpson
27/10/2018,Sheffield United,Wigan,4,2,H,T Harrington
27/10/2018,Swansea,Reading,2,0,H,K Stroud
27/10/2018,West Brom,Blackburn,1,1,D,S Duncan
26/10/2018,QPR,Aston Villa,1,0,H,D England
24/10/2018,Bolton,Nott'm Forest,0,3,A,A Davies
24/10/2018,Bristol City,Hull,1,0,H,P Bankes
24/10/2018,Leeds,Ipswich,2,0,H,C Pawson
24/10/2018,Preston,Brentford,4,3,H,S Duncan
24/10/2018,West Brom,Derby,1,4,A,R Joyce
23/10/2018,Birmingham,Reading,2,1,H,T Harrington
23/10/2018,Middlesbrough,Rotherham,0,0,D,D Bond
23/10/2018,Millwall,Wigan,2,1,H,J Linington
23/10/2018,Norwich,Aston Villa,2,1,H,S Hooper
23/10/2018,QPR,Sheffield Weds,3,0,H,J Brooks
23/10/2018,Sheffield United,Stoke,1,1,D,G Ward
23/10/2018,Swansea,Blackburn,3,1,H,G Eltringham
20/10/2018,Aston Villa,Swansea,1,0,H,A Madley
20/10/2018,Blackburn,Leeds,2,1,H,D England
20/10/2018,Brentford,Bristol City,0,1,A,R Jones
20/10/2018,Derby,Sheffield United,2,1,H,O Langford
20/10/2018,Hull,Preston,1,1,D,G Ward
20/10/2018,Ipswich,QPR,0,2,A,G Eltringham
20/10/2018,Nott'm Forest,Norwich,1,2,A,K Stroud
20/10/2018,Reading,Millwall,3,1,H,D Webb
20/10/2018,Rotherham,Bolton,1,1,D,T Robinson
20/10/2018,Stoke,Birmingham,0,1,A,R East
20/10/2018,Wigan,West Brom,1,0,H,J Simpson
19/10/2018,Sheffield Weds,Middlesbrough,1,2,A,P Bankes
7/10/2018,Bristol City,Sheffield Weds,1,2,A,A Davies
6/10/2018,Birmingham,Rotherham,3,1,H,K Stroud
6/10/2018,Bolton,Blackburn,0,1,A,D Bond
6/10/2018,Leeds,Brentford,1,1,D,J Simpson
6/10/2018,Middlesbrough,Nott'm Forest,0,2,A,J Brooks
6/10/2018,Millwall,Aston Villa,2,1,H,T Harrington
6/10/2018,Norwich,Stoke,0,1,A,D Coote
6/10/2018,Preston,Wigan,4,0,H,L Probert
6/10/2018,QPR,Derby,1,1,D,D Webb
6/10/2018,Sheffield United,Hull,1,0,H,P Bankes
6/10/2018,Swansea,Ipswich,2,3,A,O Langford
6/10/2018,West Brom,Reading,4,1,H,D England
3/10/2018,Blackburn,Sheffield United,0,2,A,R Jones
3/10/2018,Derby,Norwich,1,1,D,G Eltringham
3/10/2018,Nott'm Forest,Millwall,2,2,D,J Moss
3/10/2018,Rotherham,Bristol City,0,0,D,G Ward
3/10/2018,Sheffield Weds,West Brom,2,2,D,O Langford
2/10/2018,Aston Villa,Preston,3,3,D,P Bankes
2/10/2018,Brentford,Birmingham,1,1,D,T Robinson
2/10/2018,Hull,Leeds,0,1,A,D Bond
2/10/2018,Ipswich,Middlesbrough,0,2,A,A Madley
2/10/2018,Reading,QPR,0,1,A,A Davies
2/10/2018,Stoke,Bolton,2,0,H,J Simpson
2/10/2018,Wigan,Swansea,0,0,D,J Brooks
29/09/2018,Birmingham,Ipswich,2,2,D,J Brooks
29/09/2018,Blackburn,Nott'm Forest,2,2,D,A Madley
29/09/2018,Bolton,Derby,1,0,H,S Duncan
29/09/2018,Brentford,Reading,2,2,D,G Eltringham
29/09/2018,Hull,Middlesbrough,1,1,D,D England
29/09/2018,Millwall,Sheffield United,2,3,A,A Davies
29/09/2018,Norwich,Wigan,1,0,H,G Ward
29/09/2018,Preston,West Brom,2,3,A,T Harrington
29/09/2018,Rotherham,Stoke,2,2,D,D Webb
29/09/2018,Swansea,QPR,3,0,H,K Friend
28/09/2018,Bristol City,Aston Villa,1,1,D,T Robinson
28/09/2018,Sheffield Weds,Leeds,1,1,D,R Jones
22/09/2018,Aston Villa,Sheffield Weds,1,2,A,D Webb
22/09/2018,Derby,Brentford,3,1,H,A Madley
22/09/2018,Ipswich,Bolton,0,0,D,S Martin
22/09/2018,Leeds,Birmingham,1,2,A,P Bankes
22/09/2018,Middlesbrough,Swansea,0,0,D,S Hooper
22/09/2018,Nott'm Forest,Rotherham,1,0,H,R Jones
22/09/2018,QPR,Norwich,0,1,A,D Bond
22/09/2018,Reading,Hull,3,0,H,J Simpson
22/09/2018,Sheffield United,Preston,3,2,H,S Duncan
22/09/2018,Stoke,Blackburn,2,3,A,T Harrington
22/09/2018,West Brom,Millwall,2,0,H,T Robinson
21/09/2018,Wigan,Bristol City,1,0,H,O Langford
19/09/2018,Middlesbrough,Bolton,2,0,H,D Coote
19/09/2018,Nott'm Forest,Sheffield Weds,2,1,H,T Harrington
19/09/2018,QPR,Millwall,2,0,H,R Jones
19/09/2018,Reading,Norwich,1,2,A,T Robinson
19/09/2018,Sheffield United,Birmingham,0,0,D,G Ward
18/09/2018,Aston Villa,Rotherham,2,0,H,A Davies
18/09/2018,Derby,Blackburn,0,0,D,D England
18/09/2018,Ipswich,Brentford,1,1,D,D Bond
18/09/2018,Leeds,Preston,3,0,H,G Eltringham
18/09/2018,Stoke,Swansea,1,0,H,P Tierney
18/09/2018,West Brom,Bristol City,4,2,H,J Simpson
18/09/2018,Wigan,Hull,2,1,H,D Webb
15/09/2018,Blackburn,Aston Villa,1,1,D,S Martin
15/09/2018,Bolton,QPR,1,2,A,O Langford
15/09/2018,Brentford,Wigan,2,0,H,D England
15/09/2018,Bristol City,Sheffield United,1,0,H,J Brooks
15/09/2018,Hull,Ipswich,2,0,H,T Harrington
15/09/2018,Millwall,Leeds,1,1,D,C Kavanagh
15/09/2018,Norwich,Middlesbrough,1,0,H,J Linington
15/09/2018,Preston,Reading,2,3,A,D Bond
15/09/2018,Rotherham,Derby,1,0,H,P Bankes
15/09/2018,Sheffield Weds,Stoke,2,2,D,G Eltringham
15/09/2018,Swansea,Nott'm Forest,0,0,D,S Duncan
14/09/2018,Birmingham,West Brom,1,1,D,A Madley
2/09/2018,Bristol City,Blackburn,4,1,H,D Webb
2/09/2018,Ipswich,Norwich,1,1,D,R Jones
1/09/2018,Birmingham,QPR,0,0,D,J Simpson
1/09/2018,Brentford,Nott'm Forest,2,1,H,P Bankes
1/09/2018,Hull,Derby,1,2,A,J Brooks
1/09/2018,Millwall,Swansea,1,2,A,G Scott
1/09/2018,Preston,Bolton,2,2,D,A Davies
1/09/2018,Reading,Sheffield Weds,1,2,A,G Ward
1/09/2018,Sheffield United,Aston Villa,4,1,H,J Linington
1/09/2018,West Brom,Stoke,2,1,H,S Hooper
1/09/2018,Wigan,Rotherham,1,0,H,S Duncan
31/08/2018,Leeds,Middlesbrough,0,0,D,T Robinson
26/08/2018,Rotherham,Millwall,1,0,H,G Eltringham
25/08/2018,Aston Villa,Reading,1,1,D,D England
25/08/2018,Blackburn,Brentford,1,0,H,T Harrington
25/08/2018,Bolton,Sheffield United,0,3,A,A Madley
25/08/2018,Derby,Preston,2,0,H,D Webb
25/08/2018,Norwich,Leeds,0,3,A,S Hooper
25/08/2018,Nott'm Forest,Birmingham,2,2,D,T Robinson
25/08/2018,QPR,Wigan,1,0,H,S Martin
25/08/2018,Sheffield Weds,Ipswich,2,1,H,J Simpson
25/08/2018,Stoke,Hull,2,0,H,D Bond
25/08/2018,Swansea,Bristol City,0,1,A,G Ward
24/08/2018,Middlesbrough,West Brom,1,0,H,J Brooks
22/08/2018,Aston Villa,Brentford,2,2,D,J Moss
22/08/2018,Blackburn,Reading,2,2,D,O Langford
22/08/2018,Bolton,Birmingham,1,0,H,L Probert
22/08/2018,Norwich,Preston,2,0,H,G Ward
22/08/2018,Sheffield Weds,Millwall,2,1,H,A Madley
22/08/2018,Stoke,Wigan,0,3,A,J Brooks
21/08/2018,Derby,Ipswich,2,0,H,S Duncan
21/08/2018,QPR,Bristol City,0,3,A,P Bankes
21/08/2018,Rotherham,Hull,2,3,A,J Simpson
21/08/2018,Swansea,Leeds,2,2,D,A Davies
19/08/2018,Brentford,Sheffield Weds,2,0,H,D Webb
18/08/2018,Bristol City,Middlesbrough,0,2,A,O Langford
18/08/2018,Hull,Blackburn,0,1,A,D Coote
18/08/2018,Ipswich,Aston Villa,1,1,D,T Robinson
18/08/2018,Leeds,Rotherham,2,0,H,R Jones
18/08/2018,Millwall,Derby,2,1,H,S Martin
18/08/2018,Preston,Stoke,2,2,D,A Madley
18/08/2018,Reading,Bolton,0,1,A,J Linington
18/08/2018,Sheffield United,Norwich,2,1,H,D Bond
18/08/2018,West Brom,QPR,7,1,H,T Harrington
18/08/2018,Wigan,Nott'm Forest,2,2,D,G Eltringham
17/08/2018,Birmingham,Swansea,0,0,D,D England
11/08/2018,Aston Villa,Wigan,3,2,H,J Simpson
11/08/2018,Blackburn,Millwall,0,0,D,G Ward
11/08/2018,Bolton,Bristol City,2,2,D,J Brooks
11/08/2018,Derby,Leeds,1,4,A,P Bankes
11/08/2018,Middlesbrough,Birmingham,1,0,H,A Madley
11/08/2018,Norwich,West Brom,3,4,A,L Mason
11/08/2018,Nott'm Forest,Reading,1,0,H,S Martin
11/08/2018,QPR,Sheffield United,1,2,A,S Duncan
11/08/2018,Rotherham,Ipswich,1,0,H,D Webb
11/08/2018,Sheffield Weds,Hull,1,1,D,S Attwell
11/08/2018,Stoke,Brentford,1,1,D,A Davies
11/08/2018,Swansea,Preston,1,0,H,J Linington
7/08/2018,Middlesbrough,Sheffield United,3,0,H,R Jones
7/08/2018,Nott'm Forest,West Brom,1,1,D,D England
6/08/2018,Hull,Aston Villa,1,3,A,A Madley
5/08/2018,Leeds,Stoke,3,1,H,S Duncan
4/08/2018,Birmingham,Norwich,2,2,D,P Bankes
4/08/2018,Brentford,Rotherham,5,1,H,O Langford
4/08/2018,Bristol City,Nott'm Forest,1,1,D,D Bond
4/08/2018,Ipswich,Blackburn,2,2,D,A Davies
4/08/2018,Millwall,Middlesbrough,2,2,D,K Friend
4/08/2018,Preston,QPR,1,0,H,D England
4/08/2018,Sheffield United,Swansea,1,2,A,J Simpson
4/08/2018,West Brom,Bolton,1,2,A,G Eltringham
4/08/2018,Wigan,Sheffield Weds,3,2,H,T Robinson
3/08/2018,Reading,Derby,1,2,A,R Jones
6/05/2018,Birmingham,Fulham,3,1,H,S Attwell
6/05/2018,Bolton,Nott'm Forest,3,2,H,S Duncan
6/05/2018,Brentford,Hull,1,1,D,J Linington
6/05/2018,Bristol City,Sheffield United,2,3,A,P Bankes
6/05/2018,Cardiff,Reading,0,0,D,R Madley
6/05/2018,Derby,Barnsley,4,1,H,S Hooper
6/05/2018,Ipswich,Middlesbrough,2,2,D,D Coote
6/05/2018,Leeds,QPR,2,0,H,D England
6/05/2018,Millwall,Aston Villa,1,0,H,T Robinson
6/05/2018,Preston,Burton,2,1,H,A Madley
6/05/2018,Sheffield Weds,Norwich,5,1,H,R Jones
6/05/2018,Sunderland,Wolves,3,0,H,J Simpson
28/04/2018,Aston Villa,Derby,1,1,D,S Duncan
28/04/2018,Barnsley,Brentford,2,0,H,D Bond
28/04/2018,Burton,Bolton,2,0,H,G Scott
28/04/2018,Hull,Cardiff,0,2,A,A Davies
28/04/2018,Middlesbrough,Millwall,2,0,H,P Tierney
28/04/2018,Norwich,Leeds,2,1,H,J Brooks
28/04/2018,Nott'm Forest,Bristol City,0,0,D,J Simpson
28/04/2018,QPR,Birmingham,3,1,H,S Martin
28/04/2018,Reading,Ipswich,0,4,A,K Stroud
28/04/2018,Sheffield United,Preston,0,1,A,J Linington
28/04/2018,Wolves,Sheffield Weds,0,0,D,S Hooper
27/04/2018,Fulham,Sunderland,2,1,H,P Bankes
24/04/2018,Derby,Cardiff,3,1,H,A Madley
24/04/2018,Nott'm Forest,Barnsley,3,0,H,R Jones
21/04/2018,Birmingham,Sheffield United,2,1,H,T Robinson
21/04/2018,Bolton,Wolves,0,4,A,K Stroud
21/04/2018,Brentford,QPR,2,1,H,A Madley
21/04/2018,Bristol City,Hull,5,5,D,O Langford
21/04/2018,Cardiff,Nott'm Forest,2,1,H,P Bankes
21/04/2018,Derby,Middlesbrough,1,2,A,L Probert
21/04/2018,Ipswich,Aston Villa,0,4,A,S Hooper
21/04/2018,Leeds,Barnsley,2,1,H,S Martin
21/04/2018,Preston,Norwich,0,0,D,G Eltringham
21/04/2018,Sheffield Weds,Reading,3,0,H,J Simpson
21/04/2018,Sunderland,Burton,1,2,A,D England
20/04/2018,Millwall,Fulham,0,3,A,A Madley
15/04/2018,Wolves,Birmingham,2,0,H,A Davies
14/04/2018,Barnsley,Bolton,2,2,D,M Jones
14/04/2018,Burton,Derby,3,1,H,J Linington
14/04/2018,Fulham,Brentford,1,1,D,N Swarbrick
14/04/2018,Hull,Sheffield Weds,0,1,A,S Duncan
14/04/2018,Middlesbrough,Bristol City,2,1,H,A Madley
14/04/2018,Norwich,Cardiff,0,2,A,T Robinson
14/04/2018,Nott'm Forest,Ipswich,2,1,H,D England
14/04/2018,QPR,Preston,1,2,A,R Jones
14/04/2018,Reading,Sunderland,2,2,D,S Martin
14/04/2018,Sheffield United,Millwall,1,1,D,D Coote
13/04/2018,Aston Villa,Leeds,1,0,H,T Harrington
11/04/2018,Wolves,Derby,2,0,H,T Robinson
10/04/2018,Aston Villa,Cardiff,1,0,H,J Simpson
10/04/2018,Bolton,Millwall,0,2,A,R Jones
10/04/2018,Bristol City,Birmingham,3,1,H,G Eltringham
10/04/2018,Burton,Hull,0,5,A,P Bankes
10/04/2018,Fulham,Reading,1,0,H,L Mason
10/04/2018,Ipswich,Barnsley,1,0,H,J Linington
10/04/2018,Nott'm Forest,Brentford,0,1,A,A Davies
10/04/2018,Preston,Leeds,3,1,H,L Probert
10/04/2018,QPR,Sheffield Weds,4,2,H,O Langford
10/04/2018,Sheffield United,Middlesbrough,2,1,H,D Bond
10/04/2018,Sunderland,Norwich,1,1,D,D Coote
7/04/2018,Barnsley,Sheffield United,3,2,H,S Duncan
7/04/2018,Birmingham,Burton,1,1,D,D Bond
7/04/2018,Brentford,Ipswich,1,0,H,R Jones
7/04/2018,Derby,Bolton,3,0,H,D England
7/04/2018,Hull,QPR,4,0,H,G Eltringham
7/04/2018,Leeds,Sunderland,1,1,D,J Simpson
7/04/2018,Middlesbrough,Nott'm Forest,2,0,H,D Webb
7/04/2018,Millwall,Bristol City,2,0,H,S Hooper
7/04/2018,Norwich,Aston Villa,3,1,H,P Bankes
7/04/2018,Reading,Preston,1,0,H,A Madley
7/04/2018,Sheffield Weds,Fulham,0,1,A,S Martin
6/04/2018,Cardiff,Wolves,0,1,A,M Dean
3/04/2018,Aston Villa,Reading,3,0,H,D Bond
3/04/2018,Bolton,Birmingham,0,1,A,O Langford
3/04/2018,Fulham,Leeds,2,0,H,P Bankes
3/04/2018,Wolves,Hull,2,2,D,D England
2/04/2018,Bristol City,Brentford,0,1,A,K Stroud
2/04/2018,Burton,Middlesbrough,1,1,D,D Coote
2/04/2018,Ipswich,Millwall,2,2,D,S Martin
2/04/2018,Preston,Derby,0,1,A,T Harrington
2/04/2018,QPR,Norwich,4,1,H,J Linington
2/04/2018,Sheffield United,Cardiff,1,1,D,S Hooper
2/04/2018,Sunderland,Sheffield Weds,1,3,A,M Oliver
31/03/2018,Birmingham,Ipswich,1,0,H,R East
31/03/2018,Hull,Aston Villa,0,0,D,A Davies
30/03/2018,Barnsley,Bristol City,2,2,D,D Webb
30/03/2018,Brentford,Sheffield United,1,1,D,J Simpson
30/03/2018,Cardiff,Burton,3,1,H,S Hooper
30/03/2018,Derby,Sunderland,1,4,A,J Linington
30/03/2018,Leeds,Bolton,2,1,H,G Eltringham
30/03/2018,Middlesbrough,Wolves,1,2,A,S Attwell
30/03/2018,Millwall,Nott'm Forest,2,0,H,S Duncan
30/03/2018,Norwich,Fulham,0,2,A,K Stroud
30/03/2018,Reading,QPR,1,0,H,D Coote
30/03/2018,Sheffield Weds,Preston,4,1,H,T Robinson
17/03/2018,Barnsley,Millwall,0,2,A,P Bankes
17/03/2018,Birmingham,Hull,3,0,H,T Harrington
17/03/2018,Bolton,Aston Villa,1,0,H,R Jones
17/03/2018,Brentford,Middlesbrough,1,1,D,S Hooper
17/03/2018,Bristol City,Ipswich,1,0,H,D England
17/03/2018,Fulham,QPR,2,2,D,C Kavanagh
17/03/2018,Leeds,Sheffield Weds,1,2,A,K Stroud
17/03/2018,Norwich,Reading,3,2,H,O Langford
17/03/2018,Sheffield United,Nott'm Forest,0,0,D,P Tierney
17/03/2018,Sunderland,Preston,0,2,A,D Bond
17/03/2018,Wolves,Burton,3,1,H,G Eltringham
13/03/2018,Aston Villa,QPR,1,3,A,T Robinson
13/03/2018,Barnsley,Norwich,1,1,D,S Martin
13/03/2018,Brentford,Cardiff,1,3,A,J Linington
13/03/2018,Ipswich,Hull,0,3,A,J Simpson
13/03/2018,Sheffield United,Burton,2,0,H,S Duncan
13/03/2018,Wolves,Reading,3,0,H,R Jones
11/03/2018,Nott'm Forest,Derby,0,0,D,J Simpson
10/03/2018,Aston Villa,Wolves,4,1,H,D Coote
10/03/2018,Burton,Bristol City,0,0,D,O Langford
10/03/2018,Cardiff,Birmingham,3,2,H,P Bankes
10/03/2018,Hull,Norwich,4,3,H,T Robinson
10/03/2018,Ipswich,Sheffield United,0,0,D,J Brooks
10/03/2018,Middlesbrough,Barnsley,3,1,H,A Davies
10/03/2018,Millwall,Brentford,1,0,H,S Attwell
10/03/2018,Preston,Fulham,1,2,A,S Hooper
10/03/2018,QPR,Sunderland,1,0,H,R Jones
10/03/2018,Reading,Leeds,2,2,D,S Duncan
10/03/2018,Sheffield Weds,Bolton,1,1,D,D Bond
7/03/2018,Leeds,Wolves,0,3,A,T Robinson
6/03/2018,Birmingham,Middlesbrough,0,1,A,S Martin
6/03/2018,Burton,Brentford,0,2,A,T Harrington
6/03/2018,Cardiff,Barnsley,2,1,H,R Jones
6/03/2018,Fulham,Sheffield United,3,0,H,K Stroud
6/03/2018,Hull,Millwall,1,2,A,D Coote
6/03/2018,Norwich,Nott'm Forest,0,0,D,D England
6/03/2018,Preston,Bristol City,2,1,H,G Eltringham
6/03/2018,QPR,Derby,1,1,D,S Hooper
6/03/2018,Reading,Bolton,1,1,D,J Linington
6/03/2018,Sheffield Weds,Ipswich,1,2,A,O Langford
6/03/2018,Sunderland,Aston Villa,0,3,A,A Madley
3/03/2018,Bolton,Preston,1,3,A,P Bankes
3/03/2018,Bristol City,Sheffield Weds,4,0,H,T Harrington
3/03/2018,Derby,Fulham,1,2,A,L Mason
3/03/2018,Millwall,Sunderland,1,1,D,A Davies
3/03/2018,Nott'm Forest,Birmingham,2,1,H,K Stroud
2/03/2018,Middlesbrough,Leeds,3,0,H,D England
27/02/2018,Hull,Barnsley,1,1,D,M Jones
27/02/2018,Reading,Sheffield United,1,3,A,A Davies
25/02/2018,Cardiff,Bristol City,1,0,H,P Tierney
24/02/2018,Birmingham,Barnsley,0,2,A,J Simpson
24/02/2018,Burton,Millwall,0,1,A,R Jones
24/02/2018,Fulham,Wolves,2,0,H,P Bankes
24/02/2018,Leeds,Brentford,1,0,H,O Langford
24/02/2018,Norwich,Bolton,0,0,D,K Stroud
24/02/2018,Preston,Ipswich,0,1,A,S Duncan
24/02/2018,QPR,Nott'm Forest,2,5,A,D Bond
24/02/2018,Reading,Derby,3,3,D,T Harrington
24/02/2018,Sheffield Weds,Aston Villa,2,4,A,N Swarbrick
24/02/2018,Sunderland,Middlesbrough,3,3,D,T Robinson
23/02/2018,Hull,Sheffield United,1,0,H,S Hooper
21/02/2018,Bristol City,Fulham,1,1,D,J Simpson
21/02/2018,Derby,Leeds,2,2,D,K Stroud
21/02/2018,Ipswich,Cardiff,0,1,A,A Davies
21/02/2018,Wolves,Norwich,2,2,D,J Linington
20/02/2018,Aston Villa,Preston,1,1,D,D England
20/02/2018,Barnsley,Burton,1,2,A,T Robinson
20/02/2018,Bolton,Sunderland,1,0,H,D Coote
20/02/2018,Brentford,Birmingham,5,0,H,G Eltringham
20/02/2018,Middlesbrough,Hull,3,1,H,A Madley
20/02/2018,Millwall,Sheffield Weds,2,1,H,P Bankes
20/02/2018,Nott'm Forest,Reading,1,1,D,S Martin
20/02/2018,Sheffield United,QPR,2,1,H,O Langford
18/02/2018,Leeds,Bristol City,2,2,D,S Hooper
18/02/2018,Norwich,Ipswich,1,1,D,D Coote
17/02/2018,Birmingham,Millwall,0,1,A,D England
17/02/2018,Burton,Nott'm Forest,0,0,D,A Davies
17/02/2018,Cardiff,Middlesbrough,1,0,H,D Bond
17/02/2018,Fulham,Aston Villa,2,0,H,T Harrington
17/02/2018,Preston,Wolves,1,1,D,R Jones
17/02/2018,QPR,Bolton,2,0,H,S Duncan
17/02/2018,Sunderland,Brentford,0,2,A,J Brooks
13/02/2018,Cardiff,Bolton,2,0,H,T Robinson
13/02/2018,Sheffield Weds,Derby,2,0,H,D Coote
11/02/2018,Aston Villa,Birmingham,2,0,H,P Bankes
10/02/2018,Barnsley,Sheffield Weds,1,1,D,L Probert
10/02/2018,Bolton,Fulham,1,1,D,R Jones
10/02/2018,Brentford,Preston,1,1,D,S Hooper
10/02/2018,Bristol City,Sunderland,3,3,D,J Linington
10/02/2018,Derby,Norwich,1,1,D,J Simpson
10/02/2018,Ipswich,Burton,0,0,D,D Webb
10/02/2018,Middlesbrough,Reading,2,1,H,D Coote
10/02/2018,Nott'm Forest,Hull,0,2,A,O Langford
10/02/2018,Sheffield United,Leeds,2,1,H,A Madley
10/02/2018,Wolves,QPR,2,1,H,G Eltringham
9/02/2018,Millwall,Cardiff,1,1,D,K Stroud
3/02/2018,Aston Villa,Burton,3,2,H,D Coote
3/02/2018,Derby,Brentford,3,0,H,P Bankes
3/02/2018,Fulham,Nott'm Forest,2,0,H,T Robinson
3/02/2018,Leeds,Cardiff,1,4,A,G Scott
3/02/2018,Norwich,Middlesbrough,1,0,H,M Jones
3/02/2018,Preston,Hull,2,1,H,S Martin
3/02/2018,QPR,Barnsley,1,0,H,T Harrington
3/02/2018,Reading,Millwall,0,2,A,G Eltringham
3/02/2018,Sheffield Weds,Birmingham,1,3,A,S Duncan
3/02/2018,Sunderland,Ipswich,0,2,A,D England
3/02/2018,Wolves,Sheffield United,3,0,H,D Bond
2/02/2018,Bolton,Bristol City,1,0,H,A Madley
30/01/2018,Birmingham,Sunderland,3,1,H,D Bond
30/01/2018,Burton,Reading,1,3,A,R Jones
30/01/2018,Hull,Leeds,0,0,D,T Harrington
30/01/2018,Middlesbrough,Sheffield Weds,0,0,D,J Linington
30/01/2018,Millwall,Derby,0,0,D,O Langford
30/01/2018,Nott'm Forest,Preston,0,3,A,G Eltringham
30/01/2018,Sheffield United,Aston Villa,0,1,A,J Simpson
27/01/2018,Barnsley,Fulham,1,3,A,A Davies
27/01/2018,Brentford,Norwich,0,1,A,S Duncan
27/01/2018,Bristol City,QPR,2,0,H,K Stroud
27/01/2018,Ipswich,Wolves,0,1,A,S Hooper
20/01/2018,Aston Villa,Barnsley,3,1,H,S Duncan
20/01/2018,Bolton,Ipswich,1,1,D,P Bankes
20/01/2018,Fulham,Burton,6,0,H,T Robinson
20/01/2018,Leeds,Millwall,3,4,A,D Coote
20/01/2018,Norwich,Sheffield United,1,2,A,T Harrington
20/01/2018,Preston,Birmingham,1,1,D,A Davies
20/01/2018,QPR,Middlesbrough,0,3,A,O Langford
20/01/2018,Reading,Brentford,0,1,A,D Bond
20/01/2018,Sheffield Weds,Cardiff,0,0,D,R East
20/01/2018,Sunderland,Hull,1,0,H,K Stroud
20/01/2018,Wolves,Nott'm Forest,0,2,A,R Madley
19/01/2018,Derby,Bristol City,0,0,D,D England
13/01/2018,Barnsley,Wolves,0,0,D,K Stroud
13/01/2018,Birmingham,Derby,0,3,A,L Probert
13/01/2018,Brentford,Bolton,2,0,H,A Davies
13/01/2018,Bristol City,Norwich,0,1,A,S Hooper
13/01/2018,Burton,QPR,1,3,A,S Martin
13/01/2018,Cardiff,Sunderland,4,0,H,A Madley
13/01/2018,Hull,Reading,0,0,D,D England
13/01/2018,Ipswich,Leeds,1,0,H,R Jones
13/01/2018,Middlesbrough,Fulham,0,1,A,G Eltringham
13/01/2018,Millwall,Preston,1,1,D,J Simpson
13/01/2018,Nott'm Forest,Aston Villa,0,1,A,J Linington
12/01/2018,Sheffield United,Sheffield Weds,0,0,D,D Coote
2/01/2018,Fulham,Ipswich,4,1,H,K Stroud
2/01/2018,Reading,Birmingham,0,2,A,J Linington
2/01/2018,Wolves,Brentford,3,0,H,A Madley
1/01/2018,Aston Villa,Bristol City,5,0,H,A Davies
1/01/2018,Bolton,Hull,1,0,H,G Eltringham
1/01/2018,Derby,Sheffield United,1,1,D,D Bond
1/01/2018,Leeds,Nott'm Forest,0,0,D,J Simpson
1/01/2018,Norwich,Millwall,2,1,H,S Martin
1/01/2018,Preston,Middlesbrough,2,3,A,D Coote
1/01/2018,QPR,Cardiff,2,1,H,T Robinson
1/01/2018,Sheffield Weds,Burton,0,3,A,D England
1/01/2018,Sunderland,Barnsley,0,1,A,R Jones
30/12/2017,Barnsley,Reading,1,1,D,S Hooper
30/12/2017,Birmingham,Leeds,1,0,H,T Robinson
30/12/2017,Brentford,Sheffield Weds,2,0,H,D Coote
30/12/2017,Bristol City,Wolves,1,2,A,P Bankes
30/12/2017,Burton,Norwich,0,0,D,R Jones
30/12/2017,Hull,Fulham,2,2,D,D Webb
30/12/2017,Ipswich,Derby,1,2,A,O Langford
30/12/2017,Middlesbrough,Aston Villa,0,1,A,A Madley
30/12/2017,Nott'm Forest,Sunderland,0,1,A,D Bond
30/12/2017,Sheffield United,Bolton,0,1,A,S Martin
29/12/2017,Cardiff,Preston,0,1,A,J Linington
29/12/2017,Millwall,QPR,1,0,H,K Stroud
26/12/2017,Barnsley,Preston,0,0,D,G Eltringham
26/12/2017,Birmingham,Norwich,0,2,A,D Coote
26/12/2017,Brentford,Aston Villa,2,1,H,K Stroud
26/12/2017,Bristol City,Reading,2,0,H,O Langford
26/12/2017,Burton,Leeds,1,2,A,D Bond
26/12/2017,Cardiff,Fulham,2,4,A,S Hooper
26/12/2017,Hull,Derby,0,0,D,T Harrington
26/12/2017,Ipswich,QPR,0,0,D,A Davies
26/12/2017,Middlesbrough,Bolton,2,0,H,J Simpson
26/12/2017,Millwall,Wolves,2,2,D,T Robinson
26/12/2017,Nott'm Forest,Sheffield Weds,0,3,A,A Madley
26/12/2017,Sheffield United,Sunderland,3,0,H,P Bankes
23/12/2017,Aston Villa,Sheffield United,2,2,D,S Hooper
23/12/2017,Bolton,Cardiff,2,0,H,D Bond
23/12/2017,Derby,Millwall,3,0,H,D England
23/12/2017,Fulham,Barnsley,2,1,H,J Linington
23/12/2017,Leeds,Hull,1,0,H,S Martin
23/12/2017,Preston,Nott'm Forest,1,1,D,S Duncan
23/12/2017,QPR,Bristol City,1,1,D,A Madley
23/12/2017,Reading,Burton,1,2,A,J Brooks
23/12/2017,Sheffield Weds,Middlesbrough,1,2,A,P Bankes
23/12/2017,Sunderland,Birmingham,1,1,D,O Langford
23/12/2017,Wolves,Ipswich,1,0,H,D Coote
22/12/2017,Norwich,Brentford,1,2,A,J Simpson
16/12/2017,Birmingham,QPR,1,2,A,M Jones
16/12/2017,Bolton,Burton,0,1,A,A Madley
16/12/2017,Brentford,Barnsley,0,0,D,D Coote
16/12/2017,Bristol City,Nott'm Forest,2,1,H,J Linington
16/12/2017,Cardiff,Hull,1,0,H,S Duncan
16/12/2017,Derby,Aston Villa,2,0,H,L Probert
16/12/2017,Ipswich,Reading,2,0,H,P Bankes
16/12/2017,Leeds,Norwich,1,0,H,D England
16/12/2017,Millwall,Middlesbrough,2,1,H,O Langford
16/12/2017,Preston,Sheffield United,1,0,H,T Robinson
16/12/2017,Sunderland,Fulham,1,0,H,S Martin
15/12/2017,Sheffield Weds,Wolves,0,1,A,D Bond
11/12/2017,Reading,Cardiff,2,2,D,S Martin
9/12/2017,Aston Villa,Millwall,0,0,D,A Davies
9/12/2017,Barnsley,Derby,0,3,A,T Robinson
9/12/2017,Burton,Preston,1,2,A,K Stroud
9/12/2017,Fulham,Birmingham,1,0,H,T Harrington
9/12/2017,Hull,Brentford,3,2,H,S Hooper
9/12/2017,Middlesbrough,Ipswich,2,0,H,R Jones
9/12/2017,Norwich,Sheffield Weds,3,1,H,J Linington
9/12/2017,Nott'm Forest,Bolton,3,2,H,D England
9/12/2017,QPR,Leeds,1,3,A,C Kavanagh
9/12/2017,Wolves,Sunderland,0,0,D,J Simpson
8/12/2017,Sheffield United,Bristol City,1,2,A,D Coote
4/12/2017,Birmingham,Wolves,0,1,A,S Hooper
2/12/2017,Bolton,Barnsley,3,1,H,O Langford
2/12/2017,Brentford,Fulham,3,1,H,R Madley
2/12/2017,Bristol City,Middlesbrough,2,1,H,S Martin
2/12/2017,Derby,Burton,1,0,H,D Coote
2/12/2017,Ipswich,Nott'm Forest,4,2,H,D Bond
2/12/2017,Millwall,Sheffield United,3,1,H,A Madley
2/12/2017,Preston,QPR,1,0,H,J Simpson
2/12/2017,Sheffield Weds,Hull,2,2,D,M Jones
2/12/2017,Sunderland,Reading,1,3,A,K Stroud
1/12/2017,Cardiff,Norwich,3,1,H,A Davies
1/12/2017,Leeds,Aston Villa,1,1,D,P Bankes
28/11/2017,Derby,Ipswich,0,1,A,S Duncan
28/11/2017,Reading,Barnsley,3,0,H,D Bond
27/11/2017,QPR,Brentford,2,2,D,S Martin
26/11/2017,Nott'm Forest,Cardiff,0,2,A,P Bankes
25/11/2017,Aston Villa,Ipswich,2,0,H,T Harrington
25/11/2017,Barnsley,Leeds,0,2,A,A Madley
25/11/2017,Burton,Sunderland,0,2,A,D England
25/11/2017,Fulham,Millwall,1,0,H,P Tierney
25/11/2017,Hull,Bristol City,2,3,A,R Jones
25/11/2017,Middlesbrough,Derby,0,3,A,S Hooper
25/11/2017,Norwich,Preston,1,1,D,T Robinson
25/11/2017,Reading,Sheffield Weds,0,0,D,D Coote
25/11/2017,Sheffield United,Birmingham,1,1,D,J Simpson
25/11/2017,Wolves,Bolton,5,1,H,K Stroud
22/11/2017,Ipswich,Sheffield Weds,2,2,D,K Stroud
22/11/2017,Middlesbrough,Birmingham,2,0,H,D England
22/11/2017,Wolves,Leeds,4,1,H,G Eltringham
21/11/2017,Aston Villa,Sunderland,2,1,H,S Martin
21/11/2017,Barnsley,Cardiff,0,1,A,D Coote
21/11/2017,Bolton,Reading,2,2,D,A Madley
21/11/2017,Brentford,Burton,1,1,D,C Kavanagh
21/11/2017,Bristol City,Preston,1,2,A,D Bond
21/11/2017,Derby,QPR,2,0,H,P Tierney
21/11/2017,Millwall,Hull,0,0,D,J Simpson
21/11/2017,Nott'm Forest,Norwich,1,0,H,T Harrington
21/11/2017,Sheffield United,Fulham,4,5,A,J Linington
19/11/2017,Leeds,Middlesbrough,2,1,H,K Stroud
18/11/2017,Birmingham,Nott'm Forest,1,0,H,C Kavanagh
18/11/2017,Cardiff,Brentford,2,0,H,A Madley
18/11/2017,Fulham,Derby,1,1,D,D Bond
18/11/2017,Hull,Ipswich,2,2,D,D Coote
18/11/2017,Norwich,Barnsley,1,1,D,S Duncan
18/11/2017,QPR,Aston Villa,1,2,A,D England
18/11/2017,Reading,Wolves,0,2,A,R East
18/11/2017,Sheffield Weds,Bristol City,0,0,D,T Harrington
18/11/2017,Sunderland,Millwall,2,2,D,T Robinson
17/11/2017,Burton,Sheffield United,1,3,A,O Langford
17/11/2017,Preston,Bolton,0,0,D,S Hooper
5/11/2017,Middlesbrough,Sunderland,1,0,H,J Simpson
4/11/2017,Aston Villa,Sheffield Weds,1,2,A,G Eltringham
4/11/2017,Barnsley,Birmingham,2,0,H,J Linington
4/11/2017,Bolton,Norwich,2,1,H,S Martin
4/11/2017,Brentford,Leeds,3,1,H,S Attwell
4/11/2017,Bristol City,Cardiff,2,1,H,M Jones
4/11/2017,Derby,Reading,2,4,A,K Stroud
4/11/2017,Ipswich,Preston,3,0,H,A Madley
4/11/2017,Millwall,Burton,0,1,A,T Harrington
4/11/2017,Nott'm Forest,QPR,4,0,H,T Robinson
4/11/2017,Sheffield United,Hull,4,1,H,D Bond
3/11/2017,Wolves,Fulham,2,0,H,D Coote
1/11/2017,Birmingham,Brentford,0,2,A,J Moss
1/11/2017,Preston,Aston Villa,0,2,A,P Bankes
31/10/2017,Burton,Barnsley,2,4,A,J Simpson
31/10/2017,Cardiff,Ipswich,3,1,H,O Langford
31/10/2017,Fulham,Bristol City,0,2,A,S Duncan
31/10/2017,Hull,Middlesbrough,1,3,A,T Robinson
31/10/2017,Leeds,Derby,1,2,A,S Hooper
31/10/2017,Norwich,Wolves,0,2,A,D England
31/10/2017,QPR,Sheffield United,1,0,H,K Stroud
31/10/2017,Reading,Nott'm Forest,3,1,H,P Tierney
31/10/2017,Sheffield Weds,Millwall,2,1,H,J Linington
31/10/2017,Sunderland,Bolton,3,3,D,T Harrington
29/10/2017,Birmingham,Aston Villa,0,0,D,A Madley
28/10/2017,Burton,Ipswich,1,2,A,S Hooper
28/10/2017,Cardiff,Millwall,0,0,D,S Martin
28/10/2017,Fulham,Bolton,1,1,D,G Eltringham
28/10/2017,Hull,Nott'm Forest,2,3,A,J Simpson
28/10/2017,Norwich,Derby,1,2,A,P Bankes
28/10/2017,Preston,Brentford,2,3,A,D Coote
28/10/2017,QPR,Wolves,2,1,H,T Harrington
28/10/2017,Reading,Middlesbrough,0,2,A,O Langford
28/10/2017,Sheffield Weds,Barnsley,1,1,D,A Taylor
28/10/2017,Sunderland,Bristol City,1,2,A,D Bond
27/10/2017,Leeds,Sheffield United,1,2,A,S Duncan
22/10/2017,Ipswich,Norwich,0,1,A,T Robinson
21/10/2017,Aston Villa,Fulham,2,1,H,M Jones
21/10/2017,Barnsley,Hull,0,1,A,P Bankes
21/10/2017,Bolton,QPR,1,1,D,J Linington
21/10/2017,Brentford,Sunderland,3,3,D,D England
21/10/2017,Bristol City,Leeds,0,3,A,O Langford
21/10/2017,Derby,Sheffield Weds,2,0,H,S Duncan
21/10/2017,Middlesbrough,Cardiff,0,1,A,A Madley
21/10/2017,Millwall,Birmingham,2,0,H,S Hooper
21/10/2017,Nott'm Forest,Burton,2,0,H,K Stroud
21/10/2017,Sheffield United,Reading,2,1,H,D Coote
21/10/2017,Wolves,Preston,3,2,H,S Martin
15/10/2017,Derby,Nott'm Forest,2,0,H,A Madley
14/10/2017,Barnsley,Middlesbrough,2,2,D,L Mason
14/10/2017,Bolton,Sheffield Weds,2,1,H,D Coote
14/10/2017,Brentford,Millwall,1,0,H,L Probert
14/10/2017,Fulham,Preston,2,2,D,D England
14/10/2017,Leeds,Reading,0,1,A,J Simpson
14/10/2017,Norwich,Hull,1,1,D,K Stroud
14/10/2017,Sheffield United,Ipswich,1,0,H,T Harrington
14/10/2017,Sunderland,QPR,1,1,D,S Martin
14/10/2017,Wolves,Aston Villa,2,0,H,A Davies
13/10/2017,Birmingham,Cardiff,1,0,H,G Eltringham
13/10/2017,Bristol City,Burton,0,0,D,J Linington
1/10/2017,Sheffield Weds,Leeds,3,0,H,A Madley
30/09/2017,Aston Villa,Bolton,1,0,H,J Simpson
30/09/2017,Burton,Wolves,0,4,A,T Harrington
30/09/2017,Cardiff,Derby,0,0,D,J Linington
30/09/2017,Hull,Birmingham,6,1,H,S Duncan
30/09/2017,Ipswich,Bristol City,1,3,A,S Hooper
30/09/2017,Middlesbrough,Brentford,2,2,D,P Tierney
30/09/2017,Millwall,Barnsley,1,3,A,O Langford
30/09/2017,Nott'm Forest,Sheffield United,2,1,H,A Davies
30/09/2017,Preston,Sunderland,2,2,D,C Kavanagh
30/09/2017,Reading,Norwich,1,2,A,T Robinson
29/09/2017,QPR,Fulham,1,2,A,P Bankes
27/09/2017,Birmingham,Sheffield Weds,1,0,H,S Martin
27/09/2017,Sheffield United,Wolves,2,0,H,P Bankes
26/09/2017,Barnsley,QPR,1,1,D,G Eltringham
26/09/2017,Brentford,Derby,1,1,D,A Davies
26/09/2017,Bristol City,Bolton,2,0,H,T Harrington
26/09/2017,Burton,Aston Villa,0,4,A,J Moss
26/09/2017,Cardiff,Leeds,3,1,H,K Friend
26/09/2017,Hull,Preston,1,2,A,J Linington
26/09/2017,Ipswich,Sunderland,5,2,H,T Robinson
26/09/2017,Middlesbrough,Norwich,0,1,A,J Simpson
26/09/2017,Millwall,Reading,2,1,H,A Madley
26/09/2017,Nott'm Forest,Fulham,1,3,A,S Duncan
24/09/2017,Sheffield Weds,Sheffield United,2,4,A,S Hooper
23/09/2017,Aston Villa,Nott'm Forest,2,1,H,T Robinson
23/09/2017,Bolton,Brentford,0,3,A,D England
23/09/2017,Derby,Birmingham,1,1,D,R East
23/09/2017,Fulham,Middlesbrough,1,1,D,O Langford
23/09/2017,Leeds,Ipswich,3,2,H,G Eltringham
23/09/2017,Norwich,Bristol City,0,0,D,K Stroud
23/09/2017,Preston,Millwall,0,0,D,D Bond
23/09/2017,QPR,Burton,0,0,D,A Madley
23/09/2017,Reading,Hull,1,1,D,S Martin
23/09/2017,Sunderland,Cardiff,1,2,A,P Bankes
23/09/2017,Wolves,Barnsley,2,1,H,J Simpson
16/09/2017,Barnsley,Aston Villa,0,3,A,S Hooper
16/09/2017,Birmingham,Preston,1,3,A,K Stroud
16/09/2017,Brentford,Reading,1,1,D,T Harrington
16/09/2017,Bristol City,Derby,4,1,H,M Atkinson
16/09/2017,Burton,Fulham,2,1,H,S Martin
16/09/2017,Cardiff,Sheffield Weds,1,1,D,L Probert
16/09/2017,Hull,Sunderland,1,1,D,D England
16/09/2017,Ipswich,Bolton,2,0,H,A Madley
16/09/2017,Middlesbrough,QPR,3,2,H,D Bond
16/09/2017,Millwall,Leeds,1,0,H,T Robinson
16/09/2017,Nott'm Forest,Wolves,1,2,A,G Eltringham
16/09/2017,Sheffield United,Norwich,0,1,A,S Duncan
13/09/2017,Fulham,Hull,2,1,H,T Robinson
12/09/2017,Aston Villa,Middlesbrough,0,0,D,J Linington
12/09/2017,Bolton,Sheffield United,0,1,A,S Attwell
12/09/2017,Leeds,Birmingham,2,0,H,P Bankes
12/09/2017,Norwich,Burton,0,0,D,A Davies
12/09/2017,Preston,Cardiff,3,0,H,O Langford
12/09/2017,QPR,Millwall,2,2,D,R East
12/09/2017,Sheffield Weds,Brentford,2,1,H,J Simpson
12/09/2017,Sunderland,Nott'm Forest,0,1,A,S Hooper
12/09/2017,Wolves,Bristol City,3,3,D,S Martin
9/09/2017,Aston Villa,Brentford,0,0,D,S Duncan
9/09/2017,Bolton,Middlesbrough,0,3,A,G Eltringham
9/09/2017,Fulham,Cardiff,1,1,D,T Harrington
9/09/2017,Leeds,Burton,5,0,H,O Langford
9/09/2017,Norwich,Birmingham,1,0,H,S Hooper
9/09/2017,Preston,Barnsley,1,1,D,P Bankes
9/09/2017,QPR,Ipswich,2,1,H,A Davies
9/09/2017,Reading,Bristol City,0,1,A,J Linington
9/09/2017,Sheffield Weds,Nott'm Forest,3,1,H,A Madley
9/09/2017,Sunderland,Sheffield United,1,2,A,J Simpson
9/09/2017,Wolves,Millwall,1,0,H,R Madley
8/09/2017,Derby,Hull,5,0,H,D Bond
26/08/2017,Barnsley,Sunderland,3,0,H,C Kavanagh
26/08/2017,Birmingham,Reading,0,2,A,S Martin
26/08/2017,Brentford,Wolves,0,0,D,T Robinson
26/08/2017,Burton,Sheffield Weds,1,1,D,D Bond
26/08/2017,Cardiff,QPR,2,1,H,S Hooper
26/08/2017,Ipswich,Fulham,0,2,A,P Tierney
26/08/2017,Middlesbrough,Preston,0,0,D,D England
26/08/2017,Millwall,Norwich,4,0,H,T Harrington
26/08/2017,Nott'm Forest,Leeds,0,2,A,J Simpson
26/08/2017,Sheffield United,Derby,3,1,H,A Madley
25/08/2017,Bristol City,Aston Villa,1,1,D,G Eltringham
25/08/2017,Hull,Bolton,4,0,H,O Langford
19/08/2017,Aston Villa,Norwich,4,2,H,J Simpson
19/08/2017,Bolton,Derby,1,2,A,S Martin
19/08/2017,Bristol City,Millwall,0,0,D,D England
19/08/2017,Fulham,Sheffield Weds,0,1,A,S Attwell
19/08/2017,Ipswich,Brentford,2,0,H,O Langford
19/08/2017,Nott'm Forest,Middlesbrough,2,1,H,G Scott
19/08/2017,Preston,Reading,1,0,H,A Madley
19/08/2017,QPR,Hull,2,1,H,J Linington
19/08/2017,Sheffield United,Barnsley,1,0,H,T Robinson
19/08/2017,Sunderland,Leeds,0,2,A,A Davies
19/08/2017,Wolves,Cardiff,1,2,A,S Duncan
18/08/2017,Burton,Birmingham,2,1,H,T Harrington
16/08/2017,Norwich,QPR,2,0,H,O Langford
16/08/2017,Sheffield Weds,Sunderland,1,1,D,S Martin
15/08/2017,Barnsley,Nott'm Forest,2,1,H,T Harrington
15/08/2017,Birmingham,Bolton,0,0,D,D England
15/08/2017,Brentford,Bristol City,2,2,D,P Bankes
15/08/2017,Cardiff,Sheffield United,2,0,H,L Mason
15/08/2017,Derby,Preston,1,0,H,G Eltringham
15/08/2017,Hull,Wolves,2,3,A,J Simpson
15/08/2017,Leeds,Fulham,0,0,D,D Bond
15/08/2017,Middlesbrough,Burton,2,0,H,T Robinson
15/08/2017,Millwall,Ipswich,3,4,A,J Linington
15/08/2017,Reading,Aston Villa,2,1,H,K Friend
13/08/2017,Norwich,Sunderland,1,3,A,A Madley
12/08/2017,Barnsley,Ipswich,1,2,A,G Eltringham
12/08/2017,Birmingham,Bristol City,2,1,H,D Bond
12/08/2017,Brentford,Nott'm Forest,3,4,A,J Linington
12/08/2017,Cardiff,Aston Villa,3,0,H,T Robinson
12/08/2017,Derby,Wolves,0,2,A,L Probert
12/08/2017,Hull,Burton,4,1,H,D England
12/08/2017,Leeds,Preston,0,0,D,S Duncan
12/08/2017,Middlesbrough,Sheffield United,1,0,H,P Bankes
12/08/2017,Millwall,Bolton,1,1,D,A Davies
12/08/2017,Reading,Fulham,1,1,D,S Hooper
12/08/2017,Sheffield Weds,QPR,1,1,D,C Kavanagh
6/08/2017,Bolton,Leeds,2,3,A,S Hooper
5/08/2017,Aston Villa,Hull,1,1,D,A Madley
5/08/2017,Bristol City,Barnsley,3,1,H,A Davies
5/08/2017,Burton,Cardiff,0,1,A,G Eltringham
5/08/2017,Fulham,Norwich,1,1,D,J Linington
5/08/2017,Ipswich,Birmingham,1,0,H,T Robinson
5/08/2017,Preston,Sheffield Weds,1,0,H,T Harrington
5/08/2017,QPR,Reading,2,0,H,S Duncan
5/08/2017,Sheffield United,Brentford,1,0,H,S Martin
5/08/2017,Wolves,Middlesbrough,1,0,H,D Bond
4/08/2017,Nott'm Forest,Millwall,1,0,H,P Bankes
4/08/2017,Sunderland,Derby,1,1,D,O Langford
7/05/2017,Aston Villa,Brighton,1,1,D,D Bond
7/05/2017,Brentford,Blackburn,1,3,A,T Harrington
7/05/2017,Bristol City,Birmingham,0,1,A,L Mason
7/05/2017,Burton,Reading,2,4,A,S Hooper
7/05/2017,Huddersfield,Cardiff,0,3,A,J Simpson
7/05/2017,Newcastle,Barnsley,3,0,H,J Linington
7/05/2017,Norwich,QPR,4,0,H,T Robinson
7/05/2017,Nott'm Forest,Ipswich,3,0,H,A Davies
7/05/2017,Rotherham,Derby,1,1,D,D Deadman
7/05/2017,Sheffield Weds,Fulham,1,2,A,G Scott
7/05/2017,Wigan,Leeds,1,1,D,S Duncan
7/05/2017,Wolves,Preston,1,0,H,D England
29/04/2017,Barnsley,Burton,1,1,D,J Simpson
29/04/2017,Birmingham,Huddersfield,2,0,H,M Jones
29/04/2017,Blackburn,Aston Villa,1,0,H,G Eltringham
29/04/2017,Brighton,Bristol City,0,1,A,O Langford
29/04/2017,Derby,Wolves,3,1,H,C Kavanagh
29/04/2017,Fulham,Brentford,1,1,D,D Bond
29/04/2017,Ipswich,Sheffield Weds,0,1,A,J Adcock
29/04/2017,Leeds,Norwich,3,3,D,T Harrington
29/04/2017,Preston,Rotherham,1,1,D,R Jones
29/04/2017,QPR,Nott'm Forest,2,0,H,J Linington
29/04/2017,Reading,Wigan,1,0,H,T Robinson
28/04/2017,Cardiff,Newcastle,0,2,A,G Scott
25/04/2017,Wolves,Huddersfield,0,1,A,T Robinson
24/04/2017,Newcastle,Preston,4,1,H,A Madley
23/04/2017,Aston Villa,Birmingham,1,0,H,S Hooper
22/04/2017,Brentford,QPR,3,1,H,J Adcock
22/04/2017,Bristol City,Barnsley,3,2,H,S Duncan
22/04/2017,Burton,Leeds,2,1,H,D Bond
22/04/2017,Huddersfield,Fulham,1,4,A,A Davies
22/04/2017,Nott'm Forest,Reading,3,2,H,G Eltringham
22/04/2017,Rotherham,Ipswich,1,0,H,J Simpson
22/04/2017,Sheffield Weds,Derby,2,1,H,P Tierney
22/04/2017,Wigan,Cardiff,0,0,D,O Langford
22/04/2017,Wolves,Blackburn,0,0,D,D Coote
21/04/2017,Norwich,Brighton,2,0,H,T Robinson
17/04/2017,Barnsley,Brentford,1,1,D,R Jones
17/04/2017,Birmingham,Burton,0,2,A,P Bankes
17/04/2017,Blackburn,Bristol City,1,1,D,M Jones
17/04/2017,Brighton,Wigan,2,1,H,J Linington
17/04/2017,Cardiff,Nott'm Forest,1,0,H,A Madley
17/04/2017,Derby,Huddersfield,1,1,D,D Bond
17/04/2017,Fulham,Aston Villa,3,1,H,D Coote
17/04/2017,Ipswich,Newcastle,3,1,H,T Robinson
17/04/2017,Leeds,Wolves,0,1,A,J Simpson
17/04/2017,Preston,Norwich,1,3,A,J Adcock
17/04/2017,QPR,Sheffield Weds,1,2,A,A Davies
17/04/2017,Reading,Rotherham,2,1,H,C Kavanagh
15/04/2017,Aston Villa,Reading,1,3,A,S Duncan
14/04/2017,Brentford,Derby,4,0,H,T Robinson
14/04/2017,Bristol City,QPR,2,1,H,J Simpson
14/04/2017,Burton,Ipswich,1,2,A,O Langford
14/04/2017,Huddersfield,Preston,3,2,H,L Probert
14/04/2017,Newcastle,Leeds,1,1,D,C Kavanagh
14/04/2017,Norwich,Fulham,1,3,A,A Madley
14/04/2017,Nott'm Forest,Blackburn,0,1,A,R East
14/04/2017,Rotherham,Birmingham,1,1,D,J Linington
14/04/2017,Sheffield Weds,Cardiff,1,0,H,D Coote
14/04/2017,Wolves,Brighton,0,2,A,G Eltringham
13/04/2017,Wigan,Barnsley,3,2,H,S Hooper
8/04/2017,Birmingham,Derby,1,2,A,A Davies
8/04/2017,Blackburn,Barnsley,0,2,A,O Langford
8/04/2017,Bristol City,Wolves,3,1,H,J Adcock
8/04/2017,Burton,Aston Villa,1,1,D,L Probert
8/04/2017,Cardiff,Brentford,2,1,H,D Bond
8/04/2017,Fulham,Ipswich,3,1,H,G Eltringham
8/04/2017,Leeds,Preston,3,0,H,P Bankes
8/04/2017,Norwich,Reading,7,1,H,J Linington
8/04/2017,Nott'm Forest,Huddersfield,2,0,H,T Robinson
8/04/2017,Sheffield Weds,Newcastle,2,1,H,S Attwell
8/04/2017,Wigan,Rotherham,3,2,H,S Duncan
7/04/2017,QPR,Brighton,1,2,A,S Hooper
5/04/2017,Huddersfield,Norwich,3,0,H,C Kavanagh
5/04/2017,Newcastle,Burton,1,0,H,K Stroud
4/04/2017,Aston Villa,QPR,1,0,H,P Bankes
4/04/2017,Barnsley,Cardiff,0,0,D,S Duncan
4/04/2017,Brentford,Leeds,2,0,H,D Coote
4/04/2017,Brighton,Birmingham,3,1,H,D Bond
4/04/2017,Derby,Fulham,4,2,H,J Simpson
4/04/2017,Ipswich,Wigan,3,0,H,A Davies
4/04/2017,Preston,Bristol City,5,0,H,A Madley
4/04/2017,Reading,Blackburn,3,1,H,D Adcock
4/04/2017,Rotherham,Sheffield Weds,0,2,A,T Harrington
4/04/2017,Wolves,Nott'm Forest,1,0,H,J Linington
1/04/2017,Aston Villa,Norwich,2,0,H,K Friend
1/04/2017,Barnsley,Sheffield Weds,1,1,D,J Simpson
1/04/2017,Brentford,Bristol City,2,0,H,S Hooper
1/04/2017,Brighton,Blackburn,1,0,H,T Harrington
1/04/2017,Huddersfield,Burton,0,1,A,S Duncan
1/04/2017,Ipswich,Birmingham,1,1,D,A Madley
1/04/2017,Newcastle,Wigan,2,1,H,D Coote
1/04/2017,Preston,Nott'm Forest,1,1,D,D Bond
1/04/2017,Reading,Leeds,1,0,H,K Stroud
1/04/2017,Rotherham,Fulham,0,1,A,T Robinson
1/04/2017,Wolves,Cardiff,3,1,H,A Davies
31/03/2017,Derby,QPR,1,0,H,G Eltringham
18/03/2017,Birmingham,Newcastle,0,0,D,S Hooper
18/03/2017,Blackburn,Preston,2,2,D,S Attwell
18/03/2017,Burton,Brentford,3,5,A,A Madley
18/03/2017,Cardiff,Ipswich,3,1,H,J Linington
18/03/2017,Fulham,Wolves,1,3,A,C Kavanagh
18/03/2017,Leeds,Brighton,2,0,H,L Mason
18/03/2017,Norwich,Barnsley,2,0,H,D Bond
18/03/2017,Nott'm Forest,Derby,2,2,D,P Bankes
18/03/2017,QPR,Rotherham,5,1,H,O Langford
18/03/2017,Wigan,Aston Villa,0,2,A,T Harrington
17/03/2017,Bristol City,Huddersfield,4,0,H,D Coote
17/03/2017,Sheffield Weds,Reading,0,2,A,G Eltringham
14/03/2017,Brentford,Wolves,1,2,A,K Stroud
14/03/2017,Fulham,Blackburn,2,2,D,A Davies
11/03/2017,Aston Villa,Sheffield Weds,2,0,H,L Probert
11/03/2017,Barnsley,Ipswich,1,1,D,S Martin
11/03/2017,Brentford,Huddersfield,0,1,A,O Langford
11/03/2017,Burton,Nott'm Forest,1,0,H,K Stroud
11/03/2017,Cardiff,Birmingham,1,1,D,P Bankes
11/03/2017,Leeds,QPR,0,0,D,T Robinson
11/03/2017,Newcastle,Fulham,1,3,A,J Linington
11/03/2017,Norwich,Blackburn,2,2,D,S Hooper
11/03/2017,Preston,Reading,3,0,H,S Duncan
11/03/2017,Wigan,Bristol City,0,1,A,A Madley
11/03/2017,Wolves,Rotherham,1,0,H,J Simpson
10/03/2017,Brighton,Derby,3,0,H,C Kavanagh
7/03/2017,Birmingham,Wigan,0,1,A,S Duncan
7/03/2017,Blackburn,Cardiff,1,1,D,D Coote
7/03/2017,Bristol City,Norwich,1,1,D,S Martin
7/03/2017,Derby,Preston,1,1,D,J Linington
7/03/2017,Fulham,Leeds,1,1,D,L Probert
7/03/2017,Huddersfield,Aston Villa,1,0,H,D Bond
7/03/2017,Ipswich,Wolves,0,0,D,D Deadman
7/03/2017,Nott'm Forest,Brentford,2,3,A,T Robinson
7/03/2017,QPR,Barnsley,2,1,H,T Harrington
7/03/2017,Reading,Newcastle,0,0,D,A Davies
7/03/2017,Rotherham,Brighton,0,2,A,G Eltringham
7/03/2017,Sheffield Weds,Burton,1,1,D,P Bankes
4/03/2017,Blackburn,Wigan,1,0,H,J Simpson
4/03/2017,Bristol City,Burton,0,0,D,G Scott
4/03/2017,Derby,Barnsley,2,1,H,K Stroud
4/03/2017,Fulham,Preston,3,1,H,S Hooper
4/03/2017,Huddersfield,Newcastle,1,3,A,R East
4/03/2017,Ipswich,Brentford,1,1,D,S Duncan
4/03/2017,Nott'm Forest,Brighton,3,0,H,O Langford
4/03/2017,QPR,Cardiff,2,1,H,D England
4/03/2017,Reading,Wolves,2,1,H,A Madley
4/03/2017,Rotherham,Aston Villa,0,2,A,S Martin
4/03/2017,Sheffield Weds,Norwich,5,1,H,A Davies
3/03/2017,Birmingham,Leeds,1,3,A,C Kavanagh
28/02/2017,Aston Villa,Bristol City,2,0,H,S Hooper
28/02/2017,Blackburn,Derby,1,0,H,D Bond
28/02/2017,Brighton,Newcastle,1,2,A,R Madley
26/02/2017,Norwich,Ipswich,1,1,D,O Langford
25/02/2017,Aston Villa,Derby,1,0,H,A Madley
25/02/2017,Barnsley,Huddersfield,1,1,D,T Robinson
25/02/2017,Brentford,Rotherham,4,2,H,A Davies
25/02/2017,Brighton,Reading,3,0,H,P Bankes
25/02/2017,Cardiff,Fulham,2,2,D,S Duncan
25/02/2017,Leeds,Sheffield Weds,1,0,H,M Jones
25/02/2017,Newcastle,Bristol City,2,2,D,C Kavanagh
25/02/2017,Preston,QPR,2,1,H,D Coote
25/02/2017,Wigan,Nott'm Forest,0,0,D,G Eltringham
24/02/2017,Burton,Blackburn,1,1,D,J Linington
24/02/2017,Wolves,Birmingham,1,2,A,S Martin
22/02/2017,Bristol City,Fulham,0,2,A,T Robinson
21/02/2017,Derby,Burton,0,0,D,S Hooper
21/02/2017,Huddersfield,Reading,1,0,H,T Harrington
21/02/2017,QPR,Wigan,2,1,H,J Linington
21/02/2017,Sheffield Weds,Brentford,1,2,A,D Bond
20/02/2017,Newcastle,Aston Villa,2,0,H,P Bankes
18/02/2017,Barnsley,Brighton,0,2,A,D Coote
18/02/2017,Birmingham,QPR,1,4,A,A Davies
18/02/2017,Burton,Norwich,2,1,H,L Probert
18/02/2017,Cardiff,Rotherham,5,0,H,J Simpson
18/02/2017,Ipswich,Leeds,1,1,D,K Stroud
18/02/2017,Nott'm Forest,Sheffield Weds,1,2,A,A Madley
18/02/2017,Wigan,Preston,0,0,D,C Kavanagh
14/02/2017,Aston Villa,Barnsley,1,3,A,G Eltringham
14/02/2017,Brighton,Ipswich,1,1,D,R East
14/02/2017,Derby,Cardiff,3,4,A,S Martin
14/02/2017,Fulham,Nott'm Forest,3,2,H,J Linington
14/02/2017,Leeds,Bristol City,2,1,H,J Simpson
14/02/2017,Norwich,Newcastle,2,2,D,A Madley
14/02/2017,Preston,Birmingham,2,1,H,T Robinson
14/02/2017,Reading,Brentford,3,2,H,K Stroud
14/02/2017,Rotherham,Huddersfield,2,3,A,S Attwell
14/02/2017,Sheffield Weds,Blackburn,2,1,H,S Duncan
14/02/2017,Wolves,Wigan,0,1,A,S Hooper
11/02/2017,Aston Villa,Ipswich,0,1,A,T Robinson
11/02/2017,Brighton,Burton,4,1,H,S Martin
11/02/2017,Derby,Bristol City,3,3,D,A Davies
11/02/2017,Fulham,Wigan,3,2,H,D Coote
11/02/2017,Leeds,Cardiff,0,2,A,J Linington
11/02/2017,Norwich,Nott'm Forest,5,1,H,S Duncan
11/02/2017,Preston,Brentford,4,2,H,T Harrington
11/02/2017,QPR,Huddersfield,1,2,A,P Bankes
11/02/2017,Reading,Barnsley,0,0,D,D Bond
11/02/2017,Rotherham,Blackburn,1,1,D,O Langford
11/02/2017,Wolves,Newcastle,0,1,A,C Pawson
10/02/2017,Sheffield Weds,Birmingham,3,0,H,C Kavanagh
7/02/2017,Wigan,Norwich,2,2,D,P Bankes
5/02/2017,Brentford,Brighton,3,3,D,J Simpson
5/02/2017,Huddersfield,Leeds,2,1,H,S Hooper
4/02/2017,Barnsley,Preston,0,0,D,O Langford
4/02/2017,Birmingham,Fulham,1,0,H,A Madley
4/02/2017,Blackburn,QPR,1,0,H,T Harrington
4/02/2017,Bristol City,Rotherham,1,0,H,P Bankes
4/02/2017,Burton,Wolves,2,1,H,K Stroud
4/02/2017,Cardiff,Norwich,0,1,A,C Kavanagh
4/02/2017,Ipswich,Reading,2,2,D,G Eltringham
4/02/2017,Newcastle,Derby,1,0,H,D Bond
4/02/2017,Nott'm Forest,Aston Villa,2,1,H,P Tierney
3/02/2017,Wigan,Sheffield Weds,0,1,A,S Martin
2/02/2017,Huddersfield,Brighton,3,1,H,J Linington
1/02/2017,Blackburn,Leeds,1,2,A,G Eltringham
1/02/2017,Burton,Fulham,0,2,A,T Harrington
1/02/2017,Newcastle,QPR,2,2,D,T Robinson
31/01/2017,Barnsley,Wolves,1,3,A,C Kavanagh
31/01/2017,Birmingham,Reading,0,1,A,J Simpson
31/01/2017,Brentford,Aston Villa,3,0,H,D Coote
31/01/2017,Bristol City,Sheffield Weds,2,2,D,O Langford
31/01/2017,Cardiff,Preston,2,0,H,G Scott
31/01/2017,Ipswich,Derby,0,3,A,A Madley
31/01/2017,Nott'm Forest,Rotherham,2,0,H,S Hooper
28/01/2017,Norwich,Birmingham,2,0,H,S Hooper
28/01/2017,Preston,Ipswich,1,1,D,S Martin
28/01/2017,QPR,Burton,1,2,A,G Eltringham
28/01/2017,Reading,Cardiff,2,1,H,J Adcock
28/01/2017,Rotherham,Barnsley,0,1,A,K Stroud
25/01/2017,Leeds,Nott'm Forest,2,0,H,T Harrington
24/01/2017,Brighton,Cardiff,1,0,H,C Kavanagh
24/01/2017,Reading,Fulham,1,0,H,S Martin
21/01/2017,Aston Villa,Preston,2,2,D,A Madley
21/01/2017,Barnsley,Leeds,3,2,H,M Dean
21/01/2017,Blackburn,Birmingham,1,1,D,S Martin
21/01/2017,Cardiff,Burton,1,0,H,T Robinson
21/01/2017,Derby,Reading,3,2,H,P Bankes
21/01/2017,Huddersfield,Ipswich,2,0,H,A Davies
21/01/2017,Newcastle,Rotherham,4,0,H,J Simpson
21/01/2017,Norwich,Wolves,3,1,H,D Coote
21/01/2017,Nott'm Forest,Bristol City,1,0,H,D Bond
21/01/2017,QPR,Fulham,1,1,D,K Stroud
21/01/2017,Wigan,Brentford,2,1,H,J Adcock
20/01/2017,Brighton,Sheffield Weds,2,1,H,S Attwell
14/01/2017,Birmingham,Nott'm Forest,0,0,D,P Bankes
14/01/2017,Brentford,Newcastle,1,2,A,C Kavanagh
14/01/2017,Bristol City,Cardiff,2,3,A,C Pawson
14/01/2017,Burton,Wigan,0,2,A,A Madley
14/01/2017,Fulham,Barnsley,2,0,H,A Davies
14/01/2017,Ipswich,Blackburn,3,2,H,J Linington
14/01/2017,Preston,Brighton,2,0,H,S Hooper
14/01/2017,Rotherham,Norwich,2,1,H,G Eltringham
14/01/2017,Sheffield Weds,Huddersfield,2,0,H,G Scott
14/01/2017,Wolves,Aston Villa,1,0,H,T Harrington
13/01/2017,Leeds,Derby,1,0,H,S Duncan
12/01/2017,Reading,QPR,0,1,A,O Langford
2/01/2017,Birmingham,Brentford,1,3,A,J Adcock
2/01/2017,Blackburn,Newcastle,1,0,H,A Woolmer
2/01/2017,Bristol City,Reading,2,3,A,R East
2/01/2017,Burton,Preston,0,1,A,O Langford
2/01/2017,Cardiff,Aston Villa,1,0,H,A Davies
2/01/2017,Fulham,Brighton,1,2,A,S Attwell
2/01/2017,Leeds,Rotherham,3,0,H,S Martin
2/01/2017,Norwich,Derby,3,0,H,D Bond
2/01/2017,Nott'm Forest,Barnsley,0,1,A,J Linington
2/01/2017,QPR,Ipswich,2,1,H,T Harrington
2/01/2017,Sheffield Weds,Wolves,0,0,D,S Hooper
2/01/2017,Wigan,Huddersfield,0,1,A,J Simpson
31/12/2016,Barnsley,Birmingham,2,2,D,S Duncan
31/12/2016,Brentford,Norwich,0,0,D,O Langford
31/12/2016,Derby,Wigan,0,0,D,G Eltringham
31/12/2016,Huddersfield,Blackburn,1,1,D,D Bond
31/12/2016,Preston,Sheffield Weds,1,1,D,A Woolmer
31/12/2016,Wolves,QPR,1,2,A,L Probert
30/12/2016,Ipswich,Bristol City,2,1,H,D Coote
30/12/2016,Newcastle,Nott'm Forest,3,1,H,K Stroud
29/12/2016,Aston Villa,Leeds,1,1,D,R East
29/12/2016,Rotherham,Burton,1,2,A,T Harrington
27/12/2016,Brighton,QPR,3,0,H,K Stroud
27/12/2016,Derby,Birmingham,1,0,H,G Scott
26/12/2016,Aston Villa,Burton,2,1,H,S Martin
26/12/2016,Barnsley,Blackburn,2,0,H,A Madley
26/12/2016,Brentford,Cardiff,2,2,D,S Hooper
26/12/2016,Huddersfield,Nott'm Forest,2,1,H,C Kavanagh
26/12/2016,Ipswich,Fulham,0,2,A,O Langford
26/12/2016,Newcastle,Sheffield Weds,0,1,A,P Tierney
26/12/2016,Preston,Leeds,1,4,A,J Simpson
26/12/2016,Reading,Norwich,3,1,H,A Davies
26/12/2016,Rotherham,Wigan,3,2,H,D Coote
26/12/2016,Wolves,Bristol City,3,2,H,J Adcock
18/12/2016,QPR,Aston Villa,0,1,A,G Eltringham
17/12/2016,Birmingham,Brighton,1,2,A,A Madley
17/12/2016,Blackburn,Reading,2,3,A,J Simpson
17/12/2016,Bristol City,Preston,1,2,A,S Hooper
17/12/2016,Burton,Newcastle,1,2,A,L Probert
17/12/2016,Cardiff,Barnsley,3,4,A,T Harrington
17/12/2016,Fulham,Derby,2,2,D,A Woolmer
17/12/2016,Leeds,Brentford,1,0,H,D Bond
17/12/2016,Nott'm Forest,Wolves,0,2,A,G Scott
17/12/2016,Sheffield Weds,Rotherham,1,0,H,T Robinson
17/12/2016,Wigan,Ipswich,2,3,A,K Stroud
16/12/2016,Norwich,Huddersfield,1,2,A,J Linington
14/12/2016,Nott'm Forest,Preston,1,1,D,T Harrington
14/12/2016,QPR,Derby,0,1,A,D Coote
14/12/2016,Wigan,Newcastle,0,2,A,S Hooper
13/12/2016,Birmingham,Ipswich,2,1,H,D Bond
13/12/2016,Blackburn,Brighton,2,3,A,O Langford
13/12/2016,Bristol City,Brentford,0,1,A,A Woolmer
13/12/2016,Burton,Huddersfield,0,1,A,D Adcock
13/12/2016,Cardiff,Wolves,2,1,H,A Madley
13/12/2016,Fulham,Rotherham,2,1,H,S Martin
13/12/2016,Leeds,Reading,2,0,H,G Eltringham
13/12/2016,Norwich,Aston Villa,1,0,H,T Robinson
13/12/2016,Sheffield Weds,Barnsley,2,0,H,P Bankes
11/12/2016,Derby,Nott'm Forest,3,0,H,C Kavanagh
10/12/2016,Aston Villa,Wigan,1,0,H,J Linington
10/12/2016,Barnsley,Norwich,2,1,H,A Woolmer
10/12/2016,Brentford,Burton,2,1,H,D Coote
10/12/2016,Huddersfield,Bristol City,2,1,H,K Stroud
10/12/2016,Ipswich,Cardiff,1,1,D,J Adcock
10/12/2016,Newcastle,Birmingham,4,0,H,A Davies
10/12/2016,Preston,Blackburn,3,2,H,K Friend
10/12/2016,Reading,Sheffield Weds,2,1,H,T Harrington
10/12/2016,Rotherham,QPR,1,0,H,J Simpson
10/12/2016,Wolves,Fulham,4,4,D,D Bond
9/12/2016,Brighton,Leeds,2,0,H,P Tierney
3/12/2016,Birmingham,Barnsley,0,3,A,D Coote
3/12/2016,Blackburn,Huddersfield,1,1,D,S Hooper
3/12/2016,Bristol City,Ipswich,2,0,H,S Attwell
3/12/2016,Burton,Rotherham,2,1,H,C Kavanagh
3/12/2016,Cardiff,Brighton,0,0,D,R East
3/12/2016,Fulham,Reading,5,0,H,O Langford
3/12/2016,Leeds,Aston Villa,2,0,H,P Bankes
3/12/2016,Norwich,Brentford,5,0,H,G Eltringham
3/12/2016,Sheffield Weds,Preston,2,1,H,S Duncan
3/12/2016,Wigan,Derby,0,1,A,A Madley
2/12/2016,Nott'm Forest,Newcastle,2,1,H,S Martin
1/12/2016,QPR,Wolves,1,2,A,T Robinson
28/11/2016,Huddersfield,Wigan,1,2,A,T Harrington
26/11/2016,Aston Villa,Cardiff,3,1,H,G Eltringham
26/11/2016,Brentford,Birmingham,1,2,A,A Madley
26/11/2016,Brighton,Fulham,2,1,H,K Stroud
26/11/2016,Derby,Norwich,1,0,H,S Hooper
26/11/2016,Ipswich,QPR,3,0,H,A Woolmer
26/11/2016,Newcastle,Blackburn,0,1,A,D Coote
26/11/2016,Preston,Burton,1,1,D,D Bond
26/11/2016,Reading,Bristol City,2,1,H,T Robinson
26/11/2016,Rotherham,Leeds,1,2,A,S Attwell
26/11/2016,Wolves,Sheffield Weds,0,2,A,J Simpson
25/11/2016,Barnsley,Nott'm Forest,2,5,A,O Langford
20/11/2016,Leeds,Newcastle,0,2,A,G Scott
19/11/2016,Barnsley,Wigan,0,0,D,J Simpson
19/11/2016,Birmingham,Bristol City,1,0,H,T Harrington
19/11/2016,Blackburn,Brentford,3,2,H,C Kavanagh
19/11/2016,Cardiff,Huddersfield,3,2,H,J Adcock
19/11/2016,Derby,Rotherham,3,0,H,O Langford
19/11/2016,Fulham,Sheffield Weds,1,1,D,G Eltringham
19/11/2016,Ipswich,Nott'm Forest,0,2,A,P Bankes
19/11/2016,Preston,Wolves,0,0,D,J Linington
19/11/2016,QPR,Norwich,2,1,H,S Duncan
19/11/2016,Reading,Burton,3,0,H,K Stroud
18/11/2016,Brighton,Aston Villa,1,1,D,S Martin
5/11/2016,Aston Villa,Blackburn,2,1,H,R East
5/11/2016,Bristol City,Brighton,0,2,A,D Bond
5/11/2016,Burton,Barnsley,0,0,D,P Bankes
5/11/2016,Huddersfield,Birmingham,1,1,D,S Martin
5/11/2016,Newcastle,Cardiff,2,1,H,T Harrington
5/11/2016,Norwich,Leeds,2,3,A,A Davies
5/11/2016,Nott'm Forest,QPR,1,1,D,K Stroud
5/11/2016,Rotherham,Preston,1,3,A,A Woolmer
5/11/2016,Sheffield Weds,Ipswich,1,2,A,A Madley
5/11/2016,Wigan,Reading,0,3,A,D Coote
5/11/2016,Wolves,Derby,2,3,A,P Tierney
4/11/2016,Brentford,Fulham,0,2,A,T Robinson
30/10/2016,Birmingham,Aston Villa,1,1,D,M Dean
29/10/2016,Barnsley,Bristol City,2,2,D,G Eltringham
29/10/2016,Blackburn,Wolves,1,1,D,S Duncan
29/10/2016,Brighton,Norwich,5,0,H,A Madley
29/10/2016,Cardiff,Wigan,0,1,A,O Langford
29/10/2016,Derby,Sheffield Weds,2,0,H,J Linington
29/10/2016,Fulham,Huddersfield,5,0,H,D Coote
29/10/2016,Ipswich,Rotherham,2,2,D,D Bond
29/10/2016,Leeds,Burton,2,0,H,J Simpson
29/10/2016,Preston,Newcastle,1,2,A,C Kavanagh
29/10/2016,Reading,Nott'm Forest,2,0,H,A Davies
28/10/2016,QPR,Brentford,0,2,A,J Adcock
22/10/2016,Aston Villa,Fulham,1,0,H,A Madley
22/10/2016,Brentford,Barnsley,0,2,A,J Linington
22/10/2016,Bristol City,Blackburn,1,0,H,A Davies
22/10/2016,Huddersfield,Derby,1,0,H,P Bankes
22/10/2016,Newcastle,Ipswich,3,0,H,J Adcock
22/10/2016,Norwich,Preston,0,1,A,S Martin
22/10/2016,Nott'm Forest,Cardiff,1,2,A,A Woolmer
22/10/2016,Rotherham,Reading,0,1,A,S Duncan
22/10/2016,Sheffield Weds,QPR,1,0,H,C Kavanagh
22/10/2016,Wigan,Brighton,0,1,A,S Hooper
22/10/2016,Wolves,Leeds,0,1,A,S Attwell
21/10/2016,Burton,Birmingham,2,0,H,T Robinson
19/10/2016,Cardiff,Sheffield Weds,1,1,D,D Bond
19/10/2016,Preston,Huddersfield,3,1,H,J Simpson
18/10/2016,Barnsley,Newcastle,0,2,A,P Tierney
18/10/2016,Birmingham,Rotherham,4,2,H,C Kavanagh
18/10/2016,Blackburn,Nott'm Forest,2,1,H,T Robinson
18/10/2016,Brighton,Wolves,1,0,H,K Stroud
18/10/2016,Derby,Brentford,0,0,D,S Duncan
18/10/2016,Fulham,Norwich,2,2,D,J Linington
18/10/2016,Ipswich,Burton,2,0,H,O Langford
18/10/2016,Leeds,Wigan,1,1,D,P Bankes
18/10/2016,QPR,Bristol City,1,0,H,A Madley
18/10/2016,Reading,Aston Villa,1,2,A,A Woolmer
16/10/2016,Huddersfield,Sheffield Weds,0,1,A,G Scott
15/10/2016,Aston Villa,Wolves,1,1,D,D Coote
15/10/2016,Barnsley,Fulham,2,4,A,K Stroud
15/10/2016,Blackburn,Ipswich,0,0,D,G Eltringham
15/10/2016,Brighton,Preston,2,2,D,C Pawson
15/10/2016,Derby,Leeds,1,0,H,T Harrington
15/10/2016,Newcastle,Brentford,3,1,H,S Hooper
15/10/2016,Norwich,Rotherham,3,1,H,J Adcock
15/10/2016,QPR,Reading,1,1,D,S Martin
15/10/2016,Wigan,Burton,0,0,D,A Davies
14/10/2016,Cardiff,Bristol City,2,1,H,J Linington
14/10/2016,Nott'm Forest,Birmingham,3,1,H,J Simpson
1/10/2016,Birmingham,Blackburn,1,0,H,J Linington
1/10/2016,Brentford,Wigan,0,0,D,A Woolmer
1/10/2016,Bristol City,Nott'm Forest,2,1,H,S Duncan
1/10/2016,Burton,Cardiff,2,0,H,A Madley
1/10/2016,Fulham,QPR,1,2,A,L Mason
1/10/2016,Ipswich,Huddersfield,0,1,A,C Kavanagh
1/10/2016,Leeds,Barnsley,2,1,H,S Hooper
1/10/2016,Preston,Aston Villa,2,0,H,P Bankes
1/10/2016,Reading,Derby,1,1,D,T Robinson
1/10/2016,Rotherham,Newcastle,0,1,A,R East
1/10/2016,Sheffield Weds,Brighton,1,2,A,O Langford
1/10/2016,Wolves,Norwich,1,2,A,G Eltringham
28/09/2016,Newcastle,Norwich,4,3,H,P Bankes
27/09/2016,Barnsley,Aston Villa,1,1,D,J Adcock
27/09/2016,Birmingham,Preston,2,2,D,A Woolmer
27/09/2016,Blackburn,Sheffield Weds,0,1,A,S Hooper
27/09/2016,Brentford,Reading,4,1,H,O Langford
27/09/2016,Bristol City,Leeds,1,0,H,K Stroud
27/09/2016,Burton,QPR,1,1,D,S Duncan
27/09/2016,Cardiff,Derby,0,2,A,G Eltringham
27/09/2016,Huddersfield,Rotherham,2,1,H,S Attwell
27/09/2016,Ipswich,Brighton,0,0,D,A Davies
27/09/2016,Nott'm Forest,Fulham,1,1,D,D Bond
27/09/2016,Wigan,Wolves,2,1,H,T Harrington
24/09/2016,Aston Villa,Newcastle,1,1,D,C Kavanagh
24/09/2016,Brighton,Barnsley,2,0,H,T Robinson
24/09/2016,Derby,Blackburn,1,2,A,A Madley
24/09/2016,Fulham,Bristol City,0,4,A,P Bankes
24/09/2016,Leeds,Ipswich,1,0,H,S Martin
24/09/2016,Norwich,Burton,3,1,H,J Simpson
24/09/2016,QPR,Birmingham,1,1,D,P Tierney
24/09/2016,Reading,Huddersfield,1,0,H,J Linington
24/09/2016,Rotherham,Cardiff,1,2,A,D Coote
24/09/2016,Sheffield Weds,Nott'm Forest,2,1,H,K Friend
24/09/2016,Wolves,Brentford,3,1,H,A Davies
23/09/2016,Preston,Wigan,1,0,H,O Langford
17/09/2016,Barnsley,Reading,1,2,A,D Coote
17/09/2016,Birmingham,Sheffield Weds,2,1,H,S Duncan
17/09/2016,Blackburn,Rotherham,4,2,H,D Bond
17/09/2016,Brentford,Preston,5,0,H,K Stroud
17/09/2016,Bristol City,Derby,1,1,D,A Woolmer
17/09/2016,Burton,Brighton,0,1,A,G Eltringham
17/09/2016,Cardiff,Leeds,0,2,A,G Scott
17/09/2016,Huddersfield,QPR,2,1,H,S Hooper
17/09/2016,Ipswich,Aston Villa,0,0,D,T Harrington
17/09/2016,Newcastle,Wolves,0,2,A,T Robinson
17/09/2016,Nott'm Forest,Norwich,1,2,A,C Kavanagh
17/09/2016,Wigan,Fulham,0,0,D,S Martin
14/09/2016,Aston Villa,Brentford,1,1,D,J Simpson
14/09/2016,Rotherham,Nott'm Forest,2,2,D,P Bankes
13/09/2016,Brighton,Huddersfield,1,0,H,A Woolmer
13/09/2016,Derby,Ipswich,0,1,A,S Attwell
13/09/2016,Fulham,Burton,1,1,D,T Robinson
13/09/2016,Leeds,Blackburn,2,1,H,D Adcock
13/09/2016,Norwich,Wigan,2,1,H,K Stroud
13/09/2016,Preston,Cardiff,3,0,H,S Martin
13/09/2016,QPR,Newcastle,0,6,A,A Davies
13/09/2016,Reading,Birmingham,0,0,D,C Kavanagh
13/09/2016,Sheffield Weds,Bristol City,3,2,H,D Bond
13/09/2016,Wolves,Barnsley,0,4,A,A Madley
11/09/2016,Aston Villa,Nott'm Forest,2,2,D,S Hooper
10/09/2016,Brighton,Brentford,0,2,A,S Duncan
10/09/2016,Derby,Newcastle,0,2,A,J Linington
10/09/2016,Fulham,Birmingham,0,1,A,T Harrington
10/09/2016,Leeds,Huddersfield,0,1,A,R East
10/09/2016,Norwich,Cardiff,3,2,H,O Langford
10/09/2016,Preston,Barnsley,1,2,A,G Eltringham
10/09/2016,QPR,Blackburn,1,1,D,K Stroud
10/09/2016,Rotherham,Bristol City,2,2,D,A Madley
10/09/2016,Sheffield Weds,Wigan,2,1,H,D Coote
10/09/2016,Wolves,Burton,1,1,D,J Adcock
9/09/2016,Reading,Ipswich,2,1,H,J Simpson
27/08/2016,Barnsley,Rotherham,4,0,H,G Scott
27/08/2016,Birmingham,Norwich,3,0,H,D Bond
27/08/2016,Blackburn,Fulham,0,1,A,S Duncan
27/08/2016,Brentford,Sheffield Weds,1,1,D,P Bankes
27/08/2016,Bristol City,Aston Villa,3,1,H,J Linington
27/08/2016,Cardiff,Reading,0,1,A,A Woolmer
27/08/2016,Huddersfield,Wolves,1,0,H,S Martin
27/08/2016,Ipswich,Preston,1,0,H,T Robinson
27/08/2016,Newcastle,Brighton,2,0,H,K Stroud
27/08/2016,Nott'm Forest,Leeds,3,1,H,G Eltringham
27/08/2016,Wigan,QPR,0,1,A,C Kavanagh
26/08/2016,Burton,Derby,1,0,H,A Davies
21/08/2016,Ipswich,Norwich,1,1,D,D Coote
20/08/2016,Birmingham,Wolves,1,3,A,K Stroud
20/08/2016,Blackburn,Burton,2,2,D,P Bankes
20/08/2016,Bristol City,Newcastle,0,1,A,T Harrington
20/08/2016,Derby,Aston Villa,0,0,D,P Tierney
20/08/2016,Fulham,Cardiff,2,2,D,J Simpson
20/08/2016,Huddersfield,Barnsley,2,1,H,C Kavanagh
20/08/2016,Nott'm Forest,Wigan,4,3,H,J Linington
20/08/2016,QPR,Preston,0,2,A,A Madley
20/08/2016,Reading,Brighton,2,2,D,M Jones
20/08/2016,Rotherham,Brentford,1,0,H,J Adcock
20/08/2016,Sheffield Weds,Leeds,0,2,A,S Hooper
17/08/2016,Barnsley,QPR,3,2,H,D Bond
17/08/2016,Cardiff,Blackburn,2,1,H,A Davies
17/08/2016,Newcastle,Reading,4,1,H,A Madley
16/08/2016,Aston Villa,Huddersfield,1,1,D,S Duncan
16/08/2016,Brentford,Nott'm Forest,1,0,H,T Robinson
16/08/2016,Brighton,Rotherham,3,0,H,S Hooper
16/08/2016,Burton,Sheffield Weds,3,1,H,N Swarbrick
16/08/2016,Leeds,Fulham,1,1,D,C Kavanagh
16/08/2016,Norwich,Bristol City,1,0,H,S Attwell
16/08/2016,Preston,Derby,0,1,A,D Coote
16/08/2016,Wigan,Birmingham,1,1,D,J Simpson
16/08/2016,Wolves,Ipswich,0,0,D,P Bankes
14/08/2016,Cardiff,QPR,0,2,A,J Linington
13/08/2016,Aston Villa,Rotherham,3,0,H,K Stroud
13/08/2016,Barnsley,Derby,2,0,H,T Harrington
13/08/2016,Brentford,Ipswich,2,0,H,S Martin
13/08/2016,Burton,Bristol City,1,2,A,D Coote
13/08/2016,Leeds,Birmingham,1,2,A,P Tierney
13/08/2016,Newcastle,Huddersfield,1,2,A,O Langford
13/08/2016,Norwich,Sheffield Weds,0,0,D,A Woolmer
13/08/2016,Preston,Fulham,1,2,A,J Adcock
13/08/2016,Wigan,Blackburn,3,0,H,G Scott
13/08/2016,Wolves,Reading,2,0,H,D Bond
12/08/2016,Brighton,Nott'm Forest,3,0,H,A Madley
7/08/2016,QPR,Leeds,3,0,H,O Langford
7/08/2016,Sheffield Weds,Aston Villa,1,0,H,S Martin
6/08/2016,Birmingham,Cardiff,0,0,D,T Robinson
6/08/2016,Blackburn,Norwich,1,4,A,T Harrington
6/08/2016,Bristol City,Wigan,2,1,H,J Adcock
6/08/2016,Derby,Brighton,0,0,D,J Simpson
6/08/2016,Huddersfield,Brentford,2,1,H,G Eltringham
6/08/2016,Ipswich,Barnsley,4,2,H,K Stroud
6/08/2016,Nott'm Forest,Burton,4,3,H,A Woolmer
6/08/2016,Reading,Preston,1,0,H,A Davies
6/08/2016,Rotherham,Wolves,2,2,D,S Duncan
5/08/2016,Fulham,Newcastle,1,0,H,S Hooper
7/05/2016,Blackburn,Reading,3,1,H,A Madley
7/05/2016,Cardiff,Birmingham,1,1,D,P Bankes
7/05/2016,Charlton,Burnley,0,3,A,R East
7/05/2016,Derby,Ipswich,0,1,A,T Robinson
7/05/2016,Fulham,Bolton,1,0,H,O Langford
7/05/2016,Huddersfield,Brentford,1,5,A,D Whitestone
7/05/2016,Hull,Rotherham,5,1,H,S Duncan
7/05/2016,Middlesbrough,Brighton,1,1,D,M Dean
7/05/2016,Milton Keynes Dons,Nott'm Forest,1,2,A,S Martin
7/05/2016,Preston,Leeds,1,1,D,B Malone
7/05/2016,QPR,Bristol City,1,0,H,J Simpson
7/05/2016,Wolves,Sheffield Weds,2,1,H,D Bond
2/05/2016,Brighton,Derby,1,1,D,R Madley
2/05/2016,Burnley,QPR,1,0,H,J Moss
30/04/2016,Bolton,Hull,1,0,H,G Scott
30/04/2016,Brentford,Fulham,3,0,H,M Haywood
30/04/2016,Bristol City,Huddersfield,4,0,H,F Graham
30/04/2016,Ipswich,Milton Keynes Dons,3,2,H,K Stroud
30/04/2016,Leeds,Charlton,1,2,A,K Hill
30/04/2016,Nott'm Forest,Wolves,1,1,D,I Williamson
30/04/2016,Reading,Preston,1,2,A,D Deadman
30/04/2016,Rotherham,Blackburn,0,1,A,S Martin
30/04/2016,Sheffield Weds,Cardiff,3,0,H,P Tierney
29/04/2016,Birmingham,Middlesbrough,2,2,D,S Hooper
26/04/2016,Hull,Brentford,2,0,H,D Bond
23/04/2016,Blackburn,Bristol City,2,2,D,T Robinson
23/04/2016,Cardiff,Bolton,2,1,H,L Collins
23/04/2016,Charlton,Brighton,1,3,A,S Hooper
23/04/2016,Derby,Sheffield Weds,1,1,D,L Mason
23/04/2016,Fulham,Nott'm Forest,1,3,A,R Lewis
23/04/2016,Huddersfield,Birmingham,1,1,D,D Webb
23/04/2016,Hull,Leeds,2,2,D,I Williamson
23/04/2016,Middlesbrough,Ipswich,0,0,D,D Bond
23/04/2016,Milton Keynes Dons,Brentford,1,4,A,A Woolmer
23/04/2016,QPR,Reading,1,1,D,K Hill
23/04/2016,Wolves,Rotherham,0,0,D,J Simpson
22/04/2016,Preston,Burnley,0,1,A,K Friend
19/04/2016,Birmingham,Preston,2,2,D,K Stroud
19/04/2016,Bolton,Charlton,0,0,D,E Ilderton
19/04/2016,Brentford,Cardiff,2,1,H,S Atwell
19/04/2016,Brighton,QPR,4,0,H,M Heywood
19/04/2016,Bristol City,Derby,2,3,A,A Davies
19/04/2016,Burnley,Middlesbrough,1,1,D,M Jones
19/04/2016,Ipswich,Fulham,1,1,D,P Tierney
19/04/2016,Leeds,Wolves,2,1,H,D Coote
19/04/2016,Nott'm Forest,Blackburn,1,1,D,C Kavanagh
19/04/2016,Reading,Hull,1,2,A,D Drysdale
19/04/2016,Rotherham,Huddersfield,1,1,D,F Graham
19/04/2016,Sheffield Weds,Milton Keynes Dons,0,0,D,P Bankes
16/04/2016,Birmingham,Burnley,1,2,A,M Heywood
16/04/2016,Blackburn,Huddersfield,0,2,A,C Boyeson
16/04/2016,Bolton,Middlesbrough,1,2,A,K Stroud
16/04/2016,Brentford,Bristol City,1,1,D,D Handley
16/04/2016,Cardiff,QPR,0,0,D,S Martin
16/04/2016,Charlton,Derby,0,1,A,D Bond
16/04/2016,Leeds,Reading,3,2,H,J Simpson
16/04/2016,Preston,Milton Keynes Dons,1,1,D,S Atwell
16/04/2016,Rotherham,Nott'm Forest,0,0,D,S Hooper
16/04/2016,Sheffield Weds,Ipswich,1,1,D,R Madley
15/04/2016,Brighton,Fulham,5,0,H,A Woolmer
15/04/2016,Hull,Wolves,2,1,H,J Adcock
12/04/2016,Birmingham,Leeds,1,2,A,C Kavanagh
12/04/2016,Middlesbrough,Reading,2,1,H,S Duncan
11/04/2016,Nott'm Forest,Brighton,1,2,A,A Davies
9/04/2016,Bristol City,Sheffield Weds,4,1,H,C Breakspear
9/04/2016,Burnley,Leeds,1,0,H,L Mason
9/04/2016,Derby,Bolton,4,1,H,A Woolmer
9/04/2016,Fulham,Cardiff,2,1,H,J Simpson
9/04/2016,Huddersfield,Hull,2,2,D,D Deadman
9/04/2016,Ipswich,Brentford,1,3,A,P Gibbs
9/04/2016,Middlesbrough,Preston,1,0,H,O Langford
9/04/2016,Milton Keynes Dons,Rotherham,0,4,A,I Williamson
9/04/2016,QPR,Charlton,2,1,H,A Madley
9/04/2016,Reading,Birmingham,0,2,A,N Miller
9/04/2016,Wolves,Blackburn,0,0,D,M Brown
5/04/2016,Birmingham,Brighton,1,2,A,A Madley
5/04/2016,Brentford,Bolton,3,1,H,A Davies
5/04/2016,Bristol City,Rotherham,1,1,D,G Ward
5/04/2016,Burnley,Cardiff,0,0,D,G Eltringham
5/04/2016,Derby,Hull,4,0,H,T Harrington
5/04/2016,Ipswich,Charlton,0,0,D,O Langford
5/04/2016,Leeds,QPR,1,1,D,J Adcock
5/04/2016,Middlesbrough,Huddersfield,3,0,H,S Martin
5/04/2016,Milton Keynes Dons,Wolves,1,2,A,M Heywood
5/04/2016,Preston,Fulham,1,2,A,S Duncan
5/04/2016,Reading,Nott'm Forest,2,1,H,D Whitestone
5/04/2016,Sheffield Weds,Blackburn,2,1,H,D Webb
2/04/2016,Blackburn,Preston,1,2,A,E Ilderton
2/04/2016,Bolton,Reading,0,1,A,G Eltringham
2/04/2016,Brighton,Burnley,2,2,D,C Pawson
2/04/2016,Cardiff,Derby,2,1,H,C Kavanagh
2/04/2016,Charlton,Birmingham,2,1,H,P Tierney
2/04/2016,Fulham,Milton Keynes Dons,2,1,H,T Robinson
2/04/2016,Huddersfield,Sheffield Weds,0,1,A,I Williamson
2/04/2016,Hull,Bristol City,4,0,H,S Atwell
2/04/2016,Nott'm Forest,Brentford,0,3,A,P Bankes
2/04/2016,Rotherham,Leeds,2,1,H,K Friend
2/04/2016,Wolves,Ipswich,0,0,D,R Lewis
1/04/2016,QPR,Middlesbrough,2,3,A,S Hooper
19/03/2016,Birmingham,Fulham,1,1,D,D Handley
19/03/2016,Brentford,Blackburn,0,1,A,M Bull
19/03/2016,Bristol City,Bolton,6,0,H,J Adcock
19/03/2016,Burnley,Wolves,1,1,D,F Graham
19/03/2016,Derby,Nott'm Forest,1,0,H,K Stroud
19/03/2016,Ipswich,Rotherham,0,1,A,S Martin
19/03/2016,Leeds,Huddersfield,1,4,A,G Scott
19/03/2016,Milton Keynes Dons,Brighton,1,2,A,C Kavanagh
19/03/2016,Preston,QPR,1,1,D,A Woolmer
19/03/2016,Reading,Cardiff,1,1,D,D Drysdale
19/03/2016,Sheffield Weds,Charlton,3,0,H,S Atwell
18/03/2016,Middlesbrough,Hull,1,0,H,A Marriner
15/03/2016,Brighton,Reading,1,0,H,S Martin
15/03/2016,Hull,Nott'm Forest,1,1,D,A Davies
15/03/2016,Ipswich,Blackburn,2,0,H,I Williamson
13/03/2016,Charlton,Middlesbrough,2,0,H,D Deadman
13/03/2016,Wolves,Birmingham,0,0,D,D Drysdale
12/03/2016,Blackburn,Leeds,1,2,A,K Stroud
12/03/2016,Bolton,Preston,1,2,A,P Tierney
12/03/2016,Cardiff,Ipswich,1,0,H,A Madley
12/03/2016,Fulham,Bristol City,1,2,A,P Gibbs
12/03/2016,Huddersfield,Burnley,1,3,A,S Duncan
12/03/2016,Hull,Milton Keynes Dons,1,1,D,J Simpson
12/03/2016,Nott'm Forest,Sheffield Weds,0,3,A,G Scott
12/03/2016,QPR,Brentford,3,0,H,F Graham
12/03/2016,Rotherham,Derby,3,3,D,D Webb
8/03/2016,Blackburn,Birmingham,2,0,H,S Atwell
8/03/2016,Bolton,Ipswich,2,2,D,M Haywood
8/03/2016,Brighton,Sheffield Weds,0,0,D,D Drysdale
8/03/2016,Cardiff,Leeds,0,2,A,D Deadman
8/03/2016,Charlton,Milton Keynes Dons,0,0,D,C Breakspear
8/03/2016,Fulham,Burnley,2,3,A,D Whitestone
8/03/2016,Huddersfield,Reading,3,1,H,P Tierney
8/03/2016,Nott'm Forest,Preston,1,0,H,M Brown
8/03/2016,QPR,Derby,2,0,H,N Swarbrick
8/03/2016,Rotherham,Middlesbrough,1,0,H,P Bankes
8/03/2016,Wolves,Bristol City,2,1,H,S Duncan
5/03/2016,Brentford,Charlton,1,2,A,B Malone
5/03/2016,Bristol City,Cardiff,0,2,A,G Scott
5/03/2016,Burnley,Blackburn,1,0,H,M Jones
5/03/2016,Derby,Huddersfield,2,0,H,E Ilderton
5/03/2016,Ipswich,Nott'm Forest,1,0,H,A Woolmer
5/03/2016,Leeds,Bolton,2,1,H,T Harrington
5/03/2016,Milton Keynes Dons,QPR,2,0,H,K Stroud
5/03/2016,Preston,Brighton,0,0,D,M Heywood
5/03/2016,Reading,Fulham,2,2,D,S Hooper
5/03/2016,Sheffield Weds,Rotherham,0,1,A,C Kavanagh
4/03/2016,Middlesbrough,Wolves,2,1,H,S Atwell
3/03/2016,Birmingham,Hull,1,0,H,S Martin
1/03/2016,Blackburn,Middlesbrough,2,1,H,A Madley
29/02/2016,Brighton,Leeds,4,0,H,P Bankes
27/02/2016,Blackburn,Milton Keynes Dons,3,2,H,S Hooper
27/02/2016,Bolton,Burnley,1,2,A,S Martin
27/02/2016,Cardiff,Preston,2,1,H,B Malone
27/02/2016,Charlton,Reading,3,4,A,N Miller
27/02/2016,Fulham,Middlesbrough,0,2,A,C Breakspear
27/02/2016,Huddersfield,Ipswich,0,1,A,D Bond
27/02/2016,Nott'm Forest,Bristol City,1,2,A,D Webb
27/02/2016,QPR,Birmingham,2,0,H,R East
27/02/2016,Rotherham,Brentford,2,1,H,M Brown
27/02/2016,Wolves,Derby,2,1,H,G Scott
26/02/2016,Hull,Sheffield Weds,0,0,D,T Robinson
24/02/2016,Derby,Blackburn,1,0,H,N Miller
23/02/2016,Birmingham,Bolton,1,0,H,S Duncan
23/02/2016,Brentford,Wolves,3,0,H,C Breakspear
23/02/2016,Bristol City,Brighton,0,4,A,D Coote
23/02/2016,Burnley,Nott'm Forest,1,0,H,A Madley
23/02/2016,Ipswich,Hull,0,1,A,B Malone
23/02/2016,Leeds,Fulham,1,1,D,K Wright
23/02/2016,Middlesbrough,Cardiff,3,1,H,T Kettle
23/02/2016,Milton Keynes Dons,Huddersfield,1,1,D,M Bull
23/02/2016,Preston,Charlton,2,1,H,J Adcock
23/02/2016,Reading,Rotherham,1,0,H,K Johnson
23/02/2016,Sheffield Weds,QPR,1,1,D,A Davies
20/02/2016,Bolton,QPR,1,1,D,J Simpson
20/02/2016,Brentford,Derby,1,3,A,D Drysdale
20/02/2016,Burnley,Rotherham,2,0,H,T Robinson
20/02/2016,Cardiff,Brighton,4,1,H,D Bond
20/02/2016,Fulham,Charlton,3,0,H,K Friend
20/02/2016,Huddersfield,Wolves,1,0,H,K Wright
20/02/2016,Milton Keynes Dons,Bristol City,0,2,A,K Hill
20/02/2016,Preston,Sheffield Weds,1,0,H,K Stroud
16/02/2016,Blackburn,Fulham,3,0,H,P Gibbs
16/02/2016,Hull,Brighton,0,0,D,A Madley
15/02/2016,Leeds,Middlesbrough,0,0,D,C Pawson
13/02/2016,Blackburn,Hull,0,2,A,O Langford
13/02/2016,Brighton,Bolton,3,2,H,R Lewis
13/02/2016,Bristol City,Ipswich,2,1,H,T Harrington
13/02/2016,Charlton,Cardiff,0,0,D,I Williamson
13/02/2016,Derby,Milton Keynes Dons,0,1,A,G Eltringham
13/02/2016,Nott'm Forest,Huddersfield,0,2,A,D Deadman
13/02/2016,QPR,Fulham,1,3,A,T Robinson
13/02/2016,Reading,Burnley,0,0,D,J Adcock
13/02/2016,Rotherham,Birmingham,0,0,D,R Clark
13/02/2016,Sheffield Weds,Brentford,4,0,H,S Duncan
13/02/2016,Wolves,Preston,1,2,A,K Johnson
9/02/2016,Milton Keynes Dons,Middlesbrough,1,1,D,A Davies
6/02/2016,Birmingham,Sheffield Weds,1,2,A,J Adcock
6/02/2016,Bolton,Rotherham,2,1,H,S Atwell
6/02/2016,Burnley,Hull,1,0,H,G Scott
6/02/2016,Cardiff,Milton Keynes Dons,0,0,D,K Johnson
6/02/2016,Charlton,Bristol City,0,1,A,M Jones
6/02/2016,Fulham,Derby,1,1,D,D Deadman
6/02/2016,Leeds,Nott'm Forest,0,1,A,S Duncan
6/02/2016,Middlesbrough,Blackburn,1,1,D,D Whitestone
6/02/2016,Preston,Huddersfield,2,1,H,D Drysdale
6/02/2016,QPR,Ipswich,1,0,H,C Breakspear
6/02/2016,Reading,Wolves,0,0,D,T Harrington
5/02/2016,Brighton,Brentford,3,0,H,K Stroud
2/02/2016,Derby,Preston,0,0,D,O Langford
2/02/2016,Ipswich,Reading,2,1,H,T Robinson
2/02/2016,Sheffield Weds,Burnley,1,1,D,A Woolmer
2/02/2016,Wolves,Bolton,2,2,D,F Graham
30/01/2016,Bristol City,Birmingham,0,0,D,R Lewis
30/01/2016,Huddersfield,Cardiff,2,3,A,D Webb
30/01/2016,Rotherham,Charlton,1,4,A,K Stroud
26/01/2016,Brentford,Leeds,1,1,D,I Williamson
26/01/2016,Nott'm Forest,QPR,0,0,D,P Tierney
25/01/2016,Burnley,Derby,4,1,H,M Oliver
23/01/2016,Birmingham,Ipswich,3,0,H,M Bull
23/01/2016,Bolton,Milton Keynes Dons,3,1,H,K Wright
23/01/2016,Brighton,Huddersfield,2,1,H,G Horwood
23/01/2016,Cardiff,Rotherham,2,2,D,J Simpson
23/01/2016,Charlton,Blackburn,1,1,D,R Lewis
23/01/2016,Fulham,Hull,0,1,A,P Tierney
23/01/2016,Leeds,Bristol City,1,0,H,C Breakspear
23/01/2016,Middlesbrough,Nott'm Forest,0,1,A,F Graham
23/01/2016,Preston,Brentford,1,3,A,D Webb
23/01/2016,QPR,Wolves,1,1,D,A Woolmer
23/01/2016,Reading,Sheffield Weds,1,1,D,S Martin
16/01/2016,Blackburn,Brighton,0,1,A,K Wright
16/01/2016,Bristol City,Middlesbrough,1,0,H,C Boyeson
16/01/2016,Derby,Birmingham,0,3,A,T Robinson
16/01/2016,Huddersfield,Fulham,1,1,D,C Sarginson
16/01/2016,Hull,Charlton,6,0,H,R Clark
16/01/2016,Ipswich,Preston,1,1,D,S Hooper
16/01/2016,Milton Keynes Dons,Reading,1,0,H,C Breakspear
16/01/2016,Nott'm Forest,Bolton,3,0,H,E Ilderton
16/01/2016,Rotherham,QPR,0,3,A,J Adcock
16/01/2016,Sheffield Weds,Leeds,2,0,H,A Taylor
16/01/2016,Wolves,Cardiff,1,3,A,D Whitestone
15/01/2016,Brentford,Burnley,1,3,A,C Kavanagh
13/01/2016,Hull,Cardiff,2,0,H,S Duncan
12/01/2016,Blackburn,QPR,1,1,D,E Ilderton
12/01/2016,Brentford,Middlesbrough,0,1,A,G Ward
12/01/2016,Bristol City,Preston,1,2,A,J Linington
12/01/2016,Derby,Reading,1,1,D,D Coote
12/01/2016,Huddersfield,Charlton,5,0,H,G Eltringham
12/01/2016,Ipswich,Leeds,2,1,H,F Graham
12/01/2016,Milton Keynes Dons,Burnley,0,5,A,S Martin
12/01/2016,Nott'm Forest,Birmingham,1,1,D,M Brown
12/01/2016,Rotherham,Brighton,2,0,H,O Langford
12/01/2016,Sheffield Weds,Bolton,3,2,H,S Hooper
12/01/2016,Wolves,Fulham,3,2,H,R Lewis
2/01/2016,Birmingham,Brentford,2,1,H,G Scott
2/01/2016,Bolton,Huddersfield,0,2,A,A Haines
2/01/2016,Burnley,Ipswich,0,0,D,P Bankes
2/01/2016,Cardiff,Blackburn,1,0,H,A Woolmer
2/01/2016,Charlton,Nott'm Forest,1,1,D,T Kettle
2/01/2016,Fulham,Sheffield Weds,0,1,A,K Johnson
2/01/2016,Leeds,Milton Keynes Dons,1,1,D,J Simpson
2/01/2016,Middlesbrough,Derby,2,0,H,N Swarbrick
2/01/2016,Preston,Rotherham,2,1,H,C Breakspear
2/01/2016,Reading,Bristol City,1,0,H,D Handley
1/01/2016,Brighton,Wolves,0,1,A,C Kavanagh
1/01/2016,QPR,Hull,1,2,A,K Stroud
29/12/2015,Brighton,Ipswich,0,1,A,S Atwell
29/12/2015,Cardiff,Nott'm Forest,1,1,D,T Robinson
29/12/2015,Fulham,Rotherham,4,1,H,S Hooper
29/12/2015,Leeds,Derby,2,2,D,M Heywood
28/12/2015,Birmingham,Milton Keynes Dons,1,0,H,A Davies
28/12/2015,Bolton,Blackburn,1,0,H,J Moss
28/12/2015,Burnley,Bristol City,4,0,H,A Madley
28/12/2015,Charlton,Wolves,0,2,A,M Buonassisi
28/12/2015,Middlesbrough,Sheffield Weds,1,0,H,D Coote
28/12/2015,Preston,Hull,1,0,H,P Bankes
28/12/2015,QPR,Huddersfield,1,1,D,B Malone
28/12/2015,Reading,Brentford,1,2,A,K Stroud
27/12/2015,Nott'm Forest,Leeds,1,1,D,J Linington
26/12/2015,Brentford,Brighton,0,0,D,D Deadman
26/12/2015,Bristol City,Charlton,1,1,D,O Langford
26/12/2015,Derby,Fulham,2,0,H,S Duncan
26/12/2015,Huddersfield,Preston,3,1,H,C Kavanagh
26/12/2015,Hull,Burnley,3,0,H,M Clattenburg
26/12/2015,Ipswich,QPR,2,1,H,D Drysdale
26/12/2015,Milton Keynes Dons,Cardiff,2,1,H,I Williamson
26/12/2015,Rotherham,Bolton,4,0,H,G Eltringham
26/12/2015,Sheffield Weds,Birmingham,3,0,H,T Harrington
26/12/2015,Wolves,Reading,1,0,H,S Hooper
20/12/2015,Leeds,Preston,1,0,H,G Ward
20/12/2015,Reading,Blackburn,1,0,H,P Bankes
20/12/2015,Sheffield Weds,Wolves,4,1,H,D Whitestone
19/12/2015,Bolton,Fulham,2,2,D,N Miller
19/12/2015,Brentford,Huddersfield,4,2,H,P Gibbs
19/12/2015,Brighton,Middlesbrough,0,3,A,C Pawson
19/12/2015,Bristol City,QPR,1,1,D,M Haywood
19/12/2015,Burnley,Charlton,4,0,H,P Tierney
19/12/2015,Ipswich,Derby,0,1,A,K Hill
19/12/2015,Nott'm Forest,Milton Keynes Dons,2,1,H,S Hooper
19/12/2015,Rotherham,Hull,2,0,H,E Ilderton
18/12/2015,Birmingham,Cardiff,1,0,H,K Stroud
17/12/2015,Wolves,Leeds,2,3,A,S Atwell
16/12/2015,Hull,Reading,2,1,H,O Langford
15/12/2015,Cardiff,Brentford,3,2,H,S Hooper
15/12/2015,Charlton,Bolton,2,2,D,G Horwood
15/12/2015,Derby,Bristol City,4,0,H,A Woolmer
15/12/2015,Fulham,Ipswich,1,2,A,T Kettle
15/12/2015,Huddersfield,Rotherham,2,0,H,M Brown
15/12/2015,Middlesbrough,Burnley,1,0,H,G Eltringham
15/12/2015,Milton Keynes Dons,Sheffield Weds,2,1,H,D Deadman
15/12/2015,Preston,Birmingham,1,1,D,K Wright
15/12/2015,QPR,Brighton,2,2,D,P Tierney
14/12/2015,Blackburn,Nott'm Forest,0,0,D,C Kavanagh
12/12/2015,Cardiff,Sheffield Weds,2,2,D,C Breakspear
12/12/2015,Charlton,Leeds,0,0,D,A Davies
12/12/2015,Derby,Brighton,2,2,D,L Mason
12/12/2015,Fulham,Brentford,2,2,D,D Coote
12/12/2015,Huddersfield,Bristol City,1,2,A,J Simpson
12/12/2015,Hull,Bolton,1,0,H,M Bull
12/12/2015,Middlesbrough,Birmingham,0,0,D,D Bond
12/12/2015,Milton Keynes Dons,Ipswich,0,1,A,G Ward
12/12/2015,Preston,Reading,1,0,H,G Eltringham
12/12/2015,QPR,Burnley,0,0,D,S Atwell
11/12/2015,Blackburn,Rotherham,1,0,H,T Harrington
11/12/2015,Wolves,Nott'm Forest,1,1,D,K Stroud
6/12/2015,Sheffield Weds,Derby,0,0,D,G Scott
5/12/2015,Birmingham,Huddersfield,0,2,A,S Martin
5/12/2015,Bolton,Cardiff,2,3,A,T Harrington
5/12/2015,Brentford,Milton Keynes Dons,2,0,H,O Langford
5/12/2015,Brighton,Charlton,3,2,H,K Stroud
5/12/2015,Bristol City,Blackburn,0,2,A,G Eltringham
5/12/2015,Burnley,Preston,0,2,A,K Friend
5/12/2015,Leeds,Hull,2,1,H,C Kavanagh
5/12/2015,Nott'm Forest,Fulham,3,0,H,C Boyeson
5/12/2015,Rotherham,Wolves,1,2,A,D Deadman
4/12/2015,Ipswich,Middlesbrough,0,2,A,T Robinson
3/12/2015,Reading,QPR,0,1,A,A Madley
30/11/2015,Bolton,Brentford,1,1,D,C Boyeson
28/11/2015,Blackburn,Sheffield Weds,2,2,D,F Graham
28/11/2015,Brighton,Birmingham,2,1,H,G Ward
28/11/2015,Cardiff,Burnley,2,2,D,D Drysdale
28/11/2015,Charlton,Ipswich,0,3,A,S Duncan
28/11/2015,Fulham,Preston,1,1,D,G Horwood
28/11/2015,Huddersfield,Middlesbrough,0,2,A,E Ilderton
28/11/2015,Nott'm Forest,Reading,3,1,H,K Hill
28/11/2015,QPR,Leeds,1,0,H,P Bankes
28/11/2015,Rotherham,Bristol City,3,0,H,T Robinson
28/11/2015,Wolves,Milton Keynes Dons,0,0,D,N Miller
27/11/2015,Hull,Derby,0,2,A,G Eltringham
22/11/2015,Burnley,Brighton,1,1,D,S Hooper
21/11/2015,Birmingham,Charlton,0,1,A,D Drysdale
21/11/2015,Brentford,Nott'm Forest,2,1,H,B Malone
21/11/2015,Bristol City,Hull,1,1,D,P Tierney
21/11/2015,Derby,Cardiff,2,0,H,E Ilderton
21/11/2015,Ipswich,Wolves,2,2,D,G Ward
21/11/2015,Leeds,Rotherham,0,1,A,K Stroud
21/11/2015,Milton Keynes Dons,Fulham,1,1,D,D Handley
21/11/2015,Preston,Blackburn,1,2,A,M Dean
21/11/2015,Reading,Bolton,2,1,H,J Linington
21/11/2015,Sheffield Weds,Huddersfield,3,1,H,C Boyeson
20/11/2015,Middlesbrough,QPR,1,0,H,C Kavanagh
7/11/2015,Blackburn,Brentford,1,1,D,A Woolmer
7/11/2015,Bolton,Bristol City,0,0,D,S Atwell
7/11/2015,Brighton,Milton Keynes Dons,2,1,H,D Whitestone
7/11/2015,Cardiff,Reading,2,0,H,K Stroud
7/11/2015,Charlton,Sheffield Weds,3,1,H,G Ward
7/11/2015,Fulham,Birmingham,2,5,A,I Williamson
7/11/2015,Huddersfield,Leeds,0,3,A,G Scott
7/11/2015,Hull,Middlesbrough,3,0,H,J Simpson
7/11/2015,QPR,Preston,0,0,D,R Lewis
7/11/2015,Rotherham,Ipswich,2,5,A,D Drysdale
7/11/2015,Wolves,Burnley,0,0,D,J Moss
6/11/2015,Nott'm Forest,Derby,1,0,H,S Hooper
3/11/2015,Birmingham,Blackburn,0,0,D,C Kavanagh
3/11/2015,Brentford,Hull,0,2,A,G Ward
3/11/2015,Bristol City,Wolves,1,0,H,S Hooper
3/11/2015,Burnley,Fulham,3,1,H,A Madley
3/11/2015,Derby,QPR,1,0,H,K Stroud
3/11/2015,Ipswich,Bolton,2,0,H,D Deadman
3/11/2015,Leeds,Cardiff,1,0,H,C Boyeson
3/11/2015,Middlesbrough,Rotherham,1,0,H,P Tierney
3/11/2015,Milton Keynes Dons,Charlton,1,0,H,A Davies
3/11/2015,Preston,Nott'm Forest,1,0,H,T Harrington
3/11/2015,Reading,Huddersfield,2,2,D,B Malone
3/11/2015,Sheffield Weds,Brighton,0,0,D,K Wright
31/10/2015,Birmingham,Wolves,0,2,A,P Bankes
31/10/2015,Bristol City,Fulham,1,4,A,A Woolmer
31/10/2015,Burnley,Huddersfield,2,1,H,O Langford
31/10/2015,Derby,Rotherham,3,0,H,S Duncan
31/10/2015,Ipswich,Cardiff,0,0,D,D Coote
31/10/2015,Middlesbrough,Charlton,3,0,H,A Madley
31/10/2015,Milton Keynes Dons,Hull,0,2,A,G Scott
31/10/2015,Preston,Bolton,0,0,D,D Whitestone
31/10/2015,Reading,Brighton,1,1,D,N Swarbrick
31/10/2015,Sheffield Weds,Nott'm Forest,1,0,H,J Simpson
30/10/2015,Brentford,QPR,1,0,H,S Hooper
29/10/2015,Leeds,Blackburn,0,2,A,T Robinson
26/10/2015,Cardiff,Bristol City,0,0,D,C Pawson
24/10/2015,Blackburn,Burnley,0,1,A,K Stroud
24/10/2015,Bolton,Leeds,1,1,D,S Hooper
24/10/2015,Brighton,Preston,0,0,D,A Davies
24/10/2015,Charlton,Brentford,0,3,A,S Atwell
24/10/2015,Fulham,Reading,4,2,H,F Graham
24/10/2015,Huddersfield,Derby,1,2,A,T Harrington
24/10/2015,Hull,Birmingham,2,0,H,E Ilderton
24/10/2015,Nott'm Forest,Ipswich,1,1,D,P Tierney
24/10/2015,QPR,Milton Keynes Dons,3,0,H,S Duncan
24/10/2015,Wolves,Middlesbrough,1,3,A,J Linington
23/10/2015,Rotherham,Sheffield Weds,1,2,A,M Jones
21/10/2015,Blackburn,Derby,0,0,D,D Drysdale
21/10/2015,Fulham,Leeds,1,1,D,K Hill
21/10/2015,Wolves,Brentford,0,2,A,P Tierney
20/10/2015,Bolton,Birmingham,0,1,A,G Eltringham
20/10/2015,Brighton,Bristol City,2,1,H,I Williamson
20/10/2015,Cardiff,Middlesbrough,1,0,H,D Whitestone
20/10/2015,Charlton,Preston,0,3,A,S Hooper
20/10/2015,Huddersfield,Milton Keynes Dons,2,0,H,P Bankes
20/10/2015,Hull,Ipswich,3,0,H,C Kavanagh
20/10/2015,Nott'm Forest,Burnley,1,1,D,S Atwell
20/10/2015,QPR,Sheffield Weds,0,0,D,A Haines
20/10/2015,Rotherham,Reading,1,1,D,J Simpson
18/10/2015,Derby,Wolves,4,2,H,A Madley
17/10/2015,Birmingham,QPR,2,1,H,C Boyeson
17/10/2015,Brentford,Rotherham,2,1,H,I Williamson
17/10/2015,Burnley,Bolton,2,0,H,G Scott
17/10/2015,Ipswich,Huddersfield,0,0,D,A Davies
17/10/2015,Leeds,Brighton,1,2,A,D Deadman
17/10/2015,Middlesbrough,Fulham,0,0,D,P Bankes
17/10/2015,Milton Keynes Dons,Blackburn,3,0,H,J Linington
17/10/2015,Preston,Cardiff,0,0,D,S Atwell
17/10/2015,Reading,Charlton,1,0,H,R Lewis
17/10/2015,Sheffield Weds,Hull,1,1,D,K Stroud
16/10/2015,Bristol City,Nott'm Forest,2,0,H,L Mason
4/10/2015,Charlton,Fulham,2,2,D,J Linington
3/10/2015,Blackburn,Ipswich,2,0,H,A Marriner
3/10/2015,Brighton,Cardiff,1,1,D,C Breakspear
3/10/2015,Bristol City,Milton Keynes Dons,1,1,D,D Bond
3/10/2015,Derby,Brentford,2,0,H,J Simpson
3/10/2015,Leeds,Birmingham,0,2,A,P Tierney
3/10/2015,Nott'm Forest,Hull,0,1,A,N Miller
3/10/2015,QPR,Bolton,4,3,H,D Drysdale
3/10/2015,Reading,Middlesbrough,2,0,H,K Stroud
3/10/2015,Sheffield Weds,Preston,3,1,H,A Woolmer
3/10/2015,Wolves,Huddersfield,3,0,H,C Kavanagh
2/10/2015,Rotherham,Burnley,1,2,A,P Bankes
29/09/2015,Brentford,Birmingham,0,2,A,K Hill
29/09/2015,Fulham,Wolves,0,3,A,D Drysdale
27/09/2015,Middlesbrough,Leeds,3,0,H,N Swarbrick
26/09/2015,Birmingham,Rotherham,0,2,A,A Woolmer
26/09/2015,Bolton,Brighton,2,2,D,M Haywood
26/09/2015,Brentford,Sheffield Weds,1,2,A,G Eltringham
26/09/2015,Burnley,Reading,1,2,A,T Harrington
26/09/2015,Cardiff,Charlton,2,1,H,A Madley
26/09/2015,Hull,Blackburn,1,1,D,A Haines
26/09/2015,Ipswich,Bristol City,2,2,D,P Bankes
26/09/2015,Milton Keynes Dons,Derby,1,3,A,C Kavanagh
26/09/2015,Preston,Wolves,1,1,D,T Kettle
25/09/2015,Fulham,QPR,4,0,H,K Friend
24/09/2015,Huddersfield,Nott'm Forest,1,1,D,G Salisbury
21/09/2015,Derby,Burnley,0,0,D,D Whitestone
19/09/2015,Blackburn,Charlton,3,0,H,C Boyeson
19/09/2015,Brentford,Preston,2,1,H,T Robinson
19/09/2015,Bristol City,Reading,0,2,A,S Martin
19/09/2015,Huddersfield,Bolton,4,1,H,T Kettle
19/09/2015,Hull,QPR,1,1,D,O Langford
19/09/2015,Milton Keynes Dons,Leeds,1,2,A,D Webb
19/09/2015,Nott'm Forest,Middlesbrough,1,2,A,L Mason
19/09/2015,Rotherham,Cardiff,2,1,H,K Hill
19/09/2015,Sheffield Weds,Fulham,3,2,H,S Hooper
19/09/2015,Wolves,Brighton,0,0,D,J Simpson
18/09/2015,Ipswich,Birmingham,1,1,D,K Stroud
16/09/2015,QPR,Blackburn,2,2,D,D Deadman
15/09/2015,Birmingham,Nott'm Forest,0,1,A,M Heywood
15/09/2015,Bolton,Sheffield Weds,0,0,D,P Bankes
15/09/2015,Brighton,Rotherham,2,1,H,J Linington
15/09/2015,Burnley,Milton Keynes Dons,2,1,H,K Wright
15/09/2015,Cardiff,Hull,0,2,A,C Sarginson
15/09/2015,Charlton,Huddersfield,1,2,A,C Breakspear
15/09/2015,Leeds,Ipswich,0,1,A,J Adcock
15/09/2015,Middlesbrough,Brentford,3,1,H,G Salisbury
15/09/2015,Preston,Bristol City,1,1,D,E Ilderton
15/09/2015,Reading,Derby,0,1,A,A Davies
13/09/2015,Fulham,Blackburn,2,1,H,T Harrington
12/09/2015,Birmingham,Bristol City,4,2,H,M Brown
12/09/2015,Bolton,Wolves,2,1,H,S Duncan
12/09/2015,Brighton,Hull,1,0,H,S Hooper
12/09/2015,Burnley,Sheffield Weds,3,1,H,S Martin
12/09/2015,Cardiff,Huddersfield,2,0,H,P Tierney
12/09/2015,Charlton,Rotherham,1,1,D,K Stroud
12/09/2015,Leeds,Brentford,1,1,D,N Miller
12/09/2015,Middlesbrough,Milton Keynes Dons,2,0,H,J Simpson
12/09/2015,Preston,Derby,1,2,A,R Clark
12/09/2015,QPR,Nott'm Forest,1,2,A,K Hill
11/09/2015,Reading,Ipswich,5,1,H,R East
29/08/2015,Brentford,Reading,1,3,A,A Madley
29/08/2015,Bristol City,Burnley,1,2,A,M Dean
29/08/2015,Derby,Leeds,1,2,A,D Bond
29/08/2015,Huddersfield,QPR,0,1,A,K Wright
29/08/2015,Hull,Preston,2,0,H,F Graham
29/08/2015,Ipswich,Brighton,2,3,A,K Hill
29/08/2015,Milton Keynes Dons,Birmingham,0,2,A,R Atkin
29/08/2015,Nott'm Forest,Cardiff,1,2,A,O Langford
29/08/2015,Rotherham,Fulham,1,3,A,G Eltringham
29/08/2015,Sheffield Weds,Middlesbrough,1,3,A,M Heywood
29/08/2015,Wolves,Charlton,2,1,H,C Kavanagh
28/08/2015,Blackburn,Bolton,0,0,D,P Tierney
22/08/2015,Bolton,Nott'm Forest,1,1,D,C Boyeson
22/08/2015,Brighton,Blackburn,1,0,H,A Madley
22/08/2015,Burnley,Brentford,1,0,H,D Webb
22/08/2015,Cardiff,Wolves,2,0,H,A Davies
22/08/2015,Charlton,Hull,2,1,H,T Robinson
22/08/2015,Fulham,Huddersfield,1,1,D,J Adcock
22/08/2015,Leeds,Sheffield Weds,1,1,D,M Jones
22/08/2015,Middlesbrough,Bristol City,0,1,A,P Tierney
22/08/2015,Preston,Ipswich,1,2,A,M Brown
22/08/2015,QPR,Rotherham,4,2,H,D Whitestone
22/08/2015,Reading,Milton Keynes Dons,0,0,D,D Coote
21/08/2015,Birmingham,Derby,1,1,D,L Mason
19/08/2015,Bristol City,Leeds,2,2,D,G Ward
19/08/2015,Hull,Fulham,2,1,H,G Salisbury
19/08/2015,Sheffield Weds,Reading,1,1,D,P Tierney
19/08/2015,Wolves,QPR,2,3,A,P Bankes
18/08/2015,Blackburn,Cardiff,1,1,D,S Duncan
18/08/2015,Derby,Middlesbrough,1,1,D,S Martin
18/08/2015,Huddersfield,Brighton,1,1,D,E Ilderton
18/08/2015,Ipswich,Burnley,2,0,H,S Hooper
18/08/2015,Milton Keynes Dons,Bolton,1,0,H,S Atwell
18/08/2015,Nott'm Forest,Charlton,0,0,D,D Drysdale
18/08/2015,Rotherham,Preston,0,0,D,D Coote
16/08/2015,Reading,Leeds,0,0,D,C Kavanagh
16/08/2015,Wolves,Hull,1,1,D,A Marriner
15/08/2015,Bristol City,Brentford,2,4,A,K Stroud
15/08/2015,Burnley,Birmingham,2,2,D,D Coote
15/08/2015,Derby,Charlton,1,1,D,N Miller
15/08/2015,Fulham,Brighton,1,2,A,N Swarbrick
15/08/2015,Huddersfield,Blackburn,1,1,D,P Bankes
15/08/2015,Ipswich,Sheffield Weds,2,1,H,J Linington
15/08/2015,Middlesbrough,Bolton,3,0,H,J Adcock
15/08/2015,Milton Keynes Dons,Preston,0,1,A,A Madley
15/08/2015,Nott'm Forest,Rotherham,2,1,H,D Bond
15/08/2015,QPR,Cardiff,2,2,D,S Hooper
9/08/2015,Preston,Middlesbrough,0,0,D,C Kavanagh
8/08/2015,Birmingham,Reading,2,1,H,P Bankes
8/08/2015,Blackburn,Wolves,1,2,A,M Haywood
8/08/2015,Bolton,Derby,0,0,D,A Madley
8/08/2015,Brentford,Ipswich,2,2,D,D Coote
8/08/2015,Cardiff,Fulham,1,1,D,D Bond
8/08/2015,Charlton,QPR,2,0,H,R Madley
8/08/2015,Hull,Huddersfield,2,0,H,K Hill
8/08/2015,Leeds,Burnley,1,1,D,K Friend
8/08/2015,Rotherham,Milton Keynes Dons,1,4,A,N Miller
8/08/2015,Sheffield Weds,Bristol City,2,0,H,J Adcock
7/08/2015,Brighton,Nott'm Forest,1,0,H,K Stroud
2/05/2015,Blackburn,Ipswich,3,2,H,G Scott
2/05/2015,Blackpool,Huddersfield,0,0,D,M Russell
2/05/2015,Bolton,Birmingham,0,1,A,M Brown
2/05/2015,Brentford,Wigan,3,0,H,A Woolmer
2/05/2015,Charlton,Bournemouth,0,3,A,N Swarbrick
2/05/2015,Derby,Reading,0,3,A,J Linington
2/05/2015,Leeds,Rotherham,0,0,D,A D'Urso
2/05/2015,Middlesbrough,Brighton,0,0,D,A Madley
2/05/2015,Norwich,Fulham,4,2,H,D Coote
2/05/2015,Nott'm Forest,Cardiff,1,2,A,P Bankes
2/05/2015,Watford,Sheffield Weds,1,1,D,L Probert
2/05/2015,Wolves,Millwall,4,2,H,M Haywood
28/04/2015,Rotherham,Reading,2,1,H,G Salisbury
27/04/2015,Bournemouth,Bolton,3,0,H,S Hooper
25/04/2015,Birmingham,Charlton,1,0,H,J Simpson
25/04/2015,Brighton,Watford,0,2,A,K Stroud
25/04/2015,Cardiff,Blackpool,3,2,H,S Martin
25/04/2015,Fulham,Middlesbrough,4,3,H,K Friend
25/04/2015,Huddersfield,Blackburn,2,2,D,B Malone
25/04/2015,Ipswich,Nott'm Forest,2,1,H,G Salisbury
25/04/2015,Millwall,Derby,3,3,D,D Coote
25/04/2015,Reading,Brentford,0,2,A,A Madley
25/04/2015,Rotherham,Norwich,1,1,D,M Brown
25/04/2015,Sheffield Weds,Leeds,1,2,A,R Madley
25/04/2015,Wigan,Wolves,0,1,A,J Linington
22/04/2015,Reading,Birmingham,0,1,A,L Mason
21/04/2015,Blackburn,Millwall,2,0,H,N Miller
18/04/2015,Blackburn,Nott'm Forest,3,3,D,A Haines
18/04/2015,Blackpool,Fulham,0,1,A,E Ilderton
18/04/2015,Bournemouth,Sheffield Weds,2,2,D,P Tierney
18/04/2015,Brentford,Bolton,2,2,D,C Boyeson
18/04/2015,Cardiff,Millwall,0,0,D,M Brown
18/04/2015,Charlton,Leeds,2,1,H,T Harrington
18/04/2015,Huddersfield,Derby,4,4,D,D Whitestone
18/04/2015,Watford,Birmingham,1,0,H,M Haywood
18/04/2015,Wigan,Brighton,2,1,H,K Hill
18/04/2015,Wolves,Ipswich,1,1,D,S Attwell
17/04/2015,Norwich,Middlesbrough,0,1,A,R Madley
15/04/2015,Fulham,Rotherham,1,1,D,A Davies
15/04/2015,Nott'm Forest,Watford,1,3,A,P Tierney
14/04/2015,Birmingham,Blackburn,2,2,D,J Linington
14/04/2015,Bolton,Charlton,1,1,D,K Wright
14/04/2015,Brighton,Huddersfield,0,0,D,A D'Urso
14/04/2015,Derby,Blackpool,4,0,H,O Langford
14/04/2015,Ipswich,Cardiff,3,1,H,G Ward
14/04/2015,Leeds,Norwich,0,2,A,M Jones
14/04/2015,Middlesbrough,Wolves,2,1,H,N Swarbrick
14/04/2015,Millwall,Wigan,2,0,H,S Martin
14/04/2015,Reading,Bournemouth,0,1,A,K Stroud
14/04/2015,Sheffield Weds,Brentford,1,0,H,M Brown
11/04/2015,Birmingham,Wolves,2,1,H,E Ilderton
11/04/2015,Bolton,Norwich,1,2,A,J Adcock
11/04/2015,Derby,Brentford,1,1,D,G Scott
11/04/2015,Ipswich,Blackpool,3,2,H,J Linington
11/04/2015,Leeds,Cardiff,1,2,A,C Kavanagh
11/04/2015,Middlesbrough,Rotherham,2,0,H,I Williamson
11/04/2015,Millwall,Watford,0,2,A,S Hooper
11/04/2015,Nott'm Forest,Huddersfield,0,1,A,D Deadman
11/04/2015,Reading,Blackburn,0,0,D,M Bull
11/04/2015,Sheffield Weds,Charlton,1,1,D,D Bond
10/04/2015,Brighton,Bournemouth,0,2,A,C Pawson
10/04/2015,Fulham,Wigan,2,2,D,M Russell
7/04/2015,Blackpool,Reading,1,1,D,G Eltringham
7/04/2015,Charlton,Fulham,1,1,D,A Madley
6/04/2015,Bournemouth,Birmingham,4,2,H,A Woolmer
6/04/2015,Brentford,Nott'm Forest,2,2,D,D Webb
6/04/2015,Cardiff,Bolton,0,3,A,K Stroud
6/04/2015,Huddersfield,Ipswich,2,1,H,T Harrington
6/04/2015,Norwich,Sheffield Weds,2,0,H,C Boyeson
6/04/2015,Rotherham,Brighton,1,0,H,K Wright
6/04/2015,Watford,Middlesbrough,2,0,H,M Jones
6/04/2015,Wigan,Derby,0,2,A,S Hooper
6/04/2015,Wolves,Leeds,4,3,H,D Coote
4/04/2015,Bolton,Blackpool,1,1,D,D Coote
4/04/2015,Leeds,Blackburn,0,3,A,G Sutton
4/04/2015,Reading,Cardiff,1,1,D,S Duncan
4/04/2015,Sheffield Weds,Huddersfield,1,1,D,M Haywood
3/04/2015,Birmingham,Rotherham,2,1,H,D Whitestone
3/04/2015,Brighton,Norwich,0,1,A,A Davies
3/04/2015,Derby,Watford,2,2,D,K Friend
3/04/2015,Fulham,Brentford,1,4,A,S Hooper
3/04/2015,Ipswich,Bournemouth,1,1,D,R Madley
3/04/2015,Middlesbrough,Wigan,1,0,H,S Attwell
3/04/2015,Millwall,Charlton,2,1,H,M Russell
3/04/2015,Nott'm Forest,Wolves,1,2,A,A D'Urso
21/03/2015,Blackburn,Brighton,0,1,A,S Attwell
21/03/2015,Blackpool,Leeds,1,1,D,S Duncan
21/03/2015,Bournemouth,Middlesbrough,3,0,H,A Taylor
21/03/2015,Brentford,Millwall,2,2,D,F Graham
21/03/2015,Cardiff,Birmingham,2,0,H,G Salisbury
21/03/2015,Charlton,Reading,3,2,H,D Deadman
21/03/2015,Huddersfield,Fulham,0,2,A,R Clark
21/03/2015,Norwich,Nott'm Forest,3,1,H,J Linington
21/03/2015,Rotherham,Sheffield Weds,2,3,A,O Langford
21/03/2015,Watford,Ipswich,0,1,A,A D'Urso
21/03/2015,Wigan,Bolton,1,1,D,N Miller
20/03/2015,Wolves,Derby,2,0,H,K Stroud
18/03/2015,Fulham,Leeds,0,3,A,C Kavanagh
18/03/2015,Nott'm Forest,Rotherham,2,0,H,M Bull
17/03/2015,Blackburn,Brentford,2,3,A,S Stockbridge
17/03/2015,Blackpool,Charlton,0,3,A,D Webb
17/03/2015,Cardiff,Bournemouth,1,1,D,L Mason
17/03/2015,Derby,Middlesbrough,0,1,A,A D'Urso
17/03/2015,Huddersfield,Norwich,2,2,D,N Miller
17/03/2015,Ipswich,Bolton,1,0,H,F Graham
17/03/2015,Millwall,Brighton,0,0,D,A Woolmer
17/03/2015,Wigan,Watford,0,2,A,D Coote
17/03/2015,Wolves,Sheffield Weds,3,0,H,S Hooper
14/03/2015,Birmingham,Huddersfield,1,1,D,P Tierney
14/03/2015,Bolton,Millwall,2,0,H,A Haines
14/03/2015,Bournemouth,Blackpool,4,0,H,C Sarginson
14/03/2015,Brentford,Cardiff,1,2,A,A Davies
14/03/2015,Brighton,Wolves,1,1,D,T Kettle
14/03/2015,Charlton,Blackburn,1,3,A,C Breakspear
14/03/2015,Leeds,Nott'm Forest,0,0,D,K Hill
14/03/2015,Middlesbrough,Ipswich,4,1,H,M Jones
14/03/2015,Norwich,Derby,1,1,D,L Probert
14/03/2015,Rotherham,Wigan,1,2,A,J Linington
14/03/2015,Sheffield Weds,Fulham,1,1,D,A Woolmer
14/03/2015,Watford,Reading,4,1,H,D Bond
11/03/2015,Blackburn,Bolton,1,0,H,P Tierney
10/03/2015,Reading,Brighton,2,1,H,A Haines
7/03/2015,Blackpool,Sheffield Weds,0,1,A,G Scott
7/03/2015,Cardiff,Charlton,1,2,A,P Miller
7/03/2015,Derby,Birmingham,2,2,D,I Williamson
7/03/2015,Huddersfield,Rotherham,0,2,A,C Boyeson
7/03/2015,Ipswich,Brentford,1,1,D,S Duncan
7/03/2015,Millwall,Norwich,1,4,A,K Stroud
7/03/2015,Nott'm Forest,Middlesbrough,2,1,H,J Moss
7/03/2015,Wigan,Leeds,0,1,A,G Eltringham
7/03/2015,Wolves,Watford,2,2,D,B Malone
6/03/2015,Fulham,Bournemouth,1,5,A,A Madley
4/03/2015,Birmingham,Blackpool,1,0,H,S Attwell
4/03/2015,Leeds,Ipswich,2,1,H,M Brown
4/03/2015,Norwich,Wigan,0,1,A,G Ward
4/03/2015,Sheffield Weds,Blackburn,1,2,A,E Ilderton
3/03/2015,Bolton,Reading,1,1,D,M Haywood
3/03/2015,Bournemouth,Wolves,2,1,H,J Linington
3/03/2015,Brentford,Huddersfield,4,1,H,C Kavanagh
3/03/2015,Brighton,Derby,2,0,H,N Swarbrick
3/03/2015,Charlton,Nott'm Forest,2,1,H,S Hooper
3/03/2015,Middlesbrough,Millwall,3,0,H,K Wright
3/03/2015,Rotherham,Cardiff,1,3,A,J Adcock
3/03/2015,Watford,Fulham,1,0,H,T Kettle
1/03/2015,Norwich,Ipswich,2,0,H,P Tierney
28/02/2015,Birmingham,Brentford,1,0,H,D Bond
28/02/2015,Blackpool,Wigan,1,3,A,K Stroud
28/02/2015,Bolton,Brighton,1,0,H,D Whitestone
28/02/2015,Bournemouth,Blackburn,0,0,D,S Hooper
28/02/2015,Cardiff,Wolves,0,1,A,R Madley
28/02/2015,Charlton,Huddersfield,3,0,H,J Linington
28/02/2015,Fulham,Derby,2,0,H,M Jones
28/02/2015,Leeds,Watford,2,3,A,A Haines
28/02/2015,Reading,Nott'm Forest,0,3,A,M Russell
28/02/2015,Rotherham,Millwall,2,1,H,G Sutton
28/02/2015,Sheffield Weds,Middlesbrough,2,0,H,S Martin
25/02/2015,Nott'm Forest,Bournemouth,2,1,H,N Miller
24/02/2015,Blackburn,Norwich,1,2,A,S Duncan
24/02/2015,Brentford,Blackpool,4,0,H,A D'Urso
24/02/2015,Brighton,Leeds,2,0,H,F Graham
24/02/2015,Derby,Charlton,2,0,H,D Coote
24/02/2015,Huddersfield,Reading,3,0,H,J Adcock
24/02/2015,Ipswich,Birmingham,4,2,H,L Probert
24/02/2015,Middlesbrough,Bolton,1,0,H,A Madley
24/02/2015,Millwall,Sheffield Weds,1,3,A,J Linington
24/02/2015,Watford,Rotherham,3,0,H,A Davies
24/02/2015,Wigan,Cardiff,0,1,A,A Woolmer
24/02/2015,Wolves,Fulham,3,0,H,G Salisbury
21/02/2015,Blackburn,Blackpool,1,1,D,M Russell
21/02/2015,Brentford,Bournemouth,3,1,H,M Dean
21/02/2015,Brighton,Birmingham,4,3,H,G Sutton
21/02/2015,Derby,Sheffield Weds,3,2,H,D Bond
21/02/2015,Huddersfield,Cardiff,0,0,D,M Heywood
21/02/2015,Ipswich,Reading,0,1,A,E Ilderton
21/02/2015,Middlesbrough,Leeds,0,1,A,A Marriner
21/02/2015,Millwall,Fulham,0,0,D,K Hill
21/02/2015,Nott'm Forest,Bolton,4,1,H,C Boyeson
21/02/2015,Watford,Norwich,0,3,A,C Berry
21/02/2015,Wolves,Rotherham,5,0,H,I Williamson
20/02/2015,Wigan,Charlton,0,3,A,C Kavanagh
18/02/2015,Birmingham,Middlesbrough,1,1,D,D Coote
17/02/2015,Cardiff,Blackburn,1,1,D,B Malone
17/02/2015,Reading,Wigan,0,1,A,S Hooper
17/02/2015,Rotherham,Derby,3,3,D,N Miller
14/02/2015,Blackpool,Nott'm Forest,4,4,D,L Probert
14/02/2015,Bolton,Watford,3,4,A,G Eltringham
14/02/2015,Bournemouth,Huddersfield,1,1,D,G Ward
14/02/2015,Charlton,Brentford,3,0,H,G Scott
14/02/2015,Fulham,Ipswich,1,2,A,M Haywood
14/02/2015,Leeds,Millwall,1,0,H,P Tierney
14/02/2015,Norwich,Wolves,2,0,H,N Swarbrick
14/02/2015,Sheffield Weds,Brighton,0,0,D,S Duncan
11/02/2015,Nott'm Forest,Wigan,3,0,H,O Langford
10/02/2015,Birmingham,Millwall,0,1,A,S Hooper
10/02/2015,Blackburn,Rotherham,2,1,H,G Eltringham
10/02/2015,Blackpool,Middlesbrough,1,2,A,C Kavanagh
10/02/2015,Bolton,Fulham,3,1,H,G Sutton
10/02/2015,Bournemouth,Derby,2,2,D,M Clattenburg
10/02/2015,Brentford,Watford,1,2,A,K Stroud
10/02/2015,Cardiff,Brighton,0,0,D,I Williamson
10/02/2015,Charlton,Norwich,2,3,A,A Woolmer
10/02/2015,Huddersfield,Wolves,1,4,A,D Webb
10/02/2015,Ipswich,Sheffield Weds,2,1,H,S Attwell
10/02/2015,Reading,Leeds,0,2,A,G Scott
7/02/2015,Brighton,Nott'm Forest,2,3,A,C Sarginson
7/02/2015,Derby,Bolton,4,1,H,T Harrington
7/02/2015,Fulham,Birmingham,1,1,D,F Graham
7/02/2015,Leeds,Brentford,0,1,A,G Salisbury
7/02/2015,Middlesbrough,Charlton,3,1,H,T Kettle
7/02/2015,Millwall,Huddersfield,1,3,A,M Jones
7/02/2015,Norwich,Blackpool,4,0,H,S Hooper
7/02/2015,Rotherham,Ipswich,2,0,H,G Ward
7/02/2015,Sheffield Weds,Cardiff,1,1,D,K Wright
7/02/2015,Watford,Blackburn,1,0,H,A Madley
7/02/2015,Wigan,Bournemouth,1,3,A,M Haywood
7/02/2015,Wolves,Reading,1,2,A,K Hill
31/01/2015,Birmingham,Norwich,0,0,D,D Handley
31/01/2015,Blackburn,Fulham,2,1,H,D Whitestone
31/01/2015,Blackpool,Brighton,1,0,H,S Stockbridge
31/01/2015,Bolton,Wolves,2,2,D,E Ilderton
31/01/2015,Brentford,Middlesbrough,0,1,A,S Hooper
31/01/2015,Cardiff,Derby,0,2,A,P Tierney
31/01/2015,Charlton,Rotherham,1,1,D,S Duncan
31/01/2015,Huddersfield,Leeds,1,2,A,C Foy
31/01/2015,Ipswich,Wigan,0,0,D,C Breakspear
31/01/2015,Nott'm Forest,Millwall,0,1,A,M Heywood
31/01/2015,Reading,Sheffield Weds,2,0,H,B Malone
30/01/2015,Bournemouth,Watford,2,0,H,L Probert
27/01/2015,Derby,Blackburn,2,0,H,A Davies
27/01/2015,Millwall,Reading,0,0,D,A Madley
27/01/2015,Rotherham,Bolton,4,2,H,D Drysdale
27/01/2015,Sheffield Weds,Birmingham,0,0,D,T Kettle
24/01/2015,Norwich,Brentford,1,2,A,N Miller
24/01/2015,Watford,Blackpool,7,2,H,F Graham
24/01/2015,Wigan,Huddersfield,0,1,A,S Martin
24/01/2015,Wolves,Charlton,0,0,D,A D'Urso
21/01/2015,Brighton,Ipswich,3,2,H,K Stroud
21/01/2015,Fulham,Nott'm Forest,3,2,H,A Haines
20/01/2015,Leeds,Bournemouth,1,0,H,O Langford
20/01/2015,Middlesbrough,Cardiff,2,1,H,G Eltringham
17/01/2015,Brighton,Brentford,0,1,A,A Davies
17/01/2015,Derby,Nott'm Forest,1,2,A,A Madley
17/01/2015,Fulham,Reading,2,1,H,M Brown
17/01/2015,Leeds,Birmingham,1,1,D,D Whitestone
17/01/2015,Middlesbrough,Huddersfield,2,0,H,P Bankes
17/01/2015,Millwall,Ipswich,1,3,A,G Salisbury
17/01/2015,Norwich,Cardiff,3,2,H,J Adcock
17/01/2015,Rotherham,Bournemouth,0,2,A,P Gibbs
17/01/2015,Sheffield Weds,Bolton,1,2,A,G Scott
17/01/2015,Watford,Charlton,5,0,H,D Bond
17/01/2015,Wigan,Blackburn,1,1,D,M Jones
17/01/2015,Wolves,Blackpool,2,0,H,K Johnson
11/01/2015,Blackburn,Wolves,0,1,A,M Haywood
10/01/2015,Birmingham,Wigan,3,1,H,M Russell
10/01/2015,Blackpool,Millwall,1,0,H,S Martin
10/01/2015,Bolton,Leeds,1,1,D,A Woolmer
10/01/2015,Bournemouth,Norwich,1,2,A,C Foy
10/01/2015,Brentford,Rotherham,1,0,H,P Tierney
10/01/2015,Cardiff,Fulham,1,0,H,N Miller
10/01/2015,Charlton,Brighton,0,1,A,L Probert
10/01/2015,Huddersfield,Watford,3,1,H,C Kavanagh
10/01/2015,Ipswich,Derby,0,1,A,K Wright
10/01/2015,Nott'm Forest,Sheffield Weds,0,2,A,A D'Urso
10/01/2015,Reading,Middlesbrough,0,0,D,C Breakspear
30/12/2014,Derby,Leeds,2,0,H,K Stroud
30/12/2014,Ipswich,Charlton,3,0,H,C Kavanagh
30/12/2014,Wigan,Sheffield Weds,0,1,A,D Whitestone
29/12/2014,Fulham,Brighton,0,2,A,G Scott
28/12/2014,Blackburn,Middlesbrough,0,0,D,C Boyeson
28/12/2014,Blackpool,Rotherham,1,1,D,S Duncan
28/12/2014,Cardiff,Watford,2,4,A,S Attwell
28/12/2014,Huddersfield,Bolton,2,1,H,T Kettle
28/12/2014,Millwall,Bournemouth,0,2,A,D Coote
28/12/2014,Nott'm Forest,Birmingham,1,3,A,S Hooper
28/12/2014,Reading,Norwich,2,1,H,J Linington
28/12/2014,Wolves,Brentford,2,1,H,K Wright
26/12/2014,Birmingham,Derby,0,4,A,C Foy
26/12/2014,Bolton,Blackburn,2,1,H,C Pawson
26/12/2014,Bournemouth,Fulham,2,0,H,K Stroud
26/12/2014,Brentford,Ipswich,2,4,A,F Graham
26/12/2014,Brighton,Reading,2,2,D,G Salisbury
26/12/2014,Charlton,Cardiff,1,1,D,M Russell
26/12/2014,Leeds,Wigan,0,2,A,N Miller
26/12/2014,Middlesbrough,Nott'm Forest,3,0,H,S Duncan
26/12/2014,Norwich,Millwall,6,1,H,A D'Urso
26/12/2014,Rotherham,Huddersfield,2,2,D,M Haywood
26/12/2014,Sheffield Weds,Blackpool,1,0,H,J Adcock
26/12/2014,Watford,Wolves,0,1,A,G Scott
20/12/2014,Blackburn,Charlton,2,0,H,D Webb
20/12/2014,Blackpool,Bournemouth,1,6,A,A Madley
20/12/2014,Cardiff,Brentford,2,3,A,G Scott
20/12/2014,Derby,Norwich,2,2,D,P Tierney
20/12/2014,Fulham,Sheffield Weds,4,0,H,M Jones
20/12/2014,Huddersfield,Birmingham,0,1,A,J Simpson
20/12/2014,Ipswich,Middlesbrough,2,0,H,J Linington
20/12/2014,Nott'm Forest,Leeds,1,1,D,K Friend
20/12/2014,Reading,Watford,0,1,A,G Ward
20/12/2014,Wigan,Rotherham,1,2,A,K Stroud
20/12/2014,Wolves,Brighton,1,1,D,D Bond
19/12/2014,Millwall,Bolton,0,1,A,S Attwell
13/12/2014,Birmingham,Reading,6,1,H,N Miller
13/12/2014,Bolton,Ipswich,0,0,D,G Sutton
13/12/2014,Bournemouth,Cardiff,5,3,H,J Adcock
13/12/2014,Brentford,Blackburn,3,1,H,A Woolmer
13/12/2014,Charlton,Blackpool,2,2,D,A Davies
13/12/2014,Leeds,Fulham,0,1,A,S Duncan
13/12/2014,Middlesbrough,Derby,2,0,H,R East
13/12/2014,Norwich,Huddersfield,5,0,H,M Brown
13/12/2014,Rotherham,Nott'm Forest,0,0,D,R Clark
13/12/2014,Sheffield Weds,Wolves,0,1,A,S Attwell
13/12/2014,Watford,Wigan,2,1,H,M Haywood
12/12/2014,Brighton,Millwall,0,1,A,J Linington
6/12/2014,Blackburn,Sheffield Weds,1,2,A,S Martin
6/12/2014,Blackpool,Birmingham,1,0,H,D Coote
6/12/2014,Cardiff,Rotherham,0,0,D,A D'Urso
6/12/2014,Derby,Brighton,3,0,H,M Heywood
6/12/2014,Huddersfield,Brentford,2,1,H,E Ilderton
6/12/2014,Ipswich,Leeds,4,1,H,M Dean
6/12/2014,Millwall,Middlesbrough,1,5,A,M Russell
6/12/2014,Nott'm Forest,Charlton,1,1,D,K Wright
6/12/2014,Reading,Bolton,0,0,D,K Hill
6/12/2014,Wigan,Norwich,0,1,A,O Langford
6/12/2014,Wolves,Bournemouth,1,2,A,M Jones
5/12/2014,Fulham,Watford,0,5,A,P Tierney
29/11/2014,Birmingham,Nott'm Forest,2,1,H,G Eltringham
29/11/2014,Bolton,Huddersfield,1,0,H,C Berry
29/11/2014,Bournemouth,Millwall,2,2,D,A Davies
29/11/2014,Brentford,Wolves,4,0,H,M Brown
29/11/2014,Brighton,Fulham,1,2,A,S Hooper
29/11/2014,Charlton,Ipswich,0,1,A,D Bond
29/11/2014,Leeds,Derby,2,0,H,M Russell
29/11/2014,Middlesbrough,Blackburn,1,1,D,M Clattenburg
29/11/2014,Norwich,Reading,1,2,A,D Webb
29/11/2014,Rotherham,Blackpool,1,1,D,T Harrington
29/11/2014,Sheffield Weds,Wigan,2,1,H,C Kavanagh
29/11/2014,Watford,Cardiff,0,1,A,P Gibbs
22/11/2014,Blackburn,Leeds,2,1,H,K Wright
22/11/2014,Blackpool,Bolton,1,1,D,N Miller
22/11/2014,Bournemouth,Ipswich,2,2,D,M Bull
22/11/2014,Charlton,Millwall,0,0,D,G Scott
22/11/2014,Huddersfield,Sheffield Weds,0,0,D,G Salisbury
22/11/2014,Norwich,Brighton,3,3,D,G Eltringham
22/11/2014,Rotherham,Birmingham,0,1,A,D Bond
22/11/2014,Watford,Derby,1,2,A,K Stroud
22/11/2014,Wigan,Middlesbrough,1,1,D,D Webb
22/11/2014,Wolves,Nott'm Forest,0,3,A,P Tierney
21/11/2014,Brentford,Fulham,2,1,H,D Coote
21/11/2014,Cardiff,Reading,2,1,H,J Linington
8/11/2014,Birmingham,Cardiff,0,0,D,K Friend
8/11/2014,Brighton,Blackburn,1,1,D,M Haywood
8/11/2014,Derby,Wolves,5,0,H,G Salisbury
8/11/2014,Fulham,Huddersfield,3,1,H,A Woolmer
8/11/2014,Ipswich,Watford,1,0,H,E Ilderton
8/11/2014,Leeds,Blackpool,3,1,H,S Attwell
8/11/2014,Middlesbrough,Bournemouth,0,0,D,S Hooper
8/11/2014,Millwall,Brentford,2,3,A,J Adcock
8/11/2014,Nott'm Forest,Norwich,2,1,H,A Madley
8/11/2014,Reading,Charlton,0,1,A,N Swarbrick
8/11/2014,Sheffield Weds,Rotherham,0,0,D,N Miller
7/11/2014,Bolton,Wigan,3,1,H,S Duncan
5/11/2014,Fulham,Blackpool,2,2,D,R Madley
5/11/2014,Nott'm Forest,Brentford,1,3,A,M Haywood
4/11/2014,Birmingham,Watford,2,1,H,M Heywood
4/11/2014,Bolton,Cardiff,3,0,H,G Eltringham
4/11/2014,Brighton,Wigan,1,0,H,L Collins
4/11/2014,Derby,Huddersfield,3,2,H,K Hill
4/11/2014,Ipswich,Wolves,2,1,H,A Madley
4/11/2014,Leeds,Charlton,2,2,D,G Salisbury
4/11/2014,Middlesbrough,Norwich,4,0,H,N Miller
4/11/2014,Millwall,Blackburn,2,2,D,D Deadman
4/11/2014,Reading,Rotherham,3,0,H,P Miller
4/11/2014,Sheffield Weds,Bournemouth,0,2,A,M Dean
1/11/2014,Blackburn,Reading,3,1,H,C Boyeson
1/11/2014,Blackpool,Ipswich,0,2,A,A Haines
1/11/2014,Bournemouth,Brighton,3,2,H,K Stroud
1/11/2014,Brentford,Derby,2,1,H,C Berry
1/11/2014,Cardiff,Leeds,3,1,H,A Woolmer
1/11/2014,Charlton,Sheffield Weds,1,1,D,A D'Urso
1/11/2014,Huddersfield,Nott'm Forest,3,0,H,A Davies
1/11/2014,Rotherham,Middlesbrough,0,3,A,M Russell
1/11/2014,Watford,Millwall,3,1,H,R Madley
1/11/2014,Wigan,Fulham,3,3,D,J Adcock
1/11/2014,Wolves,Birmingham,0,0,D,A Taylor
31/10/2014,Norwich,Bolton,2,1,H,G Scott
25/10/2014,Birmingham,Bournemouth,0,8,A,K Hill
25/10/2014,Bolton,Brentford,3,1,H,M Heywood
25/10/2014,Brighton,Rotherham,1,1,D,M Bull
25/10/2014,Derby,Wigan,1,2,A,R Madley
25/10/2014,Ipswich,Huddersfield,2,2,D,R Clark
25/10/2014,Leeds,Wolves,1,2,A,D Webb
25/10/2014,Middlesbrough,Watford,1,1,D,J Adcock
25/10/2014,Millwall,Cardiff,1,0,H,S Duncan
25/10/2014,Nott'm Forest,Blackburn,1,3,A,O Langford
25/10/2014,Reading,Blackpool,3,0,H,G Ward
25/10/2014,Sheffield Weds,Norwich,0,0,D,S Attwell
24/10/2014,Fulham,Charlton,3,0,H,K Stroud
21/10/2014,Blackburn,Birmingham,1,0,H,R Madley
21/10/2014,Blackpool,Derby,0,1,A,K Wright
21/10/2014,Bournemouth,Reading,3,0,H,M Haywood
21/10/2014,Brentford,Sheffield Weds,0,0,D,O Langford
21/10/2014,Cardiff,Ipswich,3,1,H,D Coote
21/10/2014,Charlton,Bolton,2,1,H,S Hooper
21/10/2014,Huddersfield,Brighton,1,1,D,G Sutton
21/10/2014,Norwich,Leeds,1,1,D,M Clattenburg
21/10/2014,Rotherham,Fulham,3,3,D,M Brown
21/10/2014,Watford,Nott'm Forest,2,2,D,D Whitestone
21/10/2014,Wigan,Millwall,0,0,D,E Ilderton
21/10/2014,Wolves,Middlesbrough,2,0,H,C Berry
18/10/2014,Birmingham,Bolton,0,1,A,M Haywood
18/10/2014,Bournemouth,Charlton,1,0,H,J Linington
18/10/2014,Brighton,Middlesbrough,1,2,A,A D'Urso
18/10/2014,Cardiff,Nott'm Forest,2,1,H,M Jones
18/10/2014,Fulham,Norwich,1,0,H,G Salisbury
18/10/2014,Huddersfield,Blackpool,4,2,H,D Bond
18/10/2014,Ipswich,Blackburn,1,1,D,J Adcock
18/10/2014,Millwall,Wolves,3,3,D,D Drysdale
18/10/2014,Reading,Derby,0,3,A,D Deadman
18/10/2014,Sheffield Weds,Watford,0,3,A,J Simpson
18/10/2014,Wigan,Brentford,0,0,D,T Harrington
17/10/2014,Rotherham,Leeds,2,1,H,K Stroud
5/10/2014,Nott'm Forest,Ipswich,2,2,D,J Linington
4/10/2014,Blackburn,Huddersfield,0,0,D,N Miller
4/10/2014,Bolton,Bournemouth,1,2,A,A Marriner
4/10/2014,Brentford,Reading,3,1,H,R East
4/10/2014,Charlton,Birmingham,1,1,D,P Tierney
4/10/2014,Derby,Millwall,0,0,D,M Haywood
4/10/2014,Leeds,Sheffield Weds,1,1,D,J Adcock
4/10/2014,Middlesbrough,Fulham,2,0,H,D Drysdale
4/10/2014,Norwich,Rotherham,1,1,D,P Gibbs
4/10/2014,Watford,Brighton,1,1,D,S Hooper
4/10/2014,Wolves,Wigan,2,2,D,A Davies
3/10/2014,Blackpool,Cardiff,1,0,H,D Whitestone
1/10/2014,Fulham,Bolton,4,0,H,S Attwell
1/10/2014,Leeds,Reading,0,0,D,T Harrington
1/10/2014,Wolves,Huddersfield,1,3,A,P Gibbs
30/09/2014,Brighton,Cardiff,1,1,D,N Swarbrick
30/09/2014,Derby,Bournemouth,2,0,H,S Mathieson
30/09/2014,Middlesbrough,Blackpool,1,1,D,P Tierney
30/09/2014,Millwall,Birmingham,1,3,A,R East
30/09/2014,Norwich,Charlton,0,1,A,M Russell
30/09/2014,Rotherham,Blackburn,2,0,H,S Hooper
30/09/2014,Sheffield Weds,Ipswich,1,1,D,D Bond
30/09/2014,Watford,Brentford,2,1,H,G Salisbury
30/09/2014,Wigan,Nott'm Forest,0,0,D,K Wright
28/09/2014,Reading,Wolves,3,3,D,J Adcock
27/09/2014,Birmingham,Fulham,1,2,A,S Hooper
27/09/2014,Blackburn,Watford,2,2,D,D Drysdale
27/09/2014,Blackpool,Norwich,1,3,A,A Marriner
27/09/2014,Bolton,Derby,0,2,A,M Brown
27/09/2014,Bournemouth,Wigan,2,0,H,G Sutton
27/09/2014,Brentford,Leeds,2,0,H,D Whitestone
27/09/2014,Cardiff,Sheffield Weds,2,1,H,M Bull
27/09/2014,Charlton,Middlesbrough,0,0,D,G Ward
27/09/2014,Huddersfield,Millwall,2,1,H,C Boyeson
27/09/2014,Ipswich,Rotherham,2,0,H,L Collins
27/09/2014,Nott'm Forest,Brighton,0,0,D,R Madley
22/09/2014,Wigan,Ipswich,1,2,A,A Woolmer
20/09/2014,Brighton,Blackpool,0,0,D,K Stroud
20/09/2014,Derby,Cardiff,2,2,D,A Marriner
20/09/2014,Fulham,Blackburn,0,1,A,A D'Urso
20/09/2014,Leeds,Huddersfield,3,0,H,C Foy
20/09/2014,Middlesbrough,Brentford,4,0,H,J Simpson
20/09/2014,Millwall,Nott'm Forest,0,0,D,G Scott
20/09/2014,Norwich,Birmingham,2,2,D,D Sheldrake
20/09/2014,Rotherham,Charlton,1,1,D,D Deadman
20/09/2014,Sheffield Weds,Reading,1,0,H,M Heywood
20/09/2014,Watford,Bournemouth,1,1,D,O Langford
20/09/2014,Wolves,Bolton,1,0,H,A Madley
17/09/2014,Blackburn,Derby,2,3,A,D Webb
17/09/2014,Nott'm Forest,Fulham,5,3,H,D Deadman
16/09/2014,Birmingham,Sheffield Weds,0,2,A,J Adcock
16/09/2014,Blackpool,Watford,0,1,A,S Duncan
16/09/2014,Bolton,Rotherham,3,2,H,N Swarbrick
16/09/2014,Bournemouth,Leeds,1,3,A,B Malone
16/09/2014,Brentford,Norwich,0,3,A,T Robinson
16/09/2014,Cardiff,Middlesbrough,0,1,A,G Scott
16/09/2014,Charlton,Wolves,1,1,D,P Miller
16/09/2014,Huddersfield,Wigan,0,0,D,S Stockbridge
16/09/2014,Ipswich,Brighton,2,0,H,C Sarginson
16/09/2014,Reading,Millwall,3,2,H,K Hill
14/09/2014,Nott'm Forest,Derby,1,1,D,P Tierney
13/09/2014,Birmingham,Leeds,1,1,D,S Duncan
13/09/2014,Blackburn,Wigan,3,1,H,R East
13/09/2014,Blackpool,Wolves,0,0,D,M Russell
13/09/2014,Bolton,Sheffield Weds,0,0,D,A Haines
13/09/2014,Bournemouth,Rotherham,1,1,D,G Horwood
13/09/2014,Brentford,Brighton,3,2,H,S Martin
13/09/2014,Cardiff,Norwich,2,4,A,M Haywood
13/09/2014,Charlton,Watford,1,0,H,A Madley
13/09/2014,Huddersfield,Middlesbrough,1,2,A,K Wright
13/09/2014,Ipswich,Millwall,2,0,H,C Berry
13/09/2014,Reading,Fulham,3,0,H,M Jones
30/08/2014,Brighton,Charlton,2,2,D,K Hill
30/08/2014,Derby,Ipswich,1,1,D,E Ilderton
30/08/2014,Fulham,Cardiff,1,1,D,J Adcock
30/08/2014,Leeds,Bolton,1,0,H,S Hooper
30/08/2014,Middlesbrough,Reading,0,1,A,D Bond
30/08/2014,Millwall,Blackpool,2,1,H,A Woolmer
30/08/2014,Norwich,Bournemouth,1,1,D,S Martin
30/08/2014,Rotherham,Brentford,0,2,A,S Attwell
30/08/2014,Sheffield Weds,Nott'm Forest,0,1,A,G Salisbury
30/08/2014,Watford,Huddersfield,4,2,H,N Swarbrick
30/08/2014,Wigan,Birmingham,4,0,H,D Webb
30/08/2014,Wolves,Blackburn,3,1,H,K Stroud
23/08/2014,Blackburn,Bournemouth,3,2,H,G Eltringham
23/08/2014,Brentford,Birmingham,1,1,D,R Madley
23/08/2014,Brighton,Bolton,2,1,H,G Scott
23/08/2014,Derby,Fulham,5,1,H,O Langford
23/08/2014,Huddersfield,Charlton,1,1,D,T Robinson
23/08/2014,Ipswich,Norwich,0,1,A,K Stroud
23/08/2014,Middlesbrough,Sheffield Weds,2,3,A,P Dowd
23/08/2014,Millwall,Rotherham,0,1,A,P Tierney
23/08/2014,Nott'm Forest,Reading,4,0,H,A Woolmer
23/08/2014,Watford,Leeds,4,1,H,J Linington
23/08/2014,Wigan,Blackpool,1,0,H,C Boyeson
23/08/2014,Wolves,Cardiff,1,0,H,D Drysdale
20/08/2014,Fulham,Wolves,0,1,A,J Linington
19/08/2014,Birmingham,Ipswich,2,2,D,R East
19/08/2014,Blackpool,Brentford,1,2,A,M Haywood
19/08/2014,Bolton,Middlesbrough,1,2,A,S Martin
19/08/2014,Bournemouth,Nott'm Forest,1,2,A,K Friend
19/08/2014,Cardiff,Wigan,1,0,H,R Madley
19/08/2014,Charlton,Derby,3,2,H,M Bull
19/08/2014,Leeds,Brighton,0,2,A,J Adcock
19/08/2014,Norwich,Blackburn,3,1,H,G Scott
19/08/2014,Reading,Huddersfield,1,2,A,S Attwell
19/08/2014,Rotherham,Watford,0,2,A,D Webb
19/08/2014,Sheffield Weds,Millwall,1,1,D,N Miller
16/08/2014,Birmingham,Brighton,1,0,H,M Brown
16/08/2014,Blackpool,Blackburn,1,2,A,J Adcock
16/08/2014,Bolton,Nott'm Forest,2,2,D,E Ilderton
16/08/2014,Bournemouth,Brentford,1,0,H,G Ward
16/08/2014,Cardiff,Huddersfield,3,1,H,K Hill
16/08/2014,Charlton,Wigan,2,1,H,A D'Urso
16/08/2014,Fulham,Millwall,0,1,A,L Mason
16/08/2014,Leeds,Middlesbrough,1,0,H,S Attwell
16/08/2014,Norwich,Watford,3,0,H,P Tierney
16/08/2014,Reading,Ipswich,1,0,H,S Hooper
16/08/2014,Rotherham,Wolves,1,0,H,G Salisbury
16/08/2014,Sheffield Weds,Derby,0,0,D,S Duncan
10/08/2014,Wolves,Norwich,1,0,H,S Hooper
9/08/2014,Brentford,Charlton,1,1,D,J Adcock
9/08/2014,Brighton,Sheffield Weds,0,1,A,J Linington
9/08/2014,Derby,Rotherham,1,0,H,K Friend
9/08/2014,Huddersfield,Bournemouth,0,4,A,S Duncan
9/08/2014,Ipswich,Fulham,2,1,H,S Martin
9/08/2014,Middlesbrough,Birmingham,2,0,H,G Salisbury
9/08/2014,Millwall,Leeds,2,0,H,O Langford
9/08/2014,Nott'm Forest,Blackpool,2,0,H,T Harrington
9/08/2014,Watford,Bolton,3,0,H,C Boyeson
9/08/2014,Wigan,Reading,2,2,D,M Brown
8/08/2014,Blackburn,Cardiff,1,1,D,A Madley
3/05/2014,Barnsley,QPR,2,3,A,K Wright
3/05/2014,Blackburn,Wigan,4,3,H,R East
3/05/2014,Blackpool,Charlton,0,3,A,K Friend
3/05/2014,Bolton,Birmingham,2,2,D,I Williamson
3/05/2014,Ipswich,Sheffield Weds,2,1,H,C Boyeson
3/05/2014,Leeds,Derby,1,1,D,J Linington
3/05/2014,Leicester,Doncaster,1,0,H,P Tierney
3/05/2014,Millwall,Bournemouth,1,0,H,M Naylor
3/05/2014,Nott'm Forest,Brighton,1,2,A,K Stroud
3/05/2014,Reading,Burnley,2,2,D,M Russell
3/05/2014,Watford,Huddersfield,1,4,A,D Coote
3/05/2014,Yeovil,Middlesbrough,1,4,A,G Salisbury
29/04/2014,Birmingham,Wigan,0,1,A,A Woolmer
29/04/2014,Charlton,Watford,3,1,H,D Bond
26/04/2014,Birmingham,Leeds,1,3,A,G Eltrigham
26/04/2014,Bournemouth,Nott'm Forest,4,1,H,S Hooper
26/04/2014,Burnley,Ipswich,1,0,H,J Linington
26/04/2014,Charlton,Blackburn,1,3,A,M Naylor
26/04/2014,Derby,Watford,4,2,H,S Duncan
26/04/2014,Doncaster,Reading,1,3,A,A Taylor
26/04/2014,Huddersfield,Leicester,0,2,A,I Williamson
26/04/2014,Middlesbrough,Barnsley,3,1,H,D Drysdale
26/04/2014,QPR,Millwall,1,1,D,K Friend
26/04/2014,Sheffield Weds,Bolton,1,3,A,A Davies
26/04/2014,Wigan,Blackpool,0,2,A,A D'Urso
25/04/2014,Brighton,Yeovil,2,0,H,A Madley
22/04/2014,Bolton,Leicester,0,1,A,D Webb
22/04/2014,Reading,Middlesbrough,2,0,H,J Adcock
21/04/2014,Birmingham,Blackburn,2,4,A,M Haywood
21/04/2014,Brighton,Blackpool,1,1,D,M Russell
21/04/2014,Burnley,Wigan,2,0,H,K Stroud
21/04/2014,Derby,Barnsley,2,1,H,G Scott
21/04/2014,Ipswich,Bournemouth,2,2,D,A D'Urso
21/04/2014,Leeds,Nott'm Forest,0,2,A,I Williamson
21/04/2014,Millwall,Doncaster,0,0,D,F Graham
21/04/2014,QPR,Watford,2,1,H,J Linington
21/04/2014,Sheffield Weds,Charlton,2,3,A,T Harrington
21/04/2014,Yeovil,Huddersfield,1,2,A,S Attwell
19/04/2014,Barnsley,Leeds,0,1,A,D Webb
19/04/2014,Leicester,QPR,1,0,H,S Duncan
19/04/2014,Middlesbrough,Millwall,1,2,A,D Bond
19/04/2014,Nott'm Forest,Birmingham,1,0,H,M Jones
19/04/2014,Watford,Ipswich,3,1,H,G Sutton
18/04/2014,Blackburn,Yeovil,0,0,D,T Harrington
18/04/2014,Blackpool,Burnley,0,1,A,M Oliver
18/04/2014,Bournemouth,Sheffield Weds,2,4,A,T Robinson
18/04/2014,Charlton,Bolton,0,0,D,B Malone
18/04/2014,Doncaster,Derby,0,2,A,S Hooper
18/04/2014,Huddersfield,Brighton,1,1,D,A Davies
18/04/2014,Wigan,Reading,3,0,H,C Pawson
15/04/2014,Charlton,Barnsley,1,2,A,I Williamson
14/04/2014,Reading,Leicester,1,1,D,S Hooper
12/04/2014,Bolton,Barnsley,1,0,H,J Adcock
12/04/2014,Brighton,Charlton,3,0,H,R East
12/04/2014,Burnley,Middlesbrough,0,1,A,D Whitestone
12/04/2014,Derby,Huddersfield,3,1,H,D Deadman
12/04/2014,Ipswich,Doncaster,2,1,H,G Scott
12/04/2014,Leeds,Blackpool,2,0,H,D Coote
12/04/2014,Millwall,Watford,2,2,D,K Stroud
12/04/2014,QPR,Nott'm Forest,5,2,H,O Langford
12/04/2014,Sheffield Weds,Blackburn,3,3,D,F Graham
12/04/2014,Yeovil,Bournemouth,1,1,D,R Madley
8/04/2014,Barnsley,Burnley,0,1,A,N Swarbrick
8/04/2014,Blackburn,QPR,2,0,H,J Adcock
8/04/2014,Blackpool,Derby,1,3,A,D Webb
8/04/2014,Bournemouth,Reading,3,1,H,A Woolmer
8/04/2014,Charlton,Yeovil,3,2,H,G Scott
8/04/2014,Doncaster,Bolton,1,2,A,G Sutton
8/04/2014,Huddersfield,Ipswich,0,2,A,M Brown
8/04/2014,Leicester,Brighton,1,4,A,C Pawson
8/04/2014,Middlesbrough,Birmingham,3,1,H,C Boyeson
8/04/2014,Nott'm Forest,Sheffield Weds,3,3,D,S Duncan
8/04/2014,Watford,Leeds,3,0,H,G Ward
8/04/2014,Wigan,Millwall,0,1,A,K Hill
5/04/2014,Barnsley,Brighton,0,0,D,T Harrington
5/04/2014,Blackburn,Ipswich,2,0,H,K Stroud
5/04/2014,Blackpool,Yeovil,1,2,A,O Langford
5/04/2014,Bournemouth,QPR,2,1,H,J Moss
5/04/2014,Charlton,Reading,0,1,A,A Madley
5/04/2014,Doncaster,Birmingham,1,3,A,D Webb
5/04/2014,Huddersfield,Bolton,0,1,A,J Simpson
5/04/2014,Middlesbrough,Derby,1,0,H,A Haines
5/04/2014,Nott'm Forest,Millwall,1,2,A,M Brown
5/04/2014,Watford,Burnley,1,1,D,S Attwell
5/04/2014,Wigan,Leeds,1,0,H,N Swarbrick
4/04/2014,Leicester,Sheffield Weds,2,1,H,G Scott
1/04/2014,Blackburn,Brighton,3,3,D,K Hill
1/04/2014,Leeds,Charlton,0,1,A,S Duncan
1/04/2014,Wigan,Leicester,2,2,D,J Moss
29/03/2014,Birmingham,Bournemouth,2,4,A,M Russell
29/03/2014,Bolton,Wigan,1,1,D,D Drysdale
29/03/2014,Brighton,Middlesbrough,0,2,A,G Scott
29/03/2014,Burnley,Leicester,0,2,A,M Jones
29/03/2014,Derby,Charlton,3,0,H,M Haywood
29/03/2014,Ipswich,Nott'm Forest,1,1,D,A Madley
29/03/2014,Leeds,Doncaster,1,2,A,D Bond
29/03/2014,Millwall,Blackburn,2,2,D,J Linington
29/03/2014,QPR,Blackpool,1,1,D,C Boyeson
29/03/2014,Reading,Huddersfield,1,1,D,K Stroud
29/03/2014,Sheffield Weds,Watford,1,4,A,M Heywood
29/03/2014,Yeovil,Barnsley,1,4,A,R East
25/03/2014,Bolton,Blackpool,1,0,H,M Clattenburg
25/03/2014,Bournemouth,Leeds,4,1,H,J Adcock
25/03/2014,Burnley,Doncaster,2,0,H,T Harrington
25/03/2014,Huddersfield,Middlesbrough,2,2,D,J Linington
25/03/2014,Ipswich,Derby,2,1,H,F Graham
25/03/2014,Leicester,Yeovil,1,1,D,A Madley
25/03/2014,Millwall,Birmingham,2,3,A,S Mathieson
25/03/2014,Nott'm Forest,Charlton,0,1,A,A Haines
25/03/2014,QPR,Wigan,1,0,H,S Hooper
25/03/2014,Reading,Barnsley,1,3,A,S Martin
25/03/2014,Sheffield Weds,Brighton,1,0,H,A Taylor
25/03/2014,Watford,Blackburn,3,3,D,D Sheldrake
22/03/2014,Barnsley,Bournemouth,0,1,A,S Mathieson
22/03/2014,Birmingham,Reading,1,2,A,D Whitestone
22/03/2014,Blackburn,Leicester,1,1,D,E Ilderton
22/03/2014,Blackpool,Huddersfield,1,0,H,R Lewis
22/03/2014,Brighton,Ipswich,0,2,A,D Drysdale
22/03/2014,Charlton,Burnley,0,3,A,O Langford
22/03/2014,Derby,Nott'm Forest,5,0,H,M Naylor
22/03/2014,Doncaster,Sheffield Weds,1,0,H,M Dean
22/03/2014,Leeds,Millwall,2,1,H,S Attwell
22/03/2014,Middlesbrough,QPR,1,3,A,K Hill
22/03/2014,Wigan,Watford,2,1,H,S Duncan
22/03/2014,Yeovil,Bolton,2,2,D,D Deadman
18/03/2014,Charlton,Bournemouth,1,0,H,J Linington
18/03/2014,Sheffield Weds,QPR,3,0,H,P Tierney
18/03/2014,Wigan,Yeovil,3,3,D,A D'Urso
15/03/2014,Bolton,Brighton,0,2,A,S Duncan
15/03/2014,Bournemouth,Middlesbrough,0,0,D,F Graham
15/03/2014,Burnley,Leeds,2,1,H,S Hooper
15/03/2014,Huddersfield,Blackburn,2,4,A,M Russell
15/03/2014,Ipswich,Wigan,1,3,A,D Coote
15/03/2014,Leicester,Blackpool,3,1,H,N Miller
15/03/2014,Millwall,Charlton,0,0,D,P Dowd
15/03/2014,Nott'm Forest,Doncaster,0,0,D,E Ilderton
15/03/2014,QPR,Yeovil,3,0,H,M Brown
15/03/2014,Reading,Derby,0,0,D,M Jones
15/03/2014,Sheffield Weds,Birmingham,4,1,H,S Martin
15/03/2014,Watford,Barnsley,3,0,H,G Salisbury
12/03/2014,Birmingham,Burnley,3,3,D,J Linington
12/03/2014,Blackburn,Bournemouth,0,1,A,D Webb
12/03/2014,Charlton,Huddersfield,0,0,D,B Malone
12/03/2014,Wigan,Sheffield Weds,1,0,H,A Haines
11/03/2014,Barnsley,Leicester,0,3,A,M Heywood
11/03/2014,Blackpool,Millwall,1,0,H,A Madley
11/03/2014,Brighton,QPR,2,0,H,R Madley
11/03/2014,Derby,Bolton,0,0,D,G Scott
11/03/2014,Doncaster,Watford,2,1,H,C Sarginson
11/03/2014,Leeds,Reading,2,4,A,O Langford
11/03/2014,Middlesbrough,Nott'm Forest,1,1,D,R East
11/03/2014,Yeovil,Ipswich,0,1,A,S Hooper
9/03/2014,Blackburn,Burnley,1,2,A,M Dean
8/03/2014,Barnsley,Nott'm Forest,1,0,H,K Stroud
8/03/2014,Birmingham,QPR,0,2,A,G Scott
8/03/2014,Blackpool,Bournemouth,0,1,A,G Ward
8/03/2014,Brighton,Reading,1,1,D,F Graham
8/03/2014,Derby,Millwall,0,1,A,M Russell
8/03/2014,Doncaster,Huddersfield,2,0,H,M Haywood
8/03/2014,Leeds,Bolton,1,5,A,K Hill
8/03/2014,Middlesbrough,Ipswich,2,0,H,I Williamson
8/03/2014,Yeovil,Sheffield Weds,2,0,H,D Sheldrake
1/03/2014,Bolton,Blackburn,4,0,H,P Tierney
1/03/2014,Bournemouth,Doncaster,5,0,H,D Sheldrake
1/03/2014,Burnley,Derby,2,0,H,R Madley
1/03/2014,Huddersfield,Barnsley,5,0,H,D Coote
1/03/2014,Ipswich,Birmingham,1,0,H,K Stroud
1/03/2014,Leicester,Charlton,3,0,H,J Simpson
1/03/2014,Millwall,Brighton,0,1,A,G Eltrigham
1/03/2014,Nott'm Forest,Wigan,1,4,A,S Attwell
1/03/2014,QPR,Leeds,1,1,D,C Foy
1/03/2014,Reading,Yeovil,1,1,D,S Mathieson
1/03/2014,Sheffield Weds,Middlesbrough,1,0,H,A D'Urso
1/03/2014,Watford,Blackpool,4,0,H,J Linington
22/02/2014,Barnsley,Millwall,1,0,H,M Brown
22/02/2014,Blackpool,Birmingham,1,2,A,A Haines
22/02/2014,Bolton,Watford,2,0,H,F Graham
22/02/2014,Brighton,Wigan,1,2,A,A Davies
22/02/2014,Burnley,Nott'm Forest,3,1,H,A D'Urso
22/02/2014,Charlton,QPR,1,0,H,E Ilderton
22/02/2014,Derby,Bournemouth,1,0,H,M Heywood
22/02/2014,Huddersfield,Sheffield Weds,0,2,A,N Swarbrick
22/02/2014,Leicester,Ipswich,3,0,H,J Linington
22/02/2014,Middlesbrough,Leeds,0,0,D,A Taylor
22/02/2014,Reading,Blackburn,0,1,A,G Scott
22/02/2014,Yeovil,Doncaster,1,0,H,D Drysdale
19/02/2014,Nott'm Forest,Leicester,2,2,D,A Taylor
18/02/2014,Sheffield Weds,Derby,0,1,A,D Bond
18/02/2014,Wigan,Barnsley,2,0,H,N Miller
18/02/2014,Yeovil,Watford,0,0,D,J Adcock
16/02/2014,QPR,Reading,1,3,A,D Coote
15/02/2014,Birmingham,Huddersfield,1,2,A,D Deadman
15/02/2014,Bournemouth,Burnley,1,1,D,G Scott
15/02/2014,Doncaster,Barnsley,2,2,D,A D'Urso
15/02/2014,Ipswich,Blackpool,0,0,D,M Haywood
15/02/2014,Millwall,Bolton,1,1,D,S Hooper
15/02/2014,Watford,Middlesbrough,1,0,H,O Langford
11/02/2014,Bolton,Burnley,0,1,A,G Salisbury
11/02/2014,Brighton,Leeds,1,0,H,D Deadman
11/02/2014,Huddersfield,Nott'm Forest,0,3,A,N Miller
11/02/2014,Sheffield Weds,Wigan,0,3,A,D Webb
11/02/2014,Watford,Birmingham,1,0,H,M Haywood
11/02/2014,Yeovil,Millwall,1,1,D,A Woolmer
10/02/2014,Derby,QPR,1,0,H,M Naylor
8/02/2014,Barnsley,Ipswich,2,2,D,D Bond
8/02/2014,Blackpool,Nott'm Forest,1,1,D,C Boyeson
8/02/2014,Bolton,Bournemouth,2,2,D,A Madley
8/02/2014,Brighton,Doncaster,1,0,H,G Ward
8/02/2014,Burnley,Millwall,3,1,H,K Stroud
8/02/2014,Charlton,Birmingham,0,2,A,J Adcock
8/02/2014,Huddersfield,Wigan,1,0,H,M Brown
8/02/2014,Leicester,Watford,2,2,D,M Atkinson
8/02/2014,Middlesbrough,Blackburn,0,0,D,S Attwell
8/02/2014,Reading,Sheffield Weds,0,2,A,K Hill
8/02/2014,Yeovil,Leeds,1,2,A,P Tierney
2/02/2014,Nott'm Forest,Yeovil,3,1,H,G Scott
2/02/2014,Watford,Brighton,2,0,H,D Webb
1/02/2014,Birmingham,Derby,3,3,D,C Pawson
1/02/2014,Blackburn,Blackpool,2,0,H,M Naylor
1/02/2014,Bournemouth,Leicester,0,1,A,D Drysdale
1/02/2014,Doncaster,Middlesbrough,0,0,D,A Davies
1/02/2014,Ipswich,Bolton,1,0,H,C Breakspear
1/02/2014,Leeds,Huddersfield,5,1,H,G Salisbury
1/02/2014,Millwall,Reading,0,3,A,D Sheldrake
1/02/2014,QPR,Burnley,3,3,D,R East
1/02/2014,Sheffield Weds,Barnsley,1,0,H,A Marriner
1/02/2014,Wigan,Charlton,2,1,H,M Bull
30/01/2014,Nott'm Forest,Watford,4,2,H,S Hooper
28/01/2014,Barnsley,Blackburn,2,2,D,S Stockbridge
28/01/2014,Birmingham,Leicester,1,2,A,C Boyeson
28/01/2014,Bournemouth,Huddersfield,2,1,H,G Horwood
28/01/2014,Burnley,Brighton,0,0,D,O Langford
28/01/2014,Derby,Yeovil,3,2,H,J Simpson
28/01/2014,Doncaster,Charlton,3,0,H,P Tierney
28/01/2014,Leeds,Ipswich,1,1,D,D Webb
28/01/2014,Middlesbrough,Wigan,0,0,D,M Naylor
28/01/2014,Millwall,Sheffield Weds,1,1,D,L Probert
28/01/2014,QPR,Bolton,2,1,H,A D'Urso
28/01/2014,Reading,Blackpool,5,1,H,K Friend
25/01/2014,Blackburn,Derby,1,1,D,T Harrington
25/01/2014,Blackpool,Doncaster,1,1,D,D Coote
25/01/2014,Ipswich,Reading,2,0,H,A Madley
25/01/2014,Leicester,Middlesbrough,2,0,H,S Martin
18/01/2014,Barnsley,Blackpool,2,0,H,R Lewis
18/01/2014,Birmingham,Yeovil,0,2,A,F Graham
18/01/2014,Bournemouth,Watford,1,1,D,C Boyeson
18/01/2014,Burnley,Sheffield Weds,1,1,D,S Attwell
18/01/2014,Derby,Brighton,1,0,H,A Haines
18/01/2014,Doncaster,Wigan,3,0,H,K Hill
18/01/2014,Leeds,Leicester,0,1,A,M Dean
18/01/2014,Middlesbrough,Charlton,1,0,H,K Stroud
18/01/2014,Millwall,Ipswich,1,0,H,E Ilderton
18/01/2014,Nott'm Forest,Blackburn,4,1,H,D Deadman
18/01/2014,QPR,Huddersfield,2,1,H,S Hooper
18/01/2014,Reading,Bolton,7,1,H,A Davies
11/01/2014,Blackburn,Doncaster,1,0,H,J Simpson
11/01/2014,Blackpool,Middlesbrough,0,2,A,M Russell
11/01/2014,Bolton,Nott'm Forest,1,1,D,M Naylor
11/01/2014,Brighton,Birmingham,1,0,H,R East
11/01/2014,Huddersfield,Millwall,1,0,H,P Tierney
11/01/2014,Ipswich,QPR,1,3,A,P Dowd
11/01/2014,Sheffield Weds,Leeds,6,0,H,L Probert
11/01/2014,Watford,Reading,0,1,A,K Stroud
11/01/2014,Wigan,Bournemouth,3,0,H,G Eltrigham
11/01/2014,Yeovil,Burnley,1,2,A,S Martin
10/01/2014,Leicester,Derby,4,1,H,D Coote
1/01/2014,Birmingham,Barnsley,1,1,D,C Foy
1/01/2014,Bolton,Middlesbrough,2,2,D,C Sarginson
1/01/2014,Brighton,Bournemouth,1,1,D,S Hooper
1/01/2014,Burnley,Huddersfield,3,2,H,D Coote
1/01/2014,Derby,Wigan,0,1,A,D Webb
1/01/2014,Ipswich,Charlton,1,1,D,S Attwell
1/01/2014,Leeds,Blackburn,1,2,A,A Taylor
1/01/2014,Millwall,Leicester,1,3,A,T Robinson
1/01/2014,QPR,Doncaster,2,1,H,G Scott
1/01/2014,Reading,Nott'm Forest,1,1,D,M Oliver
1/01/2014,Sheffield Weds,Blackpool,2,0,H,D Whitestone
29/12/2013,Barnsley,Derby,1,2,A,M Heywood
29/12/2013,Blackburn,Birmingham,2,3,A,S Duncan
29/12/2013,Blackpool,Brighton,0,1,A,A Taylor
29/12/2013,Bournemouth,Ipswich,1,1,D,P Gibbs
29/12/2013,Charlton,Sheffield Weds,1,1,D,F Graham
29/12/2013,Doncaster,Millwall,0,0,D,K Wright
29/12/2013,Huddersfield,Yeovil,5,1,H,K Hill
29/12/2013,Leicester,Bolton,5,3,H,M Russell
29/12/2013,Middlesbrough,Reading,3,0,H,P Tierney
29/12/2013,Nott'm Forest,Leeds,2,1,H,J Linington
29/12/2013,Watford,QPR,0,0,D,N Swarbrick
29/12/2013,Wigan,Burnley,0,0,D,M Jones
26/12/2013,Barnsley,Bolton,0,1,A,A Haines
26/12/2013,Blackburn,Sheffield Weds,0,0,D,D Coote
26/12/2013,Blackpool,Leeds,1,1,D,S Mathieson
26/12/2013,Bournemouth,Yeovil,3,0,H,C Pawson
26/12/2013,Charlton,Brighton,3,2,H,M Russell
26/12/2013,Doncaster,Ipswich,0,3,A,T Harrington
26/12/2013,Huddersfield,Derby,1,1,D,C Boyeson
26/12/2013,Leicester,Reading,1,0,H,M Naylor
26/12/2013,Middlesbrough,Burnley,1,0,H,M Clattenburg
26/12/2013,Nott'm Forest,QPR,2,0,H,K Stroud
26/12/2013,Watford,Millwall,4,0,H,S Martin
26/12/2013,Wigan,Birmingham,0,0,D,A D'Urso
21/12/2013,Birmingham,Nott'm Forest,0,0,D,R Madley
21/12/2013,Bolton,Charlton,1,1,D,P Gibbs
21/12/2013,Brighton,Huddersfield,0,0,D,J Adcock
21/12/2013,Burnley,Blackpool,2,1,H,R East
21/12/2013,Derby,Doncaster,3,1,H,N Miller
21/12/2013,Ipswich,Watford,1,1,D,G Scott
21/12/2013,Leeds,Barnsley,0,0,D,K Stroud
21/12/2013,Millwall,Middlesbrough,0,2,A,J Linington
21/12/2013,QPR,Leicester,0,1,A,P Tierney
21/12/2013,Reading,Wigan,1,2,A,G Sutton
21/12/2013,Sheffield Weds,Bournemouth,1,2,A,J Simpson
21/12/2013,Yeovil,Blackburn,0,1,A,I Williamson
15/12/2013,Wigan,Bolton,3,2,H,K Friend
14/12/2013,Barnsley,Yeovil,1,1,D,L Probert
14/12/2013,Blackburn,Millwall,3,2,H,D Webb
14/12/2013,Blackpool,QPR,0,2,A,S Attwell
14/12/2013,Bournemouth,Birmingham,0,2,A,M Naylor
14/12/2013,Charlton,Derby,0,2,A,A Davies
14/12/2013,Doncaster,Leeds,0,3,A,P Dowd
14/12/2013,Huddersfield,Reading,0,1,A,O Langford
14/12/2013,Leicester,Burnley,1,1,D,A D'Urso
14/12/2013,Middlesbrough,Brighton,0,1,A,M Haywood
14/12/2013,Nott'm Forest,Ipswich,0,0,D,S Mathieson
14/12/2013,Watford,Sheffield Weds,0,1,A,P Gibbs
7/12/2013,Birmingham,Middlesbrough,2,2,D,D Bond
7/12/2013,Bolton,Doncaster,3,0,H,R Clark
7/12/2013,Brighton,Leicester,3,1,H,R Madley
7/12/2013,Burnley,Barnsley,1,0,H,J Adcock
7/12/2013,Derby,Blackpool,5,1,H,A Haines
7/12/2013,Ipswich,Huddersfield,2,1,H,G Sutton
7/12/2013,Leeds,Watford,3,3,D,T Kettle
7/12/2013,Millwall,Wigan,2,1,H,S Duncan
7/12/2013,QPR,Blackburn,0,0,D,D Drysdale
7/12/2013,Reading,Bournemouth,1,2,A,D Coote
7/12/2013,Sheffield Weds,Nott'm Forest,0,1,A,L Probert
7/12/2013,Yeovil,Charlton,2,2,D,C Pawson
4/12/2013,Derby,Middlesbrough,2,1,H,A Madley
4/12/2013,Leeds,Wigan,2,0,H,G Scott
3/12/2013,Birmingham,Doncaster,1,1,D,B Malone
3/12/2013,Bolton,Huddersfield,0,1,A,G Eltrigham
3/12/2013,Brighton,Barnsley,1,2,A,J Linington
3/12/2013,Burnley,Watford,0,0,D,M Naylor
3/12/2013,Ipswich,Blackburn,3,1,H,F Graham
3/12/2013,Millwall,Nott'm Forest,2,2,D,D Whitestone
3/12/2013,QPR,Bournemouth,3,0,H,A Woolmer
3/12/2013,Reading,Charlton,1,0,H,D Sheldrake
3/12/2013,Sheffield Weds,Leicester,2,1,H,M Brown
3/12/2013,Yeovil,Blackpool,1,0,H,C Sarginson
1/12/2013,Wigan,Derby,1,3,A,D Coote
30/11/2013,Barnsley,Birmingham,0,3,A,K Wright
30/11/2013,Blackburn,Leeds,1,0,H,C Pawson
30/11/2013,Blackpool,Sheffield Weds,2,0,H,S Hooper
30/11/2013,Bournemouth,Brighton,1,1,D,J Moss
30/11/2013,Charlton,Ipswich,0,1,A,S Duncan
30/11/2013,Doncaster,QPR,2,1,H,O Langford
30/11/2013,Huddersfield,Burnley,2,1,H,E Ilderton
30/11/2013,Leicester,Millwall,3,0,H,A Haines
30/11/2013,Middlesbrough,Bolton,1,0,H,M Brown
30/11/2013,Watford,Yeovil,0,3,A,S Mathieson
29/11/2013,Nott'm Forest,Reading,2,3,A,S Attwell
26/11/2013,Charlton,Doncaster,2,0,H,L Collins
23/11/2013,Birmingham,Blackpool,1,1,D,C Pawson
23/11/2013,Blackburn,Reading,0,0,D,G Eltrigham
23/11/2013,Bournemouth,Derby,0,1,A,S Martin
23/11/2013,Ipswich,Leicester,1,2,A,O Langford
23/11/2013,Leeds,Middlesbrough,2,1,H,P Gibbs
23/11/2013,Millwall,Barnsley,1,0,H,K Hill
23/11/2013,Nott'm Forest,Burnley,1,1,D,C Boyeson
23/11/2013,QPR,Charlton,1,0,H,D Whitestone
23/11/2013,Sheffield Weds,Huddersfield,1,2,A,R East
23/11/2013,Watford,Bolton,0,1,A,B Malone
23/11/2013,Wigan,Brighton,0,1,A,I Williamson
22/11/2013,Doncaster,Yeovil,2,1,H,S Attwell
10/11/2013,Yeovil,Wigan,0,1,A,J Linington
9/11/2013,Barnsley,Doncaster,0,0,D,K Friend
9/11/2013,Blackpool,Ipswich,2,3,A,I Williamson
9/11/2013,Bolton,Millwall,3,1,H,G Scott
9/11/2013,Brighton,Blackburn,3,0,H,A D'Urso
9/11/2013,Burnley,Bournemouth,1,1,D,M Russell
9/11/2013,Charlton,Leeds,2,4,A,K Stroud
9/11/2013,Derby,Sheffield Weds,3,0,H,D Webb
9/11/2013,Huddersfield,Birmingham,1,3,A,G Ward
9/11/2013,Leicester,Nott'm Forest,0,2,A,L Mason
9/11/2013,Middlesbrough,Watford,2,2,D,P Tierney
9/11/2013,Reading,QPR,1,1,D,A Taylor
2/11/2013,Birmingham,Charlton,0,1,A,S Mathieson
2/11/2013,Blackburn,Middlesbrough,1,0,H,C Boyeson
2/11/2013,Bournemouth,Bolton,0,2,A,D Deadman
2/11/2013,Doncaster,Brighton,1,3,A,F Graham
2/11/2013,Leeds,Yeovil,2,0,H,R Clark
2/11/2013,Millwall,Burnley,2,2,D,P Gibbs
2/11/2013,Nott'm Forest,Blackpool,0,1,A,M Naylor
2/11/2013,QPR,Derby,2,1,H,J Moss
2/11/2013,Sheffield Weds,Reading,5,2,H,E Ilderton
2/11/2013,Watford,Leicester,0,3,A,R East
2/11/2013,Wigan,Huddersfield,2,1,H,T Harrington
1/11/2013,Ipswich,Barnsley,1,1,D,A D'Urso
30/10/2013,Wigan,QPR,0,0,D,M Naylor
28/10/2013,Brighton,Watford,1,1,D,K Hill
27/10/2013,Charlton,Wigan,0,0,D,S Martin
26/10/2013,Barnsley,Sheffield Weds,1,1,D,R Madley
26/10/2013,Blackpool,Blackburn,2,2,D,P Tierney
26/10/2013,Bolton,Ipswich,1,1,D,D Webb
26/10/2013,Burnley,QPR,2,0,H,S Hooper
26/10/2013,Derby,Birmingham,1,1,D,R East
26/10/2013,Huddersfield,Leeds,3,2,H,N Swarbrick
26/10/2013,Leicester,Bournemouth,2,1,H,A Davies
26/10/2013,Reading,Millwall,1,1,D,D Phillips
26/10/2013,Yeovil,Nott'm Forest,3,1,H,M Russell
25/10/2013,Middlesbrough,Doncaster,4,0,H,M Naylor
20/10/2013,Leeds,Birmingham,4,0,H,P Tierney
19/10/2013,Barnsley,Middlesbrough,3,2,H,O Langford
19/10/2013,Blackburn,Charlton,0,1,A,K Wright
19/10/2013,Blackpool,Wigan,1,0,H,M Haywood
19/10/2013,Bolton,Sheffield Weds,1,1,D,C Foy
19/10/2013,Ipswich,Burnley,0,1,A,G Scott
19/10/2013,Leicester,Huddersfield,2,1,H,J Adcock
19/10/2013,Millwall,QPR,2,2,D,M Dean
19/10/2013,Nott'm Forest,Bournemouth,1,1,D,P Gibbs
19/10/2013,Reading,Doncaster,4,1,H,A D'Urso
19/10/2013,Watford,Derby,2,3,A,J Linington
19/10/2013,Yeovil,Brighton,0,0,D,G Sutton
6/10/2013,Wigan,Blackburn,2,1,H,S Attwell
5/10/2013,Birmingham,Bolton,1,2,A,D Coote
5/10/2013,Bournemouth,Millwall,5,2,H,L Collins
5/10/2013,Brighton,Nott'm Forest,1,3,A,C Pawson
5/10/2013,Burnley,Reading,2,1,H,M Jones
5/10/2013,Charlton,Blackpool,0,0,D,K Hill
5/10/2013,Derby,Leeds,3,1,H,G Eltrigham
5/10/2013,Doncaster,Leicester,1,0,H,M Heywood
5/10/2013,Huddersfield,Watford,1,2,A,D Webb
5/10/2013,Middlesbrough,Yeovil,4,1,H,D Whitestone
5/10/2013,QPR,Barnsley,2,0,H,D Phillips
5/10/2013,Sheffield Weds,Ipswich,1,1,D,A Haines
1/10/2013,Barnsley,Reading,1,1,D,C Sarginson
1/10/2013,Birmingham,Millwall,4,0,H,A Woolmer
1/10/2013,Blackburn,Watford,1,0,H,S Duncan
1/10/2013,Blackpool,Bolton,0,0,D,N Swarbrick
1/10/2013,Brighton,Sheffield Weds,1,1,D,K Stroud
1/10/2013,Charlton,Nott'm Forest,1,1,D,F Graham
1/10/2013,Derby,Ipswich,4,4,D,T Kettle
1/10/2013,Doncaster,Burnley,0,2,A,R East
1/10/2013,Leeds,Bournemouth,2,1,H,D Coote
1/10/2013,Middlesbrough,Huddersfield,1,1,D,J Simpson
1/10/2013,Yeovil,Leicester,1,2,A,B Malone
28/09/2013,Bolton,Yeovil,1,1,D,T Harrington
28/09/2013,Bournemouth,Blackburn,1,3,A,R Lewis
28/09/2013,Burnley,Charlton,3,0,H,D Coote
28/09/2013,Ipswich,Brighton,2,0,H,S Martin
28/09/2013,Leicester,Barnsley,2,1,H,P Gibbs
28/09/2013,Millwall,Leeds,2,0,H,C Foy
28/09/2013,Nott'm Forest,Derby,1,0,H,S Hooper
28/09/2013,QPR,Middlesbrough,2,0,H,D Deadman
28/09/2013,Reading,Birmingham,2,0,H,J Adcock
28/09/2013,Sheffield Weds,Doncaster,0,1,A,J Moss
28/09/2013,Watford,Wigan,1,0,H,A Madley
27/09/2013,Huddersfield,Blackpool,1,1,D,S Mathieson
22/09/2013,Wigan,Ipswich,2,0,H,J Adcock
21/09/2013,Barnsley,Watford,1,5,A,R Clark
21/09/2013,Birmingham,Sheffield Weds,4,1,H,K Hill
21/09/2013,Blackburn,Huddersfield,0,0,D,S Martin
21/09/2013,Blackpool,Leicester,2,2,D,S Duncan
21/09/2013,Brighton,Bolton,3,1,H,M Jones
21/09/2013,Charlton,Millwall,0,1,A,A D'Urso
21/09/2013,Derby,Reading,1,3,A,T Robinson
21/09/2013,Doncaster,Nott'm Forest,2,2,D,A Haines
21/09/2013,Leeds,Burnley,1,2,A,L Probert
21/09/2013,Middlesbrough,Bournemouth,3,3,D,G Salisbury
21/09/2013,Yeovil,QPR,0,1,A,G Ward
18/09/2013,QPR,Brighton,0,0,D,A Madley
18/09/2013,Reading,Leeds,1,0,H,N Swarbrick
17/09/2013,Bolton,Derby,2,2,D,S Mathieson
17/09/2013,Bournemouth,Barnsley,1,0,H,B Malone
17/09/2013,Burnley,Birmingham,3,0,H,M Brown
17/09/2013,Huddersfield,Charlton,2,1,H,S Attwell
17/09/2013,Ipswich,Yeovil,2,1,H,D Deadman
17/09/2013,Leicester,Blackburn,2,1,H,S Hooper
17/09/2013,Millwall,Blackpool,3,1,H,S Bratt
17/09/2013,Nott'm Forest,Middlesbrough,2,2,D,P Dowd
17/09/2013,Watford,Doncaster,2,1,H,D Drysdale
15/09/2013,Reading,Brighton,0,0,D,G Scott
14/09/2013,Bolton,Leeds,0,1,A,A D'Urso
14/09/2013,Bournemouth,Blackpool,1,2,A,O Langford
14/09/2013,Burnley,Blackburn,1,1,D,C Pawson
14/09/2013,Huddersfield,Doncaster,0,0,D,P Tierney
14/09/2013,Ipswich,Middlesbrough,3,1,H,J Linington
14/09/2013,Leicester,Wigan,2,0,H,D Webb
14/09/2013,Millwall,Derby,1,5,A,K Stroud
14/09/2013,Nott'm Forest,Barnsley,3,2,H,I Williamson
14/09/2013,QPR,Birmingham,1,0,H,M Jones
14/09/2013,Sheffield Weds,Yeovil,1,1,D,G Eltrigham
14/09/2013,Watford,Charlton,1,1,D,K Woolmer
31/08/2013,Barnsley,Huddersfield,2,1,H,L Mason
31/08/2013,Birmingham,Ipswich,1,1,D,D Drysdale
31/08/2013,Blackburn,Bolton,4,1,H,K Stroud
31/08/2013,Blackpool,Watford,1,0,H,G Eltrigham
31/08/2013,Brighton,Millwall,1,1,D,R Madley
31/08/2013,Charlton,Leicester,2,1,H,D Deadman
31/08/2013,Derby,Burnley,0,3,A,A Madley
31/08/2013,Doncaster,Bournemouth,0,1,A,S Hooper
31/08/2013,Leeds,QPR,0,1,A,S Attwell
31/08/2013,Middlesbrough,Sheffield Weds,1,1,D,C Sarginson
31/08/2013,Wigan,Nott'm Forest,2,1,H,C Pawson
31/08/2013,Yeovil,Reading,0,1,A,J Linington
25/08/2013,Watford,Nott'm Forest,1,1,D,O Langford
25/08/2013,Wigan,Middlesbrough,2,2,D,D Coote
24/08/2013,Blackburn,Barnsley,5,2,H,M Haywood
24/08/2013,Blackpool,Reading,1,0,H,D Webb
24/08/2013,Bolton,QPR,0,1,A,J Adcock
24/08/2013,Brighton,Burnley,2,0,H,D Sheldrake
24/08/2013,Huddersfield,Bournemouth,5,1,H,D Bond
24/08/2013,Ipswich,Leeds,1,2,A,M Dean
24/08/2013,Leicester,Birmingham,3,2,H,E Ilderton
24/08/2013,Sheffield Weds,Millwall,2,2,D,S Attwell
24/08/2013,Yeovil,Derby,0,3,A,K Hill
20/08/2013,Wigan,Doncaster,2,2,D,C Boyeson
17/08/2013,Barnsley,Charlton,2,2,D,J Simpson
17/08/2013,Birmingham,Brighton,0,1,A,S Hooper
17/08/2013,Bournemouth,Wigan,1,0,H,G Scott
17/08/2013,Burnley,Yeovil,2,0,H,S Duncan
17/08/2013,Derby,Leicester,0,1,A,R Madley
17/08/2013,Leeds,Sheffield Weds,1,1,D,R East
17/08/2013,Middlesbrough,Blackpool,1,1,D,T Kettle
17/08/2013,Millwall,Huddersfield,0,1,A,O Langford
17/08/2013,Nott'm Forest,Bolton,3,0,H,M Haywood
17/08/2013,QPR,Ipswich,1,0,H,M Naylor
17/08/2013,Reading,Watford,3,3,D,M Jones
16/08/2013,Doncaster,Blackburn,2,0,H,G Eltrigham
11/08/2013,Leicester,Leeds,0,0,D,K Stroud
10/08/2013,Blackburn,Nott'm Forest,0,1,A,A Madley
10/08/2013,Blackpool,Barnsley,1,0,H,S Martin
10/08/2013,Bolton,Reading,1,1,D,C Boyeson
10/08/2013,Brighton,Derby,1,2,A,A D'Urso
10/08/2013,Charlton,Middlesbrough,0,1,A,P Tierney
10/08/2013,Huddersfield,QPR,1,1,D,A Haines
10/08/2013,Ipswich,Millwall,3,0,H,G Salisbury
10/08/2013,Sheffield Weds,Burnley,1,2,A,D Webb
10/08/2013,Watford,Bournemouth,6,1,H,J Adcock
10/08/2013,Yeovil,Birmingham,0,1,A,T Robinson
4/08/2013,Derby,Blackburn,1,1,D,S Attwell
3/08/2013,Barnsley,Wigan,0,4,A,G Eltrigham
3/08/2013,Birmingham,Watford,0,1,A,P Tierney
3/08/2013,Bournemouth,Charlton,2,1,H,A D'Urso
3/08/2013,Burnley,Bolton,1,1,D,M Clattenburg
3/08/2013,Doncaster,Blackpool,1,3,A,K Woolmer
3/08/2013,Leeds,Brighton,2,1,H,J Adcock
3/08/2013,Middlesbrough,Leicester,1,2,A,A Madley
3/08/2013,Millwall,Yeovil,0,1,A,D Whitestone
3/08/2013,Nott'm Forest,Huddersfield,1,0,H,G Salisbury
3/08/2013,QPR,Sheffield Weds,2,1,H,S Mathieson
3/08/2013,Reading,Ipswich,2,1,H,D Coote
4/05/2013,Birmingham,Blackburn,1,1,D,
4/05/2013,Bolton,Blackpool,2,2,D,
4/05/2013,Brighton,Wolves,2,0,H,
4/05/2013,Burnley,Ipswich,2,0,H,
4/05/2013,Charlton,Bristol City,4,1,H,
4/05/2013,Crystal Palace,Peterboro,3,2,H,
4/05/2013,Derby,Millwall,1,0,H,
4/05/2013,Huddersfield,Barnsley,2,2,D,
4/05/2013,Hull,Cardiff,2,2,D,
4/05/2013,Nott'm Forest,Leicester,2,3,A,
4/05/2013,Sheffield Weds,Middlesbrough,2,0,H,
4/05/2013,Watford,Leeds,1,2,A,
30/04/2013,Millwall,Crystal Palace,0,0,D,
27/04/2013,Barnsley,Hull,2,0,H,
27/04/2013,Blackburn,Crystal Palace,1,1,D,
27/04/2013,Blackpool,Derby,2,1,H,
27/04/2013,Bristol City,Huddersfield,1,3,A,
27/04/2013,Cardiff,Bolton,1,1,D,
27/04/2013,Ipswich,Birmingham,3,1,H,
27/04/2013,Leeds,Brighton,1,2,A,
27/04/2013,Middlesbrough,Charlton,2,2,D,
27/04/2013,Millwall,Nott'm Forest,0,1,A,
27/04/2013,Peterboro,Sheffield Weds,1,0,H,
27/04/2013,Wolves,Burnley,1,2,A,
26/04/2013,Leicester,Watford,1,2,A,
23/04/2013,Millwall,Blackburn,1,2,A,
20/04/2013,Birmingham,Leeds,1,0,H,
20/04/2013,Bolton,Middlesbrough,2,1,H,
20/04/2013,Brighton,Blackpool,6,1,H,
20/04/2013,Burnley,Cardiff,1,1,D,
20/04/2013,Charlton,Wolves,2,1,H,
20/04/2013,Crystal Palace,Leicester,2,2,D,
20/04/2013,Derby,Peterboro,3,1,H,
20/04/2013,Huddersfield,Millwall,3,0,H,
20/04/2013,Nott'm Forest,Barnsley,0,0,D,
20/04/2013,Sheffield Weds,Ipswich,1,1,D,
20/04/2013,Watford,Blackburn,4,0,H,
19/04/2013,Hull,Bristol City,0,0,D,
16/04/2013,Barnsley,Derby,1,1,D,
16/04/2013,Blackburn,Huddersfield,1,0,H,
16/04/2013,Blackpool,Sheffield Weds,0,0,D,
16/04/2013,Bristol City,Birmingham,0,1,A,
16/04/2013,Cardiff,Charlton,0,0,D,
16/04/2013,Ipswich,Crystal Palace,3,0,H,
16/04/2013,Leeds,Burnley,1,0,H,
16/04/2013,Leicester,Bolton,3,2,H,
16/04/2013,Middlesbrough,Nott'm Forest,1,0,H,
16/04/2013,Millwall,Watford,1,0,H,
16/04/2013,Peterboro,Brighton,0,0,D,
16/04/2013,Wolves,Hull,1,0,H,
13/04/2013,Barnsley,Charlton,0,6,A,
13/04/2013,Blackburn,Derby,2,0,H,
13/04/2013,Blackpool,Burnley,1,0,H,
13/04/2013,Bristol City,Bolton,1,2,A,
13/04/2013,Cardiff,Nott'm Forest,3,0,H,
13/04/2013,Ipswich,Hull,1,2,A,
13/04/2013,Leeds,Sheffield Weds,2,1,H,
13/04/2013,Middlesbrough,Brighton,0,2,A,
13/04/2013,Peterboro,Watford,3,2,H,
13/04/2013,Wolves,Huddersfield,1,3,A,
12/04/2013,Leicester,Birmingham,2,2,D,
9/04/2013,Cardiff,Barnsley,1,1,D,
9/04/2013,Millwall,Sheffield Weds,1,2,A,
6/04/2013,Birmingham,Millwall,1,1,D,
6/04/2013,Bolton,Wolves,2,0,H,
6/04/2013,Brighton,Leicester,1,1,D,
6/04/2013,Burnley,Bristol City,3,1,H,
6/04/2013,Charlton,Leeds,2,1,H,
6/04/2013,Crystal Palace,Barnsley,0,0,D,
6/04/2013,Derby,Ipswich,0,1,A,
6/04/2013,Huddersfield,Peterboro,2,2,D,
6/04/2013,Hull,Middlesbrough,1,0,H,
6/04/2013,Nott'm Forest,Blackpool,1,1,D,
6/04/2013,Sheffield Weds,Blackburn,3,2,H,
6/04/2013,Watford,Cardiff,0,0,D,
2/04/2013,Bolton,Huddersfield,1,0,H,
2/04/2013,Brighton,Charlton,0,0,D,
2/04/2013,Hull,Watford,0,1,A,
2/04/2013,Middlesbrough,Peterboro,0,0,D,
1/04/2013,Barnsley,Leicester,2,0,H,
1/04/2013,Birmingham,Wolves,2,3,A,
1/04/2013,Blackpool,Crystal Palace,1,0,H,
1/04/2013,Bristol City,Sheffield Weds,1,1,D,
1/04/2013,Burnley,Nott'm Forest,1,1,D,
1/04/2013,Cardiff,Blackburn,3,0,H,
1/04/2013,Leeds,Derby,1,2,A,
1/04/2013,Millwall,Ipswich,0,0,D,
30/03/2013,Charlton,Bolton,3,2,H,
30/03/2013,Huddersfield,Hull,0,1,A,
30/03/2013,Ipswich,Leeds,3,0,H,
30/03/2013,Nott'm Forest,Brighton,2,2,D,
30/03/2013,Peterboro,Cardiff,2,1,H,
30/03/2013,Sheffield Weds,Barnsley,2,1,H,
30/03/2013,Wolves,Middlesbrough,3,2,H,
29/03/2013,Blackburn,Blackpool,1,1,D,
29/03/2013,Crystal Palace,Birmingham,0,4,A,
29/03/2013,Derby,Bristol City,3,0,H,
29/03/2013,Leicester,Millwall,0,1,A,
29/03/2013,Watford,Burnley,3,3,D,
17/03/2013,Blackburn,Burnley,1,1,D,
17/03/2013,Brighton,Crystal Palace,3,0,H,
16/03/2013,Barnsley,Watford,1,0,H,
16/03/2013,Blackpool,Peterboro,0,1,A,
16/03/2013,Charlton,Millwall,0,2,A,
16/03/2013,Derby,Leicester,2,1,H,
16/03/2013,Hull,Nott'm Forest,1,2,A,
16/03/2013,Ipswich,Bolton,1,0,H,
16/03/2013,Leeds,Huddersfield,1,2,A,
16/03/2013,Middlesbrough,Birmingham,0,1,A,
16/03/2013,Sheffield Weds,Cardiff,0,2,A,
16/03/2013,Wolves,Bristol City,2,1,H,
12/03/2013,Barnsley,Brighton,2,1,H,
12/03/2013,Cardiff,Leicester,1,1,D,
12/03/2013,Leeds,Peterboro,1,1,D,
11/03/2013,Burnley,Hull,0,1,A,
9/03/2013,Birmingham,Derby,3,1,H,
9/03/2013,Bolton,Brighton,1,0,H,
9/03/2013,Bristol City,Middlesbrough,2,0,H,
9/03/2013,Crystal Palace,Leeds,2,2,D,
9/03/2013,Huddersfield,Charlton,0,1,A,
9/03/2013,Leicester,Sheffield Weds,0,1,A,
9/03/2013,Nott'm Forest,Wolves,3,1,H,
9/03/2013,Peterboro,Ipswich,0,0,D,
9/03/2013,Watford,Blackpool,1,2,A,
5/03/2013,Birmingham,Blackpool,1,1,D,
5/03/2013,Bolton,Blackburn,1,0,H,
5/03/2013,Bristol City,Brighton,0,0,D,
5/03/2013,Burnley,Barnsley,1,1,D,
5/03/2013,Cardiff,Derby,1,1,D,
5/03/2013,Crystal Palace,Hull,4,2,H,
5/03/2013,Huddersfield,Middlesbrough,2,1,H,
5/03/2013,Leicester,Leeds,1,1,D,
5/03/2013,Millwall,Wolves,0,2,A,
5/03/2013,Nott'm Forest,Ipswich,1,0,H,
5/03/2013,Peterboro,Charlton,2,2,D,
5/03/2013,Watford,Sheffield Weds,2,1,H,
2/03/2013,Barnsley,Bolton,2,3,A,
2/03/2013,Blackburn,Peterboro,2,3,A,
2/03/2013,Blackpool,Bristol City,0,0,D,
2/03/2013,Brighton,Huddersfield,4,1,H,
2/03/2013,Charlton,Burnley,0,1,A,
2/03/2013,Hull,Birmingham,5,2,H,
2/03/2013,Ipswich,Leicester,1,0,H,
2/03/2013,Leeds,Millwall,1,0,H,
2/03/2013,Middlesbrough,Cardiff,2,1,H,
2/03/2013,Sheffield Weds,Nott'm Forest,0,1,A,
1/03/2013,Derby,Crystal Palace,0,1,A,
1/03/2013,Wolves,Watford,1,1,D,
26/02/2013,Bolton,Peterboro,1,0,H,
26/02/2013,Burnley,Huddersfield,0,1,A,
26/02/2013,Leicester,Blackburn,3,0,H,
24/02/2013,Wolves,Cardiff,1,2,A,
23/02/2013,Blackburn,Leeds,0,0,D,
23/02/2013,Blackpool,Leicester,0,0,D,
23/02/2013,Bolton,Hull,4,1,H,
23/02/2013,Brighton,Burnley,1,0,H,
23/02/2013,Bristol City,Barnsley,5,3,H,
23/02/2013,Charlton,Nott'm Forest,0,2,A,
23/02/2013,Huddersfield,Ipswich,0,0,D,
23/02/2013,Middlesbrough,Millwall,1,2,A,
23/02/2013,Peterboro,Birmingham,0,2,A,
23/02/2013,Sheffield Weds,Crystal Palace,1,0,H,
23/02/2013,Watford,Derby,2,1,H,
20/02/2013,Leeds,Blackpool,2,0,H,
19/02/2013,Barnsley,Wolves,2,1,H,
19/02/2013,Birmingham,Sheffield Weds,0,0,D,
19/02/2013,Burnley,Middlesbrough,0,0,D,
19/02/2013,Cardiff,Brighton,0,2,A,
19/02/2013,Crystal Palace,Bristol City,2,1,H,
19/02/2013,Derby,Bolton,1,1,D,
19/02/2013,Hull,Blackburn,2,0,H,
19/02/2013,Ipswich,Watford,0,2,A,
19/02/2013,Leicester,Charlton,1,2,A,
19/02/2013,Millwall,Peterboro,1,5,A,
19/02/2013,Nott'm Forest,Huddersfield,6,1,H,
16/02/2013,Birmingham,Watford,0,4,A,
16/02/2013,Cardiff,Bristol City,2,1,H,
16/02/2013,Crystal Palace,Middlesbrough,4,1,H,
16/02/2013,Derby,Wolves,0,0,D,
16/02/2013,Hull,Charlton,1,0,H,
16/02/2013,Ipswich,Blackpool,1,0,H,
16/02/2013,Nott'm Forest,Bolton,1,1,D,
12/02/2013,Brighton,Blackburn,1,1,D,
12/02/2013,Hull,Derby,2,1,H,
12/02/2013,Middlesbrough,Leeds,1,0,H,
9/02/2013,Blackburn,Ipswich,1,0,H,
9/02/2013,Blackpool,Millwall,2,1,H,
9/02/2013,Bolton,Burnley,2,1,H,
9/02/2013,Brighton,Hull,1,0,H,
9/02/2013,Bristol City,Nott'm Forest,2,0,H,
9/02/2013,Charlton,Birmingham,1,1,D,
9/02/2013,Huddersfield,Cardiff,0,0,D,
9/02/2013,Middlesbrough,Barnsley,2,3,A,
9/02/2013,Peterboro,Leicester,2,1,H,
9/02/2013,Sheffield Weds,Derby,2,2,D,
9/02/2013,Wolves,Leeds,2,2,D,
8/02/2013,Watford,Crystal Palace,2,2,D,
2/02/2013,Birmingham,Nott'm Forest,2,1,H,
2/02/2013,Blackburn,Bristol City,2,0,H,
2/02/2013,Blackpool,Barnsley,1,2,A,
2/02/2013,Crystal Palace,Charlton,2,1,H,
2/02/2013,Derby,Huddersfield,3,0,H,
2/02/2013,Ipswich,Middlesbrough,4,0,H,
2/02/2013,Leeds,Cardiff,0,1,A,
2/02/2013,Millwall,Hull,0,1,A,
2/02/2013,Peterboro,Burnley,2,2,D,
2/02/2013,Sheffield Weds,Brighton,3,1,H,
2/02/2013,Watford,Bolton,2,1,H,
31/01/2013,Leicester,Wolves,2,1,H,
30/01/2013,Huddersfield,Crystal Palace,1,0,H,
29/01/2013,Barnsley,Millwall,2,0,H,
29/01/2013,Bristol City,Watford,2,0,H,
26/01/2013,Bristol City,Ipswich,2,1,H,
26/01/2013,Burnley,Birmingham,1,2,A,
26/01/2013,Charlton,Sheffield Weds,1,2,A,
26/01/2013,Nott'm Forest,Watford,0,3,A,
26/01/2013,Wolves,Blackpool,1,2,A,
22/01/2013,Blackburn,Brighton,1,1,D,
19/01/2013,Birmingham,Brighton,2,2,D,
19/01/2013,Blackburn,Charlton,1,2,A,
19/01/2013,Blackpool,Cardiff,1,2,A,
19/01/2013,Crystal Palace,Bolton,0,0,D,
19/01/2013,Derby,Nott'm Forest,1,1,D,
19/01/2013,Ipswich,Barnsley,1,1,D,
19/01/2013,Leeds,Bristol City,1,0,H,
19/01/2013,Millwall,Burnley,0,2,A,
19/01/2013,Peterboro,Hull,1,1,D,
19/01/2013,Sheffield Weds,Wolves,0,0,D,
19/01/2013,Watford,Huddersfield,4,0,H,
18/01/2013,Leicester,Middlesbrough,1,0,H,
12/01/2013,Barnsley,Leeds,2,0,H,
12/01/2013,Bolton,Millwall,1,1,D,
12/01/2013,Brighton,Derby,2,1,H,
12/01/2013,Bristol City,Leicester,0,4,A,
12/01/2013,Burnley,Crystal Palace,1,0,H,
12/01/2013,Cardiff,Ipswich,0,0,D,
12/01/2013,Charlton,Blackpool,2,1,H,
12/01/2013,Huddersfield,Birmingham,1,1,D,
12/01/2013,Hull,Sheffield Weds,1,3,A,
12/01/2013,Middlesbrough,Watford,1,2,A,
12/01/2013,Nott'm Forest,Peterboro,2,1,H,
11/01/2013,Wolves,Blackburn,1,1,D,
1/01/2013,Birmingham,Cardiff,0,1,A,
1/01/2013,Blackburn,Nott'm Forest,3,0,H,
1/01/2013,Blackpool,Hull,0,0,D,
1/01/2013,Crystal Palace,Wolves,3,1,H,
1/01/2013,Derby,Middlesbrough,3,1,H,
1/01/2013,Ipswich,Brighton,0,3,A,
1/01/2013,Leeds,Bolton,1,0,H,
1/01/2013,Leicester,Huddersfield,6,1,H,
1/01/2013,Millwall,Bristol City,2,1,H,
1/01/2013,Peterboro,Barnsley,2,1,H,
1/01/2013,Sheffield Weds,Burnley,0,2,A,
1/01/2013,Watford,Charlton,3,4,A,
29/12/2012,Barnsley,Blackburn,1,3,A,
29/12/2012,Bolton,Birmingham,3,1,H,
29/12/2012,Brighton,Watford,1,3,A,
29/12/2012,Bristol City,Peterboro,4,2,H,
29/12/2012,Burnley,Leicester,0,1,A,
29/12/2012,Cardiff,Millwall,1,0,H,
29/12/2012,Charlton,Derby,1,1,D,
29/12/2012,Huddersfield,Sheffield Weds,0,0,D,
29/12/2012,Hull,Leeds,2,0,H,
29/12/2012,Middlesbrough,Blackpool,4,2,H,
29/12/2012,Nott'm Forest,Crystal Palace,2,2,D,
29/12/2012,Wolves,Ipswich,0,2,A,
26/12/2012,Barnsley,Birmingham,1,2,A,
26/12/2012,Bolton,Sheffield Weds,0,1,A,
26/12/2012,Burnley,Derby,2,0,H,
26/12/2012,Cardiff,Crystal Palace,2,1,H,
26/12/2012,Charlton,Ipswich,1,2,A,
26/12/2012,Huddersfield,Blackpool,1,1,D,
26/12/2012,Hull,Leicester,0,0,D,
26/12/2012,Middlesbrough,Blackburn,1,0,H,
26/12/2012,Nott'm Forest,Leeds,4,2,H,
26/12/2012,Wolves,Peterboro,0,3,A,
22/12/2012,Birmingham,Burnley,2,2,D,
22/12/2012,Crystal Palace,Huddersfield,1,1,D,
22/12/2012,Ipswich,Bristol City,1,1,D,
22/12/2012,Leeds,Middlesbrough,2,1,H,
22/12/2012,Leicester,Cardiff,0,1,A,
22/12/2012,Millwall,Barnsley,1,2,A,
22/12/2012,Peterboro,Bolton,5,4,H,
22/12/2012,Sheffield Weds,Charlton,2,0,H,
22/12/2012,Watford,Nott'm Forest,2,0,H,
21/12/2012,Blackpool,Wolves,1,2,A,
21/12/2012,Derby,Hull,1,2,A,
18/12/2012,Brighton,Millwall,2,2,D,
15/12/2012,Barnsley,Sheffield Weds,0,1,A,
15/12/2012,Birmingham,Crystal Palace,2,2,D,
15/12/2012,Blackpool,Blackburn,2,0,H,
15/12/2012,Bolton,Charlton,2,0,H,
15/12/2012,Brighton,Nott'm Forest,0,0,D,
15/12/2012,Bristol City,Derby,0,2,A,
15/12/2012,Burnley,Watford,1,1,D,
15/12/2012,Cardiff,Peterboro,1,2,A,
15/12/2012,Hull,Huddersfield,2,0,H,
15/12/2012,Leeds,Ipswich,2,0,H,
15/12/2012,Middlesbrough,Wolves,2,0,H,
15/12/2012,Millwall,Leicester,1,0,H,
8/12/2012,Charlton,Brighton,2,2,D,
8/12/2012,Crystal Palace,Blackpool,2,2,D,
8/12/2012,Derby,Leeds,3,1,H,
8/12/2012,Huddersfield,Bolton,2,2,D,
8/12/2012,Ipswich,Millwall,3,0,H,
8/12/2012,Leicester,Barnsley,2,2,D,
8/12/2012,Nott'm Forest,Burnley,2,0,H,
8/12/2012,Peterboro,Middlesbrough,2,3,A,
8/12/2012,Sheffield Weds,Bristol City,2,3,A,
8/12/2012,Watford,Hull,1,2,A,
8/12/2012,Wolves,Birmingham,1,0,H,
7/12/2012,Blackburn,Cardiff,1,4,A,
2/12/2012,Burnley,Blackburn,1,1,D,
2/12/2012,Cardiff,Sheffield Weds,1,0,H,
1/12/2012,Bolton,Ipswich,1,2,A,
1/12/2012,Bristol City,Wolves,1,4,A,
1/12/2012,Crystal Palace,Brighton,3,0,H,
1/12/2012,Huddersfield,Leeds,2,4,A,
1/12/2012,Leicester,Derby,4,1,H,
1/12/2012,Millwall,Charlton,0,0,D,
1/12/2012,Nott'm Forest,Hull,1,2,A,
1/12/2012,Peterboro,Blackpool,1,4,A,
1/12/2012,Watford,Barnsley,4,1,H,
30/11/2012,Birmingham,Middlesbrough,3,2,H,
28/11/2012,Blackburn,Bolton,1,2,A,
27/11/2012,Barnsley,Burnley,1,1,D,
27/11/2012,Blackpool,Birmingham,1,1,D,
27/11/2012,Brighton,Bristol City,2,0,H,
27/11/2012,Charlton,Peterboro,2,0,H,
27/11/2012,Derby,Cardiff,1,1,D,
27/11/2012,Hull,Crystal Palace,0,0,D,
27/11/2012,Ipswich,Nott'm Forest,3,1,H,
27/11/2012,Leeds,Leicester,1,0,H,
27/11/2012,Middlesbrough,Huddersfield,3,0,H,
27/11/2012,Sheffield Weds,Watford,1,4,A,
27/11/2012,Wolves,Millwall,0,1,A,
24/11/2012,Barnsley,Cardiff,1,2,A,
24/11/2012,Blackburn,Millwall,0,2,A,
24/11/2012,Blackpool,Watford,2,2,D,
24/11/2012,Brighton,Bolton,1,1,D,
24/11/2012,Charlton,Huddersfield,1,1,D,
24/11/2012,Derby,Birmingham,3,2,H,
24/11/2012,Hull,Burnley,0,1,A,
24/11/2012,Ipswich,Peterboro,1,1,D,
24/11/2012,Leeds,Crystal Palace,2,1,H,
24/11/2012,Middlesbrough,Bristol City,1,3,A,
24/11/2012,Sheffield Weds,Leicester,0,2,A,
24/11/2012,Wolves,Nott'm Forest,1,2,A,
18/11/2012,Millwall,Leeds,1,0,H,
17/11/2012,Birmingham,Hull,2,3,A,
17/11/2012,Bolton,Barnsley,1,1,D,
17/11/2012,Bristol City,Blackpool,1,1,D,
17/11/2012,Burnley,Charlton,0,1,A,
17/11/2012,Cardiff,Middlesbrough,1,0,H,
17/11/2012,Crystal Palace,Derby,3,0,H,
17/11/2012,Huddersfield,Brighton,1,2,A,
17/11/2012,Leicester,Ipswich,6,0,H,
17/11/2012,Nott'm Forest,Sheffield Weds,1,0,H,
17/11/2012,Peterboro,Blackburn,1,4,A,
17/11/2012,Watford,Wolves,2,1,H,
11/11/2012,Bristol City,Charlton,0,2,A,
10/11/2012,Barnsley,Huddersfield,0,1,A,
10/11/2012,Blackburn,Birmingham,1,1,D,
10/11/2012,Blackpool,Bolton,2,2,D,
10/11/2012,Cardiff,Hull,2,1,H,
10/11/2012,Ipswich,Burnley,2,1,H,
10/11/2012,Leeds,Watford,1,6,A,
10/11/2012,Leicester,Nott'm Forest,2,2,D,
10/11/2012,Millwall,Derby,2,1,H,
10/11/2012,Peterboro,Crystal Palace,1,2,A,
10/11/2012,Wolves,Brighton,3,3,D,
9/11/2012,Middlesbrough,Sheffield Weds,3,1,H,
6/11/2012,Birmingham,Bristol City,2,0,H,
6/11/2012,Bolton,Leicester,0,0,D,
6/11/2012,Brighton,Peterboro,1,0,H,
6/11/2012,Burnley,Leeds,1,0,H,
6/11/2012,Charlton,Cardiff,5,4,H,
6/11/2012,Crystal Palace,Ipswich,5,0,H,
6/11/2012,Derby,Barnsley,2,0,H,
6/11/2012,Huddersfield,Blackburn,2,2,D,
6/11/2012,Hull,Wolves,2,1,H,
6/11/2012,Nott'm Forest,Middlesbrough,0,0,D,
6/11/2012,Sheffield Weds,Blackpool,0,2,A,
6/11/2012,Watford,Millwall,0,0,D,
3/11/2012,Birmingham,Ipswich,0,1,A,
3/11/2012,Bolton,Cardiff,2,1,H,
3/11/2012,Burnley,Wolves,2,0,H,
3/11/2012,Charlton,Middlesbrough,1,4,A,
3/11/2012,Crystal Palace,Blackburn,2,0,H,
3/11/2012,Derby,Blackpool,4,1,H,
3/11/2012,Huddersfield,Bristol City,1,0,H,
3/11/2012,Hull,Barnsley,1,0,H,
3/11/2012,Nott'm Forest,Millwall,1,4,A,
3/11/2012,Sheffield Weds,Peterboro,2,1,H,
3/11/2012,Watford,Leicester,2,1,H,
2/11/2012,Brighton,Leeds,2,2,D,
27/10/2012,Barnsley,Nott'm Forest,1,4,A,
27/10/2012,Blackburn,Watford,1,0,H,
27/10/2012,Blackpool,Brighton,1,1,D,
27/10/2012,Bristol City,Hull,1,2,A,
27/10/2012,Cardiff,Burnley,4,0,H,
27/10/2012,Ipswich,Sheffield Weds,0,3,A,
27/10/2012,Leeds,Birmingham,0,1,A,
27/10/2012,Leicester,Crystal Palace,1,2,A,
27/10/2012,Middlesbrough,Bolton,2,1,H,
27/10/2012,Millwall,Huddersfield,4,0,H,
27/10/2012,Peterboro,Derby,3,0,H,
27/10/2012,Wolves,Charlton,1,1,D,
24/10/2012,Blackburn,Sheffield Weds,1,0,H,
23/10/2012,Barnsley,Crystal Palace,1,1,D,
23/10/2012,Blackpool,Nott'm Forest,2,2,D,
23/10/2012,Bristol City,Burnley,3,4,A,
23/10/2012,Cardiff,Watford,2,1,H,
23/10/2012,Ipswich,Derby,1,2,A,
23/10/2012,Leeds,Charlton,1,1,D,
23/10/2012,Leicester,Brighton,1,0,H,
23/10/2012,Middlesbrough,Hull,2,0,H,
23/10/2012,Millwall,Birmingham,3,3,D,
23/10/2012,Peterboro,Huddersfield,3,1,H,
23/10/2012,Wolves,Bolton,2,2,D,
20/10/2012,Birmingham,Leicester,1,1,D,
20/10/2012,Bolton,Bristol City,3,2,H,
20/10/2012,Brighton,Middlesbrough,0,1,A,
20/10/2012,Burnley,Blackpool,1,0,H,
20/10/2012,Charlton,Barnsley,0,1,A,
20/10/2012,Crystal Palace,Millwall,2,2,D,
20/10/2012,Derby,Blackburn,1,1,D,
20/10/2012,Huddersfield,Wolves,2,1,H,
20/10/2012,Hull,Ipswich,2,1,H,
20/10/2012,Nott'm Forest,Cardiff,3,1,H,
20/10/2012,Watford,Peterboro,1,0,H,
19/10/2012,Sheffield Weds,Leeds,1,1,D,
6/10/2012,Birmingham,Huddersfield,0,1,A,
6/10/2012,Blackburn,Wolves,0,1,A,
6/10/2012,Blackpool,Charlton,0,2,A,
6/10/2012,Crystal Palace,Burnley,4,3,H,
6/10/2012,Derby,Brighton,0,0,D,
6/10/2012,Ipswich,Cardiff,1,2,A,
6/10/2012,Leeds,Barnsley,1,0,H,
6/10/2012,Leicester,Bristol City,2,0,H,
6/10/2012,Millwall,Bolton,2,1,H,
6/10/2012,Peterboro,Nott'm Forest,0,1,A,
6/10/2012,Sheffield Weds,Hull,0,1,A,
6/10/2012,Watford,Middlesbrough,1,2,A,
3/10/2012,Middlesbrough,Derby,2,2,D,
3/10/2012,Nott'm Forest,Blackburn,0,0,D,
2/10/2012,Barnsley,Peterboro,0,2,A,
2/10/2012,Bolton,Leeds,2,2,D,
2/10/2012,Brighton,Ipswich,1,1,D,
2/10/2012,Bristol City,Millwall,1,1,D,
2/10/2012,Burnley,Sheffield Weds,3,3,D,
2/10/2012,Cardiff,Birmingham,2,1,H,
2/10/2012,Charlton,Watford,1,2,A,
2/10/2012,Huddersfield,Leicester,0,2,A,
2/10/2012,Hull,Blackpool,2,3,A,
2/10/2012,Wolves,Crystal Palace,1,2,A,
30/09/2012,Nott'm Forest,Derby,0,1,A,
29/09/2012,Barnsley,Ipswich,1,1,D,
29/09/2012,Bolton,Crystal Palace,0,1,A,
29/09/2012,Brighton,Birmingham,0,1,A,
29/09/2012,Bristol City,Leeds,2,3,A,
29/09/2012,Burnley,Millwall,2,2,D,
29/09/2012,Cardiff,Blackpool,3,0,H,
29/09/2012,Charlton,Blackburn,1,1,D,
29/09/2012,Huddersfield,Watford,2,3,A,
29/09/2012,Hull,Peterboro,1,3,A,
29/09/2012,Middlesbrough,Leicester,1,2,A,
29/09/2012,Wolves,Sheffield Weds,1,0,H,
24/09/2012,Blackpool,Huddersfield,1,3,A,
23/09/2012,Leicester,Hull,3,1,H,
22/09/2012,Birmingham,Barnsley,0,5,A,
22/09/2012,Crystal Palace,Cardiff,3,2,H,
22/09/2012,Derby,Burnley,1,2,A,
22/09/2012,Ipswich,Charlton,1,2,A,
22/09/2012,Leeds,Nott'm Forest,2,1,H,
22/09/2012,Millwall,Brighton,1,2,A,
22/09/2012,Peterboro,Wolves,0,2,A,
22/09/2012,Sheffield Weds,Bolton,1,2,A,
22/09/2012,Watford,Bristol City,2,2,D,
21/09/2012,Blackburn,Middlesbrough,1,2,A,
19/09/2012,Ipswich,Wolves,0,2,A,
19/09/2012,Leicester,Burnley,2,1,H,
19/09/2012,Sheffield Weds,Huddersfield,1,3,A,
18/09/2012,Birmingham,Bolton,2,1,H,
18/09/2012,Blackburn,Barnsley,2,1,H,
18/09/2012,Blackpool,Middlesbrough,4,1,H,
18/09/2012,Crystal Palace,Nott'm Forest,1,1,D,
18/09/2012,Derby,Charlton,3,2,H,
18/09/2012,Leeds,Hull,2,3,A,
18/09/2012,Millwall,Cardiff,0,2,A,
18/09/2012,Peterboro,Bristol City,1,2,A,
18/09/2012,Watford,Brighton,0,1,A,
16/09/2012,Wolves,Leicester,2,1,H,
15/09/2012,Barnsley,Blackpool,1,1,D,
15/09/2012,Bolton,Watford,2,1,H,
15/09/2012,Bristol City,Blackburn,3,5,A,
15/09/2012,Burnley,Peterboro,5,2,H,
15/09/2012,Cardiff,Leeds,2,1,H,
15/09/2012,Huddersfield,Derby,1,0,H,
15/09/2012,Hull,Millwall,4,1,H,
15/09/2012,Middlesbrough,Ipswich,2,0,H,
15/09/2012,Nott'm Forest,Birmingham,2,2,D,
14/09/2012,Brighton,Sheffield Weds,3,0,H,
14/09/2012,Charlton,Crystal Palace,0,1,A,
2/09/2012,Cardiff,Wolves,3,1,H,
1/09/2012,Barnsley,Bristol City,1,0,H,
1/09/2012,Birmingham,Peterboro,1,0,H,
1/09/2012,Burnley,Brighton,1,3,A,
1/09/2012,Crystal Palace,Sheffield Weds,2,1,H,
1/09/2012,Derby,Watford,5,1,H,
1/09/2012,Hull,Bolton,3,1,H,
1/09/2012,Ipswich,Huddersfield,2,2,D,
1/09/2012,Leeds,Blackburn,3,3,D,
1/09/2012,Leicester,Blackpool,1,0,H,
1/09/2012,Millwall,Middlesbrough,3,1,H,
1/09/2012,Nott'm Forest,Charlton,2,1,H,
25/08/2012,Blackburn,Leicester,2,1,H,
25/08/2012,Blackpool,Ipswich,6,0,H,
25/08/2012,Brighton,Barnsley,5,1,H,
25/08/2012,Bristol City,Cardiff,4,2,H,
25/08/2012,Charlton,Hull,0,0,D,
25/08/2012,Huddersfield,Burnley,2,0,H,
25/08/2012,Middlesbrough,Crystal Palace,2,1,H,
25/08/2012,Peterboro,Leeds,1,2,A,
25/08/2012,Sheffield Weds,Millwall,3,2,H,
25/08/2012,Watford,Birmingham,2,0,H,
25/08/2012,Wolves,Derby,1,1,D,
24/08/2012,Bolton,Nott'm Forest,2,2,D,
22/08/2012,Blackburn,Hull,1,0,H,
21/08/2012,Blackpool,Leeds,2,1,H,
21/08/2012,Bolton,Derby,2,0,H,
21/08/2012,Brighton,Cardiff,0,0,D,
21/08/2012,Bristol City,Crystal Palace,4,1,H,
21/08/2012,Charlton,Leicester,2,1,H,
21/08/2012,Huddersfield,Nott'm Forest,1,1,D,
21/08/2012,Middlesbrough,Burnley,3,2,H,
21/08/2012,Peterboro,Millwall,1,2,A,
21/08/2012,Sheffield Weds,Birmingham,3,2,H,
21/08/2012,Watford,Ipswich,0,1,A,
21/08/2012,Wolves,Barnsley,3,1,H,
18/08/2012,Barnsley,Middlesbrough,1,0,H,
18/08/2012,Birmingham,Charlton,1,1,D,
18/08/2012,Burnley,Bolton,2,0,H,
18/08/2012,Crystal Palace,Watford,2,3,A,
18/08/2012,Derby,Sheffield Weds,2,2,D,
18/08/2012,Hull,Brighton,1,0,H,
18/08/2012,Ipswich,Blackburn,1,1,D,
18/08/2012,Leeds,Wolves,1,0,H,
18/08/2012,Leicester,Peterboro,2,0,H,
18/08/2012,Millwall,Blackpool,0,2,A,
18/08/2012,Nott'm Forest,Bristol City,1,0,H,
17/08/2012,Cardiff,Huddersfield,1,0,H,
28/04/2012,Barnsley,Brighton,0,0,D,C Webster
28/04/2012,Birmingham,Reading,2,0,H,R Madley
28/04/2012,Burnley,Bristol City,1,1,D,E Ilderton
28/04/2012,Crystal Palace,Cardiff,1,2,A,L Mason
28/04/2012,Derby,Peterboro,1,1,D,R East
28/04/2012,Doncaster,Ipswich,2,3,A,S Mathieson
28/04/2012,Leeds,Leicester,1,2,A,D McDermid
28/04/2012,Millwall,Blackpool,2,2,D,S Attwell
28/04/2012,Nott'm Forest,Portsmouth,2,0,H,M Haywood
28/04/2012,Southampton,Coventry,4,0,H,A Taylor
28/04/2012,Watford,Middlesbrough,2,1,H,S Hooper
28/04/2012,West Ham,Hull,2,1,H,N Miller
23/04/2012,Leicester,West Ham,1,2,A,E Ilderton
21/04/2012,Blackpool,Burnley,4,0,H,C Sarginson
21/04/2012,Brighton,Birmingham,1,1,D,N Miller
21/04/2012,Bristol City,Barnsley,2,0,H,D Deadman
21/04/2012,Cardiff,Leeds,1,1,D,M Halsey
21/04/2012,Coventry,Doncaster,0,2,A,C Foy
21/04/2012,Hull,Nott'm Forest,2,1,H,G Eltringham
21/04/2012,Ipswich,Millwall,0,3,A,C Webster
21/04/2012,Middlesbrough,Southampton,2,1,H,A Bates
21/04/2012,Peterboro,Watford,2,2,D,P Gibbs
21/04/2012,Portsmouth,Derby,1,2,A,M Naylor
21/04/2012,Reading,Crystal Palace,2,2,D,A D'Urso
17/04/2012,Blackpool,Leeds,1,0,H,A Bates
17/04/2012,Brighton,Watford,2,2,D,S Mathieson
17/04/2012,Bristol City,West Ham,1,1,D,C Pawson
17/04/2012,Cardiff,Derby,2,0,H,L Probert
17/04/2012,Coventry,Millwall,0,1,A,J Linington
17/04/2012,Hull,Barnsley,3,1,H,P Tierney
17/04/2012,Ipswich,Birmingham,1,1,D,D Sheldrake
17/04/2012,Leicester,Burnley,0,0,D,M Jones
17/04/2012,Middlesbrough,Doncaster,0,0,D,D Drysdale
17/04/2012,Peterboro,Southampton,1,3,A,J Waugh
17/04/2012,Portsmouth,Crystal Palace,2,1,H,S Hooper
17/04/2012,Reading,Nott'm Forest,1,0,H,G Ward
14/04/2012,Barnsley,Cardiff,0,1,A,G Eltringham
14/04/2012,Birmingham,Bristol City,2,2,D,K Stroud
14/04/2012,Burnley,Coventry,1,1,D,A Woolmer
14/04/2012,Crystal Palace,Ipswich,1,1,D,F Graham
14/04/2012,Derby,Middlesbrough,0,1,A,C Pawson
14/04/2012,Doncaster,Portsmouth,3,4,A,M Russell
14/04/2012,Leeds,Peterboro,4,1,H,D Phillips
14/04/2012,Millwall,Leicester,2,1,H,P Gibbs
14/04/2012,Nott'm Forest,Blackpool,0,0,D,P Miller
14/04/2012,Watford,Hull,1,1,D,P Dowd
14/04/2012,West Ham,Brighton,6,0,H,R East
13/04/2012,Southampton,Reading,1,3,A,M Dean
10/04/2012,Brighton,Reading,0,1,A,M Russell
10/04/2012,Portsmouth,Millwall,0,1,A,M Halsey
9/04/2012,Blackpool,Barnsley,1,1,D,A D'Urso
9/04/2012,Bristol City,Coventry,3,1,H,S Mathieson
9/04/2012,Cardiff,Watford,1,1,D,D Deadman
9/04/2012,Crystal Palace,Southampton,0,2,A,G Sutton
9/04/2012,Doncaster,Burnley,1,2,A,N Miller
9/04/2012,Hull,Middlesbrough,2,1,H,A Woolmer
9/04/2012,Ipswich,Leicester,1,2,A,A Bates
9/04/2012,Leeds,Derby,0,2,A,O Langford
9/04/2012,Peterboro,Nott'm Forest,0,1,A,C Boyeson
9/04/2012,West Ham,Birmingham,3,3,D,J Moss
7/04/2012,Birmingham,Crystal Palace,3,1,H,G Eltringham
7/04/2012,Coventry,Peterboro,2,2,D,D McDermid
7/04/2012,Derby,Ipswich,0,0,D,M Haywood
7/04/2012,Leicester,Doncaster,4,0,H,R East
7/04/2012,Middlesbrough,Cardiff,0,2,A,K Friend
7/04/2012,Millwall,Hull,2,0,H,D Deadman
7/04/2012,Nott'm Forest,Bristol City,0,1,A,J Waugh
7/04/2012,Southampton,Portsmouth,2,2,D,N Swarbrick
6/04/2012,Barnsley,West Ham,0,4,A,A Bates
6/04/2012,Burnley,Brighton,1,0,H,C Boyeson
6/04/2012,Reading,Leeds,2,0,H,D Drysdale
6/04/2012,Watford,Blackpool,0,2,A,J Linington
3/04/2012,Burnley,Birmingham,1,3,A,J Waugh
31/03/2012,Blackpool,Southampton,3,0,H,D Whitestone
31/03/2012,Brighton,Middlesbrough,1,1,D,D Deadman
31/03/2012,Bristol City,Derby,1,1,D,G Ward
31/03/2012,Cardiff,Millwall,0,0,D,A Bates
31/03/2012,Crystal Palace,Nott'm Forest,0,3,A,O Langford
31/03/2012,Hull,Coventry,0,2,A,G Salisbury
31/03/2012,Ipswich,Barnsley,1,0,H,P Gibbs
31/03/2012,Leeds,Watford,0,2,A,P Tierney
31/03/2012,Peterboro,Leicester,1,0,H,M Oliver
31/03/2012,Portsmouth,Burnley,1,5,A,S Attwell
31/03/2012,West Ham,Reading,2,4,A,C Foy
30/03/2012,Doncaster,Birmingham,1,3,A,C Webster
27/03/2012,Crystal Palace,Doncaster,1,1,D,D Deadman
27/03/2012,Ipswich,Middlesbrough,1,1,D,K Stroud
27/03/2012,Leicester,Nott'm Forest,0,0,D,S Mathieson
27/03/2012,Peterboro,West Ham,0,2,A,C Sarginson
27/03/2012,Portsmouth,Hull,2,0,H,D Sheldrake
25/03/2012,Birmingham,Cardiff,1,1,D,A D'Urso
24/03/2012,Barnsley,Peterboro,1,0,H,A Haines
24/03/2012,Burnley,West Ham,2,2,D,M Haywood
24/03/2012,Coventry,Portsmouth,2,0,H,G Eltringham
24/03/2012,Derby,Crystal Palace,3,2,H,M Russell
24/03/2012,Leicester,Hull,2,1,H,N Miller
24/03/2012,Middlesbrough,Bristol City,1,1,D,C Webster
24/03/2012,Millwall,Leeds,0,1,A,L Probert
24/03/2012,Nott'm Forest,Brighton,1,1,D,M Naylor
24/03/2012,Reading,Blackpool,3,1,H,F Graham
24/03/2012,Southampton,Doncaster,2,0,H,D McDermid
24/03/2012,Watford,Ipswich,2,1,H,P Walton
21/03/2012,Blackpool,Leicester,3,3,D,M Naylor
21/03/2012,Cardiff,Coventry,2,2,D,R Madley
21/03/2012,Ipswich,Burnley,1,0,H,J Linington
20/03/2012,Brighton,Derby,2,0,H,D Sheldrake
20/03/2012,Bristol City,Watford,0,2,A,O Langford
20/03/2012,Crystal Palace,Barnsley,1,0,H,T Kettle
20/03/2012,Doncaster,Millwall,0,3,A,S Attwell
20/03/2012,Hull,Southampton,0,2,A,D Webb
20/03/2012,Leeds,Nott'm Forest,3,7,A,E Ilderton
20/03/2012,Peterboro,Reading,3,1,H,S Hooper
20/03/2012,Portsmouth,Birmingham,4,1,H,B Malone
20/03/2012,West Ham,Middlesbrough,1,1,D,S Mathieson
18/03/2012,Cardiff,Burnley,0,0,D,I Williamson
17/03/2012,Barnsley,Reading,0,4,A,D Sheldrake
17/03/2012,Birmingham,Middlesbrough,3,0,H,G Scott
17/03/2012,Blackpool,Brighton,3,1,H,S Hooper
17/03/2012,Crystal Palace,Hull,0,0,D,D Drysdale
17/03/2012,Doncaster,Derby,1,2,A,D Coote
17/03/2012,Ipswich,Peterboro,3,2,H,G Sutton
17/03/2012,Leeds,West Ham,1,1,D,P Walton
17/03/2012,Millwall,Southampton,2,3,A,F Graham
17/03/2012,Portsmouth,Bristol City,0,0,D,A D'Urso
17/03/2012,Watford,Coventry,0,0,D,C Webster
13/03/2012,Cardiff,Hull,0,3,A,G Scott
13/03/2012,Derby,Nott'm Forest,1,0,H,A D'Urso
13/03/2012,Doncaster,Reading,1,1,D,A Bates
13/03/2012,Leicester,Birmingham,3,1,H,M Russell
11/03/2012,Middlesbrough,Leeds,0,2,A,C Boyeson
10/03/2012,Brighton,Portsmouth,2,0,H,M Dean
10/03/2012,Bristol City,Cardiff,1,2,A,M Oliver
10/03/2012,Burnley,Crystal Palace,1,1,D,D Whitestone
10/03/2012,Coventry,Birmingham,1,1,D,N Swarbrick
10/03/2012,Derby,Watford,1,2,A,S Mathieson
10/03/2012,Hull,Ipswich,2,2,D,R East
10/03/2012,Nott'm Forest,Millwall,3,1,H,C Pawson
10/03/2012,Peterboro,Blackpool,3,1,H,M Haywood
10/03/2012,Reading,Leicester,3,1,H,R Madley
10/03/2012,Southampton,Barnsley,2,0,H,D Phillips
10/03/2012,West Ham,Doncaster,1,1,D,A D'Urso
7/03/2012,Brighton,Cardiff,2,2,D,R East
7/03/2012,West Ham,Watford,1,1,D,K Stroud
6/03/2012,Bristol City,Leicester,3,2,H,M Haywood
6/03/2012,Coventry,Crystal Palace,1,1,D,M Brown
6/03/2012,Derby,Blackpool,2,1,H,C Boyeson
6/03/2012,Hull,Leeds,0,0,D,S Attwell
6/03/2012,Middlesbrough,Barnsley,2,0,H,P Walton
6/03/2012,Nott'm Forest,Doncaster,1,2,A,M Jones
6/03/2012,Peterboro,Millwall,0,3,A,G Eltringham
6/03/2012,Reading,Portsmouth,1,0,H,O Langford
6/03/2012,Southampton,Ipswich,1,1,D,D Drysdale
4/03/2012,Cardiff,West Ham,0,2,A,C Foy
3/03/2012,Barnsley,Nott'm Forest,1,1,D,D Deadman
3/03/2012,Birmingham,Derby,2,2,D,P Tierney
3/03/2012,Crystal Palace,Peterboro,1,0,H,S Mathieson
3/03/2012,Doncaster,Brighton,1,1,D,G Eltringham
3/03/2012,Ipswich,Bristol City,3,0,H,A Woolmer
3/03/2012,Leeds,Southampton,0,1,A,N Miller
3/03/2012,Leicester,Coventry,2,0,H,L Probert
3/03/2012,Millwall,Reading,1,2,A,C Sarginson
3/03/2012,Portsmouth,Middlesbrough,1,3,A,T Kettle
3/03/2012,Watford,Burnley,3,2,H,M Naylor
2/03/2012,Blackpool,Hull,1,1,D,E Ilderton
25/02/2012,Birmingham,Nott'm Forest,1,2,A,R East
25/02/2012,Brighton,Ipswich,3,0,H,C Webster
25/02/2012,Bristol City,Blackpool,1,3,A,T Kettle
25/02/2012,Burnley,Millwall,1,3,A,D Phillips
25/02/2012,Coventry,Barnsley,1,0,H,A D'Urso
25/02/2012,Doncaster,Peterboro,1,1,D,E Ilderton
25/02/2012,Middlesbrough,Reading,0,2,A,S Attwell
25/02/2012,Portsmouth,Leeds,0,0,D,P Gibbs
25/02/2012,Watford,Southampton,0,3,A,A Bates
25/02/2012,West Ham,Crystal Palace,0,0,D,G Salisbury
23/02/2012,Derby,Leicester,0,1,A,S Hooper
22/02/2012,Hull,Brighton,0,0,D,C Berry
21/02/2012,Barnsley,Birmingham,1,3,A,C Boyeson
21/02/2012,Blackpool,West Ham,1,4,A,O Langford
21/02/2012,Millwall,Middlesbrough,1,3,A,J Linnington
18/02/2012,Barnsley,Portsmouth,2,0,H,E Ilderton
18/02/2012,Crystal Palace,Watford,4,0,H,C Pawson
18/02/2012,Ipswich,Cardiff,3,0,H,S Hooper
18/02/2012,Leeds,Doncaster,3,2,H,K Stroud
18/02/2012,Nott'm Forest,Coventry,2,0,H,M Clattenburg
18/02/2012,Peterboro,Bristol City,3,0,H,D Phillips
18/02/2012,Southampton,Derby,4,0,H,G Scott
17/02/2012,Reading,Burnley,1,0,H,D Deadman
14/02/2012,Birmingham,Hull,0,0,D,F Graham
14/02/2012,Brighton,Millwall,2,2,D,A Taylor
14/02/2012,Bristol City,Crystal Palace,2,2,D,L Collins
14/02/2012,Burnley,Barnsley,2,0,H,O Langford
14/02/2012,Cardiff,Peterboro,3,1,H,M Naylor
14/02/2012,Coventry,Leeds,2,1,H,P Miller
14/02/2012,Derby,Reading,0,1,A,G Eltringham
14/02/2012,Doncaster,Blackpool,1,3,A,G Sutton
14/02/2012,Middlesbrough,Nott'm Forest,2,1,H,P Tierney
14/02/2012,Portsmouth,Ipswich,0,1,A,D Deadman
14/02/2012,Watford,Leicester,3,2,H,D Webb
14/02/2012,West Ham,Southampton,1,1,D,L Probert
11/02/2012,Blackpool,Portsmouth,1,1,D,R Madley
11/02/2012,Hull,Bristol City,3,0,H,A Bates
11/02/2012,Leeds,Brighton,1,2,A,G Salisbury
11/02/2012,Leicester,Cardiff,2,1,H,M Halsey
11/02/2012,Millwall,Derby,0,0,D,O Langford
11/02/2012,Nott'm Forest,Watford,1,1,D,J Moss
11/02/2012,Reading,Coventry,2,0,H,D Coote
11/02/2012,Southampton,Burnley,2,0,H,T Kettle
7/02/2012,Birmingham,Portsmouth,1,0,H,D Drysdale
4/02/2012,Birmingham,Southampton,0,0,D,P Dowd
4/02/2012,Brighton,Leicester,1,0,H,A Woolmer
4/02/2012,Bristol City,Leeds,0,3,A,J Linington
4/02/2012,Burnley,Peterboro,1,1,D,C Webster
4/02/2012,Cardiff,Blackpool,1,3,A,K Stroud
4/02/2012,Coventry,Ipswich,2,3,A,N Miller
4/02/2012,Middlesbrough,Crystal Palace,0,0,D,M Heywood
4/02/2012,Watford,Barnsley,2,1,H,R East
4/02/2012,West Ham,Millwall,2,1,H,M Jones
1/02/2012,Leicester,Middlesbrough,2,2,D,G Ward
31/01/2012,Barnsley,Derby,3,2,H,A Woolmer
31/01/2012,Blackpool,Coventry,2,1,H,D Mohareb
31/01/2012,Crystal Palace,Brighton,1,1,D,S Attwell
31/01/2012,Hull,Doncaster,0,0,D,J Waugh
31/01/2012,Ipswich,West Ham,5,1,H,F Graham
31/01/2012,Leeds,Birmingham,1,4,A,M Dean
31/01/2012,Millwall,Watford,0,2,A,K Stroud
31/01/2012,Nott'm Forest,Burnley,0,2,A,M Naylor
31/01/2012,Southampton,Cardiff,1,1,D,M Haywood
28/01/2012,Peterboro,Portsmouth,0,3,A,D Webb
28/01/2012,Reading,Bristol City,1,0,H,P Miller
23/01/2012,Southampton,Leicester,0,2,A,N Swarbrick
21/01/2012,Barnsley,Millwall,1,3,A,J Adcock
21/01/2012,Birmingham,Watford,3,0,H,T Kettle
21/01/2012,Blackpool,Crystal Palace,2,1,H,N Miller
21/01/2012,Bristol City,Doncaster,2,1,H,F Graham
21/01/2012,Burnley,Derby,0,0,D,L Probert
21/01/2012,Cardiff,Portsmouth,3,2,H,S Tanner
21/01/2012,Coventry,Middlesbrough,3,1,H,G Sutton
21/01/2012,Leeds,Ipswich,3,1,H,G Eltringham
21/01/2012,Peterboro,Brighton,1,2,A,P Tierney
21/01/2012,Reading,Hull,0,1,A,G Scott
21/01/2012,West Ham,Nott'm Forest,2,1,H,A Bates
14/01/2012,Brighton,Bristol City,2,0,H,K Stroud
14/01/2012,Crystal Palace,Leeds,1,1,D,D Coote
14/01/2012,Derby,Coventry,1,0,H,R East
14/01/2012,Doncaster,Cardiff,0,0,D,O Langford
14/01/2012,Hull,Peterboro,1,0,H,A Madley
14/01/2012,Ipswich,Blackpool,2,2,D,G Ward
14/01/2012,Leicester,Barnsley,1,2,A,D Whitestone
14/01/2012,Middlesbrough,Burnley,0,2,A,R Madley
14/01/2012,Millwall,Birmingham,0,6,A,J Moss
14/01/2012,Nott'm Forest,Southampton,0,3,A,E Ilderton
14/01/2012,Portsmouth,West Ham,0,1,A,K Friend
14/01/2012,Watford,Reading,1,2,A,G Salisbury
11/01/2012,Birmingham,Ipswich,2,1,H,R Lewis
3/01/2012,Bristol City,Millwall,1,0,H,D Drysdale
2/01/2012,Blackpool,Middlesbrough,3,0,H,S Mathieson
2/01/2012,Brighton,Southampton,3,0,H,A D'Urso
2/01/2012,Cardiff,Reading,3,1,H,C Foy
2/01/2012,Crystal Palace,Leicester,1,2,A,J Linington
2/01/2012,Doncaster,Barnsley,2,0,H,M Oliver
2/01/2012,Hull,Derby,0,1,A,P Gibbs
2/01/2012,Ipswich,Nott'm Forest,1,3,A,C Boyeson
2/01/2012,Leeds,Burnley,2,1,H,M Brown
2/01/2012,Peterboro,Birmingham,1,1,D,J Moss
2/01/2012,Portsmouth,Watford,2,0,H,I Williamson
2/01/2012,West Ham,Coventry,1,0,H,S Hooper
31/12/2011,Barnsley,Leeds,4,1,H,N Swarbrick
31/12/2011,Birmingham,Blackpool,3,0,H,C Pawson
31/12/2011,Burnley,Hull,1,0,H,C Sarginson
31/12/2011,Coventry,Brighton,2,0,H,M Haywood
31/12/2011,Derby,West Ham,2,1,H,J Moss
31/12/2011,Leicester,Portsmouth,1,1,D,C Webster
31/12/2011,Middlesbrough,Peterboro,1,1,D,G Eltringham
31/12/2011,Millwall,Crystal Palace,0,1,A,R East
31/12/2011,Nott'm Forest,Cardiff,0,1,A,A Woolmer
31/12/2011,Reading,Ipswich,1,0,H,J Waugh
31/12/2011,Watford,Doncaster,4,1,H,D Drysdale
30/12/2011,Southampton,Bristol City,0,1,A,D Deadman
26/12/2011,Barnsley,Blackpool,1,3,A,C Webster
26/12/2011,Birmingham,West Ham,1,1,D,D Deadman
26/12/2011,Burnley,Doncaster,3,0,H,D Webb
26/12/2011,Coventry,Bristol City,1,0,H,P Gibbs
26/12/2011,Derby,Leeds,1,0,H,A Bates
26/12/2011,Leicester,Ipswich,1,1,D,D Drysdale
26/12/2011,Middlesbrough,Hull,1,0,H,N Miller
26/12/2011,Millwall,Portsmouth,1,0,H,N Miller
26/12/2011,Nott'm Forest,Peterboro,0,1,A,O Langford
26/12/2011,Reading,Brighton,3,0,H,S Hooper
26/12/2011,Southampton,Crystal Palace,2,0,H,G Salisbury
26/12/2011,Watford,Cardiff,1,1,D,P Miller
19/12/2011,Crystal Palace,Birmingham,1,0,H,K Stroud
18/12/2011,Portsmouth,Southampton,1,1,D,M Halsey
17/12/2011,Blackpool,Watford,0,0,D,M Haywood
17/12/2011,Brighton,Burnley,0,1,A,C Pawson
17/12/2011,Bristol City,Nott'm Forest,0,0,D,B Malone
17/12/2011,Cardiff,Middlesbrough,2,3,A,G Salisbury
17/12/2011,Doncaster,Leicester,2,1,H,D Sheldrake
17/12/2011,Hull,Millwall,2,0,H,D Coote
17/12/2011,Ipswich,Derby,1,0,H,D Webb
17/12/2011,Leeds,Reading,0,1,A,C Webster
17/12/2011,Peterboro,Coventry,1,0,H,M Brown
17/12/2011,West Ham,Barnsley,1,0,H,S Mathieson
10/12/2011,Barnsley,Ipswich,3,5,A,G Sutton
10/12/2011,Birmingham,Doncaster,2,1,H,N Miller
10/12/2011,Burnley,Portsmouth,0,1,A,S Rushton
10/12/2011,Coventry,Hull,0,1,A,P Tierney
10/12/2011,Derby,Bristol City,2,1,H,R Madley
10/12/2011,Leicester,Peterboro,1,1,D,A Taylor
10/12/2011,Middlesbrough,Brighton,1,0,H,M Naylor
10/12/2011,Millwall,Cardiff,0,0,D,G Ward
10/12/2011,Nott'm Forest,Crystal Palace,0,1,A,P Gibbs
10/12/2011,Reading,West Ham,3,0,H,N Swarbrick
10/12/2011,Southampton,Blackpool,2,2,D,G Eltringham
10/12/2011,Watford,Leeds,1,1,D,E Ilderton
7/12/2011,Hull,Birmingham,2,1,H,M Naylor
6/12/2011,Barnsley,Crystal Palace,2,1,H,A Bates
4/12/2011,Cardiff,Birmingham,1,0,H,A Taylor
3/12/2011,Blackpool,Reading,1,0,H,M Brown
3/12/2011,Brighton,Nott'm Forest,1,0,H,D Drysdale
3/12/2011,Bristol City,Middlesbrough,0,1,A,J Linington
3/12/2011,Doncaster,Southampton,1,0,H,A Haines
3/12/2011,Hull,Leicester,2,1,H,S Hooper
3/12/2011,Ipswich,Watford,1,2,A,K Stroud
3/12/2011,Leeds,Millwall,2,0,H,M Oliver
3/12/2011,Peterboro,Barnsley,3,4,A,E Ilderton
3/12/2011,Portsmouth,Coventry,2,1,H,C Boyeson
3/12/2011,West Ham,Burnley,1,2,A,F Graham
2/12/2011,Crystal Palace,Derby,1,1,D,A D'Urso
29/11/2011,Burnley,Ipswich,4,0,H,N Miller
29/11/2011,Derby,Brighton,0,1,A,G Salisbury
29/11/2011,Leicester,Blackpool,2,0,H,G Scott
29/11/2011,Middlesbrough,West Ham,0,2,A,M Dean
29/11/2011,Millwall,Doncaster,3,2,H,A D'Urso
29/11/2011,Nott'm Forest,Leeds,0,4,A,D Deadman
29/11/2011,Reading,Peterboro,3,2,H,A Woolmer
29/11/2011,Southampton,Hull,2,1,H,O Langford
29/11/2011,Watford,Bristol City,2,2,D,S Mathieson
26/11/2011,Blackpool,Birmingham,2,2,D,F Graham
26/11/2011,Brighton,Coventry,2,1,H,G Ward
26/11/2011,Bristol City,Southampton,2,0,H,C Sarginson
26/11/2011,Cardiff,Nott'm Forest,1,0,H,D Phillips
26/11/2011,Crystal Palace,Millwall,0,0,D,D Webb
26/11/2011,Doncaster,Watford,0,0,D,P Tierney
26/11/2011,Hull,Burnley,2,3,A,A Taylor
26/11/2011,Ipswich,Reading,2,3,A,E Ilderton
26/11/2011,Leeds,Barnsley,1,2,A,G Salisbury
26/11/2011,Peterboro,Middlesbrough,1,1,D,S Attwell
26/11/2011,Portsmouth,Leicester,1,1,D,P Gibbs
26/11/2011,West Ham,Derby,3,1,H,C Webster
22/11/2011,Birmingham,Burnley,2,1,H,R Madley
22/11/2011,Coventry,Cardiff,1,1,D,D Drysdale
20/11/2011,Leicester,Crystal Palace,3,0,H,M Brown
20/11/2011,Millwall,Bristol City,1,2,A,A Bates
19/11/2011,Barnsley,Doncaster,2,0,H,K Friend
19/11/2011,Birmingham,Peterboro,1,1,D,C Webster
19/11/2011,Burnley,Leeds,1,2,A,S Mathieson
19/11/2011,Coventry,West Ham,1,2,A,K Stroud
19/11/2011,Derby,Hull,0,2,A,D Deadman
19/11/2011,Middlesbrough,Blackpool,2,2,D,D Coote
19/11/2011,Nott'm Forest,Ipswich,3,2,H,J Linington
19/11/2011,Reading,Cardiff,1,2,A,D Sheldrake
19/11/2011,Southampton,Brighton,3,0,H,P Walton
19/11/2011,Watford,Portsmouth,2,0,H,G Scott
6/11/2011,Brighton,Barnsley,2,0,H,K Wright
6/11/2011,Leicester,Leeds,0,1,A,O Langford
6/11/2011,Reading,Birmingham,1,0,H,M Halsey
5/11/2011,Blackpool,Millwall,1,0,H,A Haines
5/11/2011,Bristol City,Burnley,3,1,H,G Sutton
5/11/2011,Cardiff,Crystal Palace,2,0,H,S Rushton
5/11/2011,Coventry,Southampton,2,4,A,M Naylor
5/11/2011,Hull,West Ham,0,2,A,N Miller
5/11/2011,Ipswich,Doncaster,2,3,A,S Hooper
5/11/2011,Middlesbrough,Watford,1,0,H,J Waugh
5/11/2011,Peterboro,Derby,3,2,H,I Williamson
5/11/2011,Portsmouth,Nott'm Forest,3,0,H,A Bates
2/11/2011,Derby,Cardiff,0,3,A,E Ilderton
2/11/2011,Leeds,Blackpool,0,5,A,R East
1/11/2011,Barnsley,Hull,2,1,H,P Gibbs
1/11/2011,Burnley,Leicester,1,3,A,G Eltringham
1/11/2011,Crystal Palace,Portsmouth,0,0,D,D Drysdale
1/11/2011,Doncaster,Middlesbrough,1,3,A,D Deadman
1/11/2011,Millwall,Coventry,3,0,H,D Phillips
1/11/2011,Nott'm Forest,Reading,1,0,H,D Webb
1/11/2011,Southampton,Peterboro,2,1,H,G Ward
1/11/2011,Watford,Brighton,1,0,H,O Langford
1/11/2011,West Ham,Bristol City,0,0,D,M Haywood
30/10/2011,Leeds,Cardiff,1,1,D,P Dowd
29/10/2011,Barnsley,Bristol City,1,2,A,P Tierney
29/10/2011,Birmingham,Brighton,0,0,D,S Mathieson
29/10/2011,Burnley,Blackpool,3,1,H,M Oliver
29/10/2011,Crystal Palace,Reading,0,0,D,A Woolmer
29/10/2011,Derby,Portsmouth,3,1,H,C Pawson
29/10/2011,Doncaster,Coventry,1,1,D,C Webster
29/10/2011,Millwall,Ipswich,4,1,H,G Salisbury
29/10/2011,Nott'm Forest,Hull,0,1,A,K Stroud
29/10/2011,Southampton,Middlesbrough,3,0,H,R East
29/10/2011,Watford,Peterboro,3,2,H,A D'Urso
29/10/2011,West Ham,Leicester,3,2,H,J Linington
26/10/2011,Birmingham,Leeds,1,0,H,C Foy
24/10/2011,Brighton,West Ham,0,1,A,K Friend
23/10/2011,Bristol City,Birmingham,0,2,A,R East
22/10/2011,Blackpool,Nott'm Forest,1,2,A,J Waugh
22/10/2011,Cardiff,Barnsley,5,3,H,S Mathieson
22/10/2011,Coventry,Burnley,1,2,A,G Scott
22/10/2011,Hull,Watford,3,2,H,G Sutton
22/10/2011,Ipswich,Crystal Palace,0,1,A,D Phillips
22/10/2011,Leicester,Millwall,0,3,A,E Ilderton
22/10/2011,Middlesbrough,Derby,2,0,H,C Boyeson
22/10/2011,Peterboro,Leeds,2,3,A,K Stroud
22/10/2011,Portsmouth,Doncaster,3,1,H,F Graham
22/10/2011,Reading,Southampton,1,1,D,J Moss
19/10/2011,Leicester,Watford,2,0,H,C Sarginson
18/10/2011,Barnsley,Burnley,2,0,H,L Mason
18/10/2011,Blackpool,Doncaster,2,1,H,G Eltringham
18/10/2011,Crystal Palace,Bristol City,1,0,H,I Williamson
18/10/2011,Ipswich,Portsmouth,1,0,H,G Ward
18/10/2011,Leeds,Coventry,1,1,D,A Haines
18/10/2011,Millwall,Brighton,1,1,D,N Swarbrick
18/10/2011,Nott'm Forest,Middlesbrough,2,0,H,K Wright
18/10/2011,Peterboro,Cardiff,4,3,H,N Miller
18/10/2011,Reading,Derby,2,2,D,R East
18/10/2011,Southampton,West Ham,1,0,H,D Deadman
16/10/2011,Birmingham,Leicester,2,0,H,K Wright
15/10/2011,Brighton,Hull,0,0,D,J Linington
15/10/2011,Bristol City,Peterboro,1,2,A,D Coote
15/10/2011,Burnley,Reading,0,1,A,P Gibbs
15/10/2011,Cardiff,Ipswich,2,2,D,D Whitestone
15/10/2011,Coventry,Nott'm Forest,1,0,H,F Graham
15/10/2011,Derby,Southampton,1,1,D,M Brown
15/10/2011,Middlesbrough,Millwall,1,1,D,R Madley
15/10/2011,Portsmouth,Barnsley,2,0,H,S Hooper
15/10/2011,Watford,Crystal Palace,0,2,A,M Halsey
15/10/2011,West Ham,Blackpool,4,0,H,A D'Urso
14/10/2011,Doncaster,Leeds,0,3,A,K Friend
2/10/2011,Nott'm Forest,Birmingham,1,3,A,M Haywood
1/10/2011,Barnsley,Coventry,2,0,H,G Eltringham
1/10/2011,Blackpool,Bristol City,5,0,H,D Webb
1/10/2011,Crystal Palace,West Ham,2,2,D,K Wright
1/10/2011,Hull,Cardiff,2,1,H,C Webster
1/10/2011,Ipswich,Brighton,3,1,H,D Deadman
1/10/2011,Leeds,Portsmouth,1,0,H,N Miller
1/10/2011,Leicester,Derby,4,0,H,H Webb
1/10/2011,Millwall,Burnley,0,1,A,S Hooper
1/10/2011,Peterboro,Doncaster,1,2,A,D Drysdale
1/10/2011,Reading,Middlesbrough,0,0,D,A Taylor
1/10/2011,Southampton,Watford,4,0,H,C Boyeson
28/09/2011,Cardiff,Southampton,2,1,H,P Gibbs
28/09/2011,Middlesbrough,Leicester,0,0,D,A Bates
27/09/2011,Brighton,Crystal Palace,1,3,A,A D'Urso
27/09/2011,Bristol City,Reading,2,3,A,C Pawson
27/09/2011,Burnley,Nott'm Forest,5,1,H,E Ilderton
27/09/2011,Coventry,Blackpool,2,2,D,A Woolmer
27/09/2011,Derby,Barnsley,1,1,D,N Miller
27/09/2011,Doncaster,Hull,1,1,D,S Rushton
27/09/2011,Portsmouth,Peterboro,2,3,A,P Miller
27/09/2011,Watford,Millwall,2,1,H,F Graham
27/09/2011,West Ham,Ipswich,0,1,A,K Stroud
25/09/2011,Cardiff,Leicester,0,0,D,M Haywood
24/09/2011,Birmingham,Barnsley,1,1,D,D Phillips
24/09/2011,Bristol City,Hull,1,1,D,D Sheldrake
24/09/2011,Burnley,Southampton,1,1,D,A Taylor
24/09/2011,Coventry,Reading,1,1,D,E Ilderton
24/09/2011,Derby,Millwall,3,0,H,C Webster
24/09/2011,Doncaster,Crystal Palace,1,0,H,C Sarginson
24/09/2011,Middlesbrough,Ipswich,0,0,D,S Mathieson
24/09/2011,Portsmouth,Blackpool,1,0,H,D Deadman
24/09/2011,Watford,Nott'm Forest,0,1,A,R Madley
24/09/2011,West Ham,Peterboro,1,0,H,A Bates
23/09/2011,Brighton,Leeds,3,3,D,L Probert
19/09/2011,Ipswich,Coventry,3,0,H,C Pawson
18/09/2011,Southampton,Birmingham,4,1,H,D Whitestone
17/09/2011,Barnsley,Watford,1,1,D,E Ilderton
17/09/2011,Blackpool,Cardiff,1,1,D,J Moss
17/09/2011,Crystal Palace,Middlesbrough,0,1,A,G Sutton
17/09/2011,Hull,Portsmouth,1,0,H,A Haines
17/09/2011,Leeds,Bristol City,2,1,H,F Graham
17/09/2011,Leicester,Brighton,1,0,H,G Scott
17/09/2011,Millwall,West Ham,0,0,D,L Mason
17/09/2011,Nott'm Forest,Derby,1,2,A,S Mathieson
17/09/2011,Peterboro,Burnley,2,1,H,J Waugh
17/09/2011,Reading,Doncaster,2,0,H,G Salisbury
11/09/2011,Birmingham,Millwall,3,0,H,M Dean
10/09/2011,Barnsley,Leicester,1,1,D,D Webb
10/09/2011,Blackpool,Ipswich,2,0,H,C Webster
10/09/2011,Bristol City,Brighton,0,1,A,D Whitestone
10/09/2011,Burnley,Middlesbrough,0,2,A,M Haywood
10/09/2011,Cardiff,Doncaster,2,0,H,K Wright
10/09/2011,Coventry,Derby,2,0,H,C Foy
10/09/2011,Leeds,Crystal Palace,3,2,H,S Mathieson
10/09/2011,Peterboro,Hull,0,1,A,G Eltringham
10/09/2011,Reading,Watford,0,2,A,J Linington
10/09/2011,Southampton,Nott'm Forest,3,2,H,I Williamson
10/09/2011,West Ham,Portsmouth,4,3,H,R East
28/08/2011,Nott'm Forest,West Ham,1,4,A,G Salisbury
28/08/2011,Watford,Birmingham,2,2,D,N Swarbrick
27/08/2011,Brighton,Peterboro,2,0,H,G Ward
27/08/2011,Crystal Palace,Blackpool,1,1,D,A Marriner
27/08/2011,Derby,Burnley,1,2,A,A Haines
27/08/2011,Doncaster,Bristol City,1,1,D,G Scott
27/08/2011,Hull,Reading,1,0,H,O Langford
27/08/2011,Ipswich,Leeds,2,1,H,A D'Urso
27/08/2011,Leicester,Southampton,3,2,H,S Mathieson
27/08/2011,Middlesbrough,Coventry,1,1,D,P Tierney
27/08/2011,Millwall,Barnsley,0,0,D,D Coote
27/08/2011,Portsmouth,Cardiff,1,1,D,A Woolmer
21/08/2011,Middlesbrough,Birmingham,3,1,H,M Brown
21/08/2011,West Ham,Leeds,2,2,D,M Oliver
20/08/2011,Brighton,Blackpool,2,2,D,P Gibbs
20/08/2011,Bristol City,Portsmouth,0,0,D,M Naylor
20/08/2011,Burnley,Cardiff,1,1,D,A Bates
20/08/2011,Coventry,Watford,0,0,D,R East
20/08/2011,Derby,Doncaster,3,0,H,O Langford
20/08/2011,Hull,Crystal Palace,0,1,A,G Salisbury
20/08/2011,Nott'm Forest,Leicester,2,2,D,J Moss
20/08/2011,Peterboro,Ipswich,7,1,H,G Scott
20/08/2011,Reading,Barnsley,1,2,A,B Malone
20/08/2011,Southampton,Millwall,1,0,H,A D'Urso
17/08/2011,Blackpool,Derby,0,1,A,M Haywood
17/08/2011,Cardiff,Brighton,1,3,A,K Stroud
17/08/2011,Leicester,Bristol City,1,2,A,N Miller
17/08/2011,Millwall,Peterboro,2,2,D,N Swarbrick
16/08/2011,Barnsley,Middlesbrough,1,3,A,D Drysdale
16/08/2011,Crystal Palace,Coventry,2,1,H,P Miller
16/08/2011,Doncaster,Nott'm Forest,0,1,A,A Woolmer
16/08/2011,Ipswich,Southampton,2,5,A,J Moss
16/08/2011,Leeds,Hull,4,1,H,E Ilderton
16/08/2011,Portsmouth,Reading,1,0,H,A D'Urso
16/08/2011,Watford,West Ham,0,4,A,D Whitestone
14/08/2011,Blackpool,Peterboro,2,1,H,C Boyeson
14/08/2011,Cardiff,Bristol City,3,1,H,G Salisbury
13/08/2011,Barnsley,Southampton,0,1,A,C Webster
13/08/2011,Birmingham,Coventry,1,0,H,A Bates
13/08/2011,Crystal Palace,Burnley,2,0,H,B Malone
13/08/2011,Doncaster,West Ham,0,1,A,S Mathieson
13/08/2011,Ipswich,Hull,0,1,A,D McDermid
13/08/2011,Leeds,Middlesbrough,0,1,A,A Taylor
13/08/2011,Leicester,Reading,0,2,A,K Stroud
13/08/2011,Millwall,Nott'm Forest,2,0,H,G Scott
13/08/2011,Portsmouth,Brighton,0,1,A,N Swarbrick
13/08/2011,Watford,Derby,0,1,A,D Deadman
7/08/2011,West Ham,Cardiff,0,1,A,H Webb
6/08/2011,Brighton,Doncaster,2,1,H,E Ilderton
6/08/2011,Bristol City,Ipswich,0,3,A,M Haywood
6/08/2011,Burnley,Watford,2,2,D,M Brown
6/08/2011,Coventry,Leicester,0,1,A,D Deadman
6/08/2011,Derby,Birmingham,2,1,H,N Swarbrick
6/08/2011,Middlesbrough,Portsmouth,2,2,D,G Salisbury
6/08/2011,Nott'm Forest,Barnsley,0,0,D,A Haines
6/08/2011,Peterboro,Crystal Palace,2,1,H,J Linington
6/08/2011,Reading,Millwall,2,2,D,A Bates
6/08/2011,Southampton,Leeds,3,1,H,K Wright
5/08/2011,Hull,Blackpool,0,1,A,S Mathieson
7/05/2011,Barnsley,Millwall,1,0,H,M Russell
7/05/2011,Bristol City,Hull,3,0,H,K Wright
7/05/2011,Burnley,Cardiff,1,1,D,C Webster
7/05/2011,Crystal Palace,Nott'm Forest,0,3,A,S Tanner
7/05/2011,Leicester,Ipswich,4,2,H,C Boyeson
7/05/2011,Middlesbrough,Doncaster,3,0,H,I Williamson
7/05/2011,Norwich,Coventry,2,2,D,D Deadman
7/05/2011,Preston,Watford,3,1,H,F Graham
7/05/2011,QPR,Leeds,1,2,A,M Clattenburg
7/05/2011,Reading,Derby,2,1,H,P Miller
7/05/2011,Scunthorpe,Portsmouth,1,1,D,M Atkinson
7/05/2011,Swansea,Sheffield United,4,0,H,E Ilderton
2/05/2011,Cardiff,Middlesbrough,0,3,A,G Scott
2/05/2011,Portsmouth,Norwich,0,1,A,A D'Urso
30/04/2011,Coventry,Reading,0,0,D,J Linington
30/04/2011,Derby,Bristol City,0,2,A,I Williamson
30/04/2011,Doncaster,Leicester,1,1,D,D Deadman
30/04/2011,Hull,Crystal Palace,1,1,D,A Woolmer
30/04/2011,Ipswich,Preston,2,1,H,K Wright
30/04/2011,Leeds,Burnley,1,0,H,P Crossley
30/04/2011,Millwall,Swansea,0,2,A,M Oliver
30/04/2011,Nott'm Forest,Scunthorpe,5,1,H,D Whitestone
30/04/2011,Sheffield United,Barnsley,2,2,D,G Salisbury
30/04/2011,Watford,QPR,0,2,A,N Swarbrick
25/04/2011,Barnsley,Doncaster,2,2,D,P Walton
25/04/2011,Bristol City,Nott'm Forest,2,3,A,R East
25/04/2011,Burnley,Portsmouth,1,1,D,C Boyeson
25/04/2011,Crystal Palace,Leeds,1,0,H,N Swarbrick
25/04/2011,Leicester,Watford,4,2,H,A Bates
25/04/2011,Middlesbrough,Coventry,2,1,H,G Ward
25/04/2011,Norwich,Derby,3,2,H,A Haines
25/04/2011,Preston,Cardiff,0,1,A,P Gibbs
25/04/2011,QPR,Hull,1,1,D,C Webster
25/04/2011,Reading,Sheffield United,2,3,A,K Wright
25/04/2011,Scunthorpe,Millwall,1,2,A,J Moss
25/04/2011,Swansea,Ipswich,4,1,H,J Linington
23/04/2011,Cardiff,QPR,2,2,D,L Mason
23/04/2011,Derby,Burnley,2,4,A,M Russell
23/04/2011,Hull,Middlesbrough,2,4,A,P Miller
23/04/2011,Millwall,Preston,4,0,H,C Boyeson
23/04/2011,Portsmouth,Swansea,0,0,D,D Deadman
23/04/2011,Sheffield United,Bristol City,3,2,H,A D'Urso
23/04/2011,Watford,Barnsley,1,0,H,D McDermid
22/04/2011,Coventry,Scunthorpe,1,1,D,A Bates
22/04/2011,Doncaster,Crystal Palace,0,0,D,C Webster
22/04/2011,Leeds,Reading,0,0,D,E Ilderton
22/04/2011,Nott'm Forest,Leicester,3,2,H,M Clattenburg
21/04/2011,Ipswich,Norwich,1,5,A,J Moss
19/04/2011,Burnley,Middlesbrough,3,1,H,M Haywood
18/04/2011,QPR,Derby,0,0,D,D Deadman
16/04/2011,Bristol City,Ipswich,0,1,A,R Booth
16/04/2011,Burnley,Swansea,2,1,H,D Webb
16/04/2011,Cardiff,Portsmouth,3,0,H,K Wright
16/04/2011,Coventry,Millwall,2,1,H,R East
16/04/2011,Crystal Palace,Scunthorpe,1,2,A,K Stroud
16/04/2011,Hull,Doncaster,3,1,H,M Clattenburg
16/04/2011,Leeds,Watford,2,2,D,A Woolmer
16/04/2011,Middlesbrough,Barnsley,1,1,D,C Sarginson
16/04/2011,Preston,Sheffield United,3,1,H,S Tanner
16/04/2011,Reading,Leicester,3,1,H,G Salisbury
15/04/2011,Norwich,Nott'm Forest,2,1,H,N Swarbrick
12/04/2011,Barnsley,QPR,0,1,A,A Bates
12/04/2011,Derby,Leeds,2,1,H,G Salisbury
12/04/2011,Doncaster,Preston,1,1,D,S Mathieson
12/04/2011,Ipswich,Middlesbrough,3,3,D,M Russell
12/04/2011,Leicester,Crystal Palace,1,1,D,I Williamson
12/04/2011,Millwall,Bristol City,0,0,D,K Stroud
12/04/2011,Nott'm Forest,Burnley,2,0,H,J Moss
12/04/2011,Portsmouth,Coventry,0,3,A,D Whitestone
12/04/2011,Scunthorpe,Reading,0,2,A,A Woolmer
12/04/2011,Sheffield United,Cardiff,0,2,A,M Oliver
12/04/2011,Swansea,Hull,1,1,D,R Booth
12/04/2011,Watford,Norwich,2,2,D,A Taylor
9/04/2011,Barnsley,Bristol City,4,2,H,N Miller
9/04/2011,Derby,Coventry,2,2,D,R Booth
9/04/2011,Doncaster,Cardiff,1,3,A,S Hooper
9/04/2011,Ipswich,Crystal Palace,2,1,H,G Salisbury
9/04/2011,Leicester,Burnley,4,0,H,M Dean
9/04/2011,Millwall,Leeds,3,2,H,S Mathieson
9/04/2011,Nott'm Forest,Reading,3,4,A,C Pawson
9/04/2011,Portsmouth,Preston,1,1,D,D McDermid
9/04/2011,Scunthorpe,QPR,4,1,H,E Ilderton
9/04/2011,Sheffield United,Middlesbrough,1,2,A,A Woolmer
9/04/2011,Swansea,Norwich,3,0,H,A Bates
9/04/2011,Watford,Hull,1,2,A,D Phillips
5/04/2011,Reading,Preston,2,1,H,M Haywood
4/04/2011,QPR,Sheffield United,3,0,H,K Stroud
2/04/2011,Bristol City,Doncaster,1,0,H,P Crossley
2/04/2011,Burnley,Ipswich,1,2,A,T Kettle
2/04/2011,Cardiff,Derby,4,1,H,J Linington
2/04/2011,Coventry,Watford,2,0,H,C Boyeson
2/04/2011,Crystal Palace,Barnsley,2,1,H,K Evans
2/04/2011,Hull,Millwall,0,1,A,A D'Urso
2/04/2011,Leeds,Nott'm Forest,4,1,H,M Halsey
2/04/2011,Middlesbrough,Leicester,3,3,D,A Haines
2/04/2011,Norwich,Scunthorpe,6,0,H,O Langford
2/04/2011,Preston,Swansea,2,1,H,D Foster
2/04/2011,Reading,Portsmouth,2,0,H,K Friend
19/03/2011,Barnsley,Reading,0,1,A,S Tanner
19/03/2011,Bristol City,Burnley,2,0,H,M Brown
19/03/2011,Crystal Palace,Derby,2,2,D,J Moss
19/03/2011,Doncaster,QPR,0,1,A,P Gibbs
19/03/2011,Hull,Norwich,1,1,D,R Shoebridge
19/03/2011,Ipswich,Scunthorpe,2,0,H,D Webb
19/03/2011,Leicester,Portsmouth,0,1,A,P Tierney
19/03/2011,Middlesbrough,Watford,2,1,H,G Sutton
19/03/2011,Millwall,Cardiff,3,3,D,A Taylor
19/03/2011,Preston,Coventry,2,1,H,G Hegley
19/03/2011,Sheffield United,Leeds,2,0,H,M Jones
19/03/2011,Swansea,Nott'm Forest,3,2,H,S Mathieson
15/03/2011,Burnley,Coventry,2,2,D,M Naylor
15/03/2011,Ipswich,Watford,0,3,A,G Hegley
15/03/2011,Scunthorpe,Preston,0,3,A,N Miller
14/03/2011,Norwich,Bristol City,3,1,H,C Boyeson
13/03/2011,Cardiff,Barnsley,2,2,D,R Booth
12/03/2011,Burnley,Millwall,0,3,A,E Ilderton
12/03/2011,Coventry,Hull,0,1,A,S Tanner
12/03/2011,Derby,Swansea,2,1,H,G Scott
12/03/2011,Leeds,Ipswich,0,0,D,D Deadman
12/03/2011,Nott'm Forest,Doncaster,0,0,D,K Stroud
12/03/2011,Portsmouth,Middlesbrough,0,0,D,P Crossley
12/03/2011,QPR,Crystal Palace,2,1,H,M Atkinson
12/03/2011,Scunthorpe,Leicester,0,3,A,R Shoebridge
12/03/2011,Watford,Sheffield United,3,0,H,D Whitestone
8/03/2011,Barnsley,Scunthorpe,2,1,H,K Wright
8/03/2011,Bristol City,Portsmouth,2,1,H,J Moss
8/03/2011,Crystal Palace,Cardiff,1,0,H,M Russell
8/03/2011,Doncaster,Coventry,1,1,D,D Webb
8/03/2011,Hull,Burnley,0,1,A,D Deadman
8/03/2011,Ipswich,Reading,1,3,A,D McDermid
8/03/2011,Leicester,Norwich,2,3,A,C Foy
8/03/2011,Middlesbrough,Derby,2,1,H,K Evans
8/03/2011,Millwall,QPR,2,0,H,S Tanner
8/03/2011,Preston,Leeds,1,2,A,R Shoebridge
8/03/2011,Sheffield United,Nott'm Forest,2,1,H,A Bates
8/03/2011,Swansea,Watford,1,1,D,L Mason
5/03/2011,Burnley,Crystal Palace,1,0,H,A D'Urso
5/03/2011,Cardiff,Ipswich,0,2,A,A Bates
5/03/2011,Coventry,Bristol City,1,4,A,G Ward
5/03/2011,Derby,Barnsley,0,0,D,D Deadman
5/03/2011,Leeds,Doncaster,5,2,H,L Probert
5/03/2011,Norwich,Preston,1,1,D,C Pawson
5/03/2011,Nott'm Forest,Hull,0,1,A,S Hooper
5/03/2011,Portsmouth,Sheffield United,1,0,H,R Booth
5/03/2011,QPR,Leicester,1,0,H,R East
5/03/2011,Reading,Middlesbrough,5,2,H,N Swarbrick
5/03/2011,Scunthorpe,Swansea,1,0,H,K Hill
5/03/2011,Watford,Millwall,1,0,H,G Salisbury
1/03/2011,Derby,Doncaster,1,3,A,K Hill
1/03/2011,Middlesbrough,Nott'm Forest,1,1,D,E Ilderton
1/03/2011,Portsmouth,Scunthorpe,2,0,H,G Salisbury
26/02/2011,Barnsley,Norwich,0,2,A,E Ilderton
26/02/2011,Bristol City,Scunthorpe,2,0,H,S Hooper
26/02/2011,Crystal Palace,Reading,3,3,D,A Bates
26/02/2011,Doncaster,Watford,1,1,D,N Miller
26/02/2011,Hull,Cardiff,0,2,A,P Tierney
26/02/2011,Ipswich,Portsmouth,0,2,A,S Mathieson
26/02/2011,Leicester,Coventry,1,1,D,G Scott
26/02/2011,Middlesbrough,QPR,0,3,A,K Stroud
26/02/2011,Millwall,Nott'm Forest,0,0,D,K Hill
26/02/2011,Preston,Burnley,1,2,A,H Webb
26/02/2011,Sheffield United,Derby,0,1,A,R East
26/02/2011,Swansea,Leeds,3,0,H,P Dowd
22/02/2011,Cardiff,Leicester,2,0,H,D McDermid
22/02/2011,Coventry,Swansea,0,1,A,K Stroud
22/02/2011,Derby,Hull,0,1,A,A Woolmer
22/02/2011,Leeds,Barnsley,3,3,D,M Clattenburg
22/02/2011,Norwich,Doncaster,1,1,D,R Booth
22/02/2011,Nott'm Forest,Preston,2,2,D,D Deadman
22/02/2011,Portsmouth,Crystal Palace,1,0,H,B Malone
22/02/2011,QPR,Ipswich,2,0,H,K Wright
22/02/2011,Reading,Millwall,2,1,H,D Whitestone
22/02/2011,Scunthorpe,Sheffield United,3,2,H,D Foster
22/02/2011,Watford,Bristol City,1,3,A,C Pawson
19/02/2011,Crystal Palace,Sheffield United,1,0,H,K Hill
19/02/2011,Ipswich,Hull,1,1,D,C Pawson
19/02/2011,Leeds,Norwich,2,2,D,N Swarbrick
19/02/2011,Millwall,Middlesbrough,2,3,A,C Sarginson
19/02/2011,Nott'm Forest,Cardiff,2,1,H,J Moss
19/02/2011,Portsmouth,Barnsley,1,0,H,R East
19/02/2011,Preston,QPR,1,1,D,A Haines
19/02/2011,Reading,Watford,1,1,D,P Walton
19/02/2011,Scunthorpe,Derby,0,0,D,S Mathieson
19/02/2011,Swansea,Doncaster,3,0,H,P Miller
18/02/2011,Leicester,Bristol City,2,1,H,R Booth
16/02/2011,Scunthorpe,Nott'm Forest,1,0,H,M Russell
15/02/2011,Cardiff,Burnley,1,1,D,R East
15/02/2011,Doncaster,Ipswich,0,6,A,M Halsey
15/02/2011,Sheffield United,Reading,1,1,D,T Kettle
15/02/2011,Watford,Preston,2,2,D,K Friend
13/02/2011,QPR,Nott'm Forest,1,1,D,M Clattenburg
12/02/2011,Barnsley,Ipswich,1,1,D,D Drysdale
12/02/2011,Bristol City,Leeds,0,2,A,J Linington
12/02/2011,Cardiff,Scunthorpe,1,0,H,P Crossley
12/02/2011,Coventry,Crystal Palace,2,1,H,K Wright
12/02/2011,Derby,Leicester,0,2,A,C Webster
12/02/2011,Doncaster,Portsmouth,0,2,A,A Haines
12/02/2011,Hull,Preston,1,0,H,E Ilderton
12/02/2011,Middlesbrough,Swansea,3,4,A,R Madley
12/02/2011,Norwich,Reading,2,1,H,S Mathieson
12/02/2011,Sheffield United,Millwall,1,1,D,D Deadman
12/02/2011,Watford,Burnley,1,3,A,A Bates
6/02/2011,Swansea,Cardiff,0,1,A,M Halsey
5/02/2011,Burnley,Norwich,2,1,H,P Gibbs
5/02/2011,Crystal Palace,Middlesbrough,1,0,H,R East
5/02/2011,Ipswich,Sheffield United,3,0,H,D Phillips
5/02/2011,Leeds,Coventry,1,0,H,M Russell
5/02/2011,Leicester,Barnsley,4,1,H,K Hill
5/02/2011,Millwall,Doncaster,1,0,H,K Stroud
5/02/2011,Nott'm Forest,Watford,1,0,H,G Scott
5/02/2011,Portsmouth,Derby,1,1,D,N Swarbrick
5/02/2011,Preston,Bristol City,0,4,A,A Bates
5/02/2011,Scunthorpe,Hull,1,5,A,M Haywood
4/02/2011,Reading,QPR,0,1,A,R Booth
1/02/2011,Barnsley,Preston,2,0,H,R Booth
1/02/2011,Bristol City,Swansea,0,2,A,D Whitestone
1/02/2011,Cardiff,Reading,2,2,D,G Ward
1/02/2011,Coventry,Nott'm Forest,1,2,A,A D'Urso
1/02/2011,Derby,Ipswich,1,2,A,C Boyeson
1/02/2011,Doncaster,Burnley,1,0,H,O Langford
1/02/2011,Hull,Leeds,2,2,D,G Salisbury
1/02/2011,Middlesbrough,Scunthorpe,2,0,H,R Lewis
1/02/2011,Norwich,Millwall,2,1,H,P Miller
1/02/2011,QPR,Portsmouth,2,0,H,G Hegley
1/02/2011,Sheffield United,Leicester,0,1,A,D Webb
1/02/2011,Watford,Crystal Palace,1,1,D,K Stroud
29/01/2011,Crystal Palace,Norwich,0,0,D,D McDermid
29/01/2011,Hull,QPR,0,0,D,K Hill
28/01/2011,Millwall,Barnsley,2,0,H,G Scott
25/01/2011,Doncaster,Barnsley,0,2,A,M Haywood
25/01/2011,Nott'm Forest,Bristol City,1,0,H,D McDermid
25/01/2011,Portsmouth,Burnley,1,2,A,S Attwell
23/01/2011,QPR,Coventry,2,1,H,M Haywood
22/01/2011,Barnsley,Swansea,1,1,D,P Gibbs
22/01/2011,Cardiff,Watford,4,2,H,S Tanner
22/01/2011,Crystal Palace,Bristol City,0,0,D,M Naylor
22/01/2011,Derby,Nott'm Forest,0,1,A,G Salisbury
22/01/2011,Ipswich,Doncaster,3,2,H,M Brown
22/01/2011,Leicester,Millwall,4,2,H,E Ilderton
22/01/2011,Middlesbrough,Preston,1,1,D,M Russell
22/01/2011,Portsmouth,Leeds,2,2,D,A Taylor
22/01/2011,Reading,Hull,1,1,D,J Linington
22/01/2011,Scunthorpe,Burnley,0,0,D,G Hegley
22/01/2011,Sheffield United,Norwich,1,2,A,A Haines
15/01/2011,Bristol City,Middlesbrough,0,4,A,D Drysdale
15/01/2011,Burnley,QPR,0,0,D,M Jones
15/01/2011,Coventry,Sheffield United,0,0,D,C Webster
15/01/2011,Doncaster,Reading,0,3,A,E Ilderton
15/01/2011,Hull,Barnsley,2,0,H,P Quinn
15/01/2011,Leeds,Scunthorpe,4,0,H,F Graham
15/01/2011,Millwall,Ipswich,2,1,H,I Williamson
15/01/2011,Norwich,Cardiff,1,1,D,K Stroud
15/01/2011,Nott'm Forest,Portsmouth,2,1,H,K Friend
15/01/2011,Preston,Leicester,1,1,D,D Coote
15/01/2011,Swansea,Crystal Palace,3,0,H,J Moss
15/01/2011,Watford,Derby,3,0,H,G Ward
4/01/2011,Cardiff,Leeds,2,1,H,A D'Urso
3/01/2011,Barnsley,Coventry,2,1,H,C Boyeson
3/01/2011,Crystal Palace,Preston,1,0,H,K Hill
3/01/2011,Derby,Millwall,0,0,D,K Wright
3/01/2011,Ipswich,Nott'm Forest,0,1,A,D Sheldrake
3/01/2011,Leicester,Swansea,2,1,H,D Deadman
3/01/2011,Middlesbrough,Norwich,1,1,D,G Salisbury
3/01/2011,Portsmouth,Hull,2,3,A,R Shoebridge
3/01/2011,QPR,Bristol City,2,2,D,F Graham
3/01/2011,Reading,Burnley,2,1,H,G Scott
3/01/2011,Scunthorpe,Watford,1,2,A,A Haines
3/01/2011,Sheffield United,Doncaster,2,2,D,A Bates
1/01/2011,Bristol City,Cardiff,3,0,H,S Attwell
1/01/2011,Burnley,Sheffield United,4,2,H,R Shoebridge
1/01/2011,Coventry,Ipswich,1,1,D,R Booth
1/01/2011,Doncaster,Scunthorpe,3,0,H,P Tierney
1/01/2011,Hull,Leicester,0,1,A,D Webb
1/01/2011,Leeds,Middlesbrough,1,1,D,C Webster
1/01/2011,Millwall,Crystal Palace,3,0,H,N Swarbrick
1/01/2011,Norwich,QPR,1,0,H,J Moss
1/01/2011,Nott'm Forest,Barnsley,2,2,D,D Whitestone
1/01/2011,Preston,Derby,1,2,A,R Madley
1/01/2011,Swansea,Reading,1,0,H,S Hooper
1/01/2011,Watford,Portsmouth,3,0,H,A D'Urso
29/12/2010,Nott'm Forest,Derby,5,2,H,A Bates
28/12/2010,Bristol City,Crystal Palace,1,1,D,P Tierney
28/12/2010,Burnley,Scunthorpe,0,2,A,A Woolmer
28/12/2010,Coventry,QPR,0,2,A,N Swarbrick
28/12/2010,Hull,Reading,1,1,D,D Foster
28/12/2010,Leeds,Portsmouth,3,3,D,D Webb
28/12/2010,Millwall,Leicester,2,0,H,M Russell
28/12/2010,Norwich,Sheffield United,4,2,H,P Crossley
28/12/2010,Preston,Middlesbrough,1,3,A,C Pawson
28/12/2010,Swansea,Barnsley,1,0,H,G Ward
28/12/2010,Watford,Cardiff,4,1,H,M Haywood
26/12/2010,Barnsley,Burnley,1,2,A,C Webster
26/12/2010,Cardiff,Coventry,2,0,H,G Salisbury
26/12/2010,Leicester,Leeds,2,2,D,A Bates
26/12/2010,Portsmouth,Millwall,1,1,D,D Phillips
26/12/2010,QPR,Swansea,4,0,H,P Crossley
26/12/2010,Reading,Bristol City,4,1,H,K Friend
26/12/2010,Sheffield United,Hull,2,3,A,S Mathieson
18/12/2010,Coventry,Norwich,1,2,A,C Sarginson
18/12/2010,Derby,Reading,1,2,A,D Deadman
18/12/2010,Hull,Bristol City,2,0,H,C Webster
18/12/2010,Ipswich,Leicester,3,0,H,S Attwell
18/12/2010,Leeds,QPR,2,0,H,S Mathieson
18/12/2010,Nott'm Forest,Crystal Palace,3,0,H,N Swarbrick
18/12/2010,Sheffield United,Swansea,1,0,H,M Russell
17/12/2010,Doncaster,Middlesbrough,2,1,H,C Boyeson
11/12/2010,Barnsley,Sheffield United,1,0,H,M Jones
11/12/2010,Bristol City,Derby,2,0,H,D Sheldrake
11/12/2010,Burnley,Leeds,2,3,A,R Booth
11/12/2010,Crystal Palace,Hull,0,0,D,S Tanner
11/12/2010,Leicester,Doncaster,5,1,H,J Linington
11/12/2010,Middlesbrough,Cardiff,1,0,H,A Bates
11/12/2010,Norwich,Portsmouth,0,2,A,S Hooper
11/12/2010,Preston,Ipswich,1,0,H,E Ilderton
11/12/2010,Reading,Coventry,0,0,D,P Teirney
10/12/2010,QPR,Watford,1,3,A,D Deadman
10/12/2010,Swansea,Millwall,1,1,D,D Whitestone
4/12/2010,Cardiff,Preston,1,1,D,D Deadman
4/12/2010,Coventry,Middlesbrough,1,0,H,D Whitestone
4/12/2010,Derby,Norwich,1,2,A,K Stroud
4/12/2010,Ipswich,Swansea,1,3,A,A D'Urso
4/12/2010,Leeds,Crystal Palace,2,1,H,A Haines
4/12/2010,Millwall,Scunthorpe,3,0,H,R Booth
4/12/2010,Watford,Leicester,3,2,H,K Wright
29/11/2010,Leicester,Nott'm Forest,1,0,H,M Oliver
28/11/2010,Norwich,Ipswich,4,1,H,K Hill
27/11/2010,Barnsley,Watford,0,0,D,G Salisbury
27/11/2010,Bristol City,Sheffield United,3,0,H,P Miller
27/11/2010,Burnley,Derby,2,1,H,M Haywood
27/11/2010,Crystal Palace,Doncaster,1,0,H,A D'Urso
27/11/2010,Middlesbrough,Hull,2,2,D,P Crossley
27/11/2010,Preston,Millwall,0,0,D,K Wright
27/11/2010,QPR,Cardiff,2,1,H,K Friend
27/11/2010,Reading,Leeds,0,0,D,F Graham
27/11/2010,Scunthorpe,Coventry,0,2,A,C Pawson
26/11/2010,Swansea,Portsmouth,1,2,A,S Tanner
20/11/2010,Barnsley,Portsmouth,1,0,H,D Foster
20/11/2010,Bristol City,Leicester,2,0,H,C Pawson
20/11/2010,Cardiff,Nott'm Forest,0,2,A,C Webster
20/11/2010,Coventry,Burnley,1,0,H,D Webb
20/11/2010,Derby,Scunthorpe,3,2,H,J Linington
20/11/2010,Doncaster,Swansea,1,1,D,D Deadman
20/11/2010,Hull,Ipswich,1,0,H,A Haines
20/11/2010,Middlesbrough,Millwall,0,1,A,T Kettle
20/11/2010,Norwich,Leeds,1,1,D,M Russell
20/11/2010,QPR,Preston,3,1,H,D Phillips
20/11/2010,Sheffield United,Crystal Palace,3,2,H,A Taylor
20/11/2010,Watford,Reading,1,1,D,S Hooper
14/11/2010,Swansea,Middlesbrough,1,0,H,K Hill
13/11/2010,Burnley,Watford,3,2,H,C Sarginson
13/11/2010,Crystal Palace,Coventry,2,0,H,P Miller
13/11/2010,Ipswich,Barnsley,1,3,A,P Tierney
13/11/2010,Leeds,Bristol City,3,1,H,P Crossley
13/11/2010,Leicester,Derby,2,0,H,S Tanner
13/11/2010,Millwall,Sheffield United,0,1,A,A Bates
13/11/2010,Nott'm Forest,QPR,0,0,D,A D'Urso
13/11/2010,Portsmouth,Doncaster,2,3,A,G Scott
13/11/2010,Reading,Norwich,3,3,D,M Oliver
13/11/2010,Scunthorpe,Cardiff,2,4,A,E Ilderton
12/11/2010,Preston,Hull,0,2,A,T Kettle
10/11/2010,Leicester,Sheffield United,2,2,D,P Gibbs
10/11/2010,Reading,Cardiff,1,1,D,A D'Urso
10/11/2010,Swansea,Bristol City,0,1,A,G Scott
9/11/2010,Burnley,Doncaster,1,1,D,D Foster
9/11/2010,Crystal Palace,Watford,3,2,H,A Penn
9/11/2010,Ipswich,Derby,0,2,A,R East
9/11/2010,Leeds,Hull,2,2,D,K Friend
9/11/2010,Millwall,Norwich,1,1,D,M Haywood
9/11/2010,Nott'm Forest,Coventry,2,1,H,A Marriner
9/11/2010,Portsmouth,QPR,1,1,D,G Ward
9/11/2010,Preston,Barnsley,1,2,A,O Langford
9/11/2010,Scunthorpe,Middlesbrough,0,2,A,K Wright
7/11/2010,Cardiff,Swansea,0,1,A,M Jones
6/11/2010,Barnsley,Leicester,0,2,A,N Swarbrick
6/11/2010,Bristol City,Preston,1,1,D,D Whitestone
6/11/2010,Coventry,Leeds,2,3,A,K Stroud
6/11/2010,Derby,Portsmouth,2,0,H,C Webster
6/11/2010,Doncaster,Millwall,2,1,H,S Mathieson
6/11/2010,Hull,Scunthorpe,0,1,A,A Taylor
6/11/2010,Middlesbrough,Crystal Palace,2,1,H,M Haywood
6/11/2010,Norwich,Burnley,2,2,D,T Kettle
6/11/2010,QPR,Reading,3,1,H,S Tanner
6/11/2010,Sheffield United,Ipswich,1,2,A,G Salisbury
6/11/2010,Watford,Nott'm Forest,1,1,D,J Moss
30/10/2010,Barnsley,Hull,1,1,D,A D'Urso
30/10/2010,Cardiff,Norwich,3,1,H,G Scott
30/10/2010,Crystal Palace,Swansea,0,3,A,F Graham
30/10/2010,Derby,Watford,4,1,H,P Tierney
30/10/2010,Ipswich,Millwall,2,0,H,K Friend
30/10/2010,Leicester,Preston,1,0,H,G Ward
30/10/2010,Middlesbrough,Bristol City,1,2,A,C Boyeson
30/10/2010,Portsmouth,Nott'm Forest,2,1,H,M Haywood
30/10/2010,QPR,Burnley,1,1,D,I Williamson
30/10/2010,Reading,Doncaster,4,3,H,G Hegley
30/10/2010,Scunthorpe,Leeds,1,4,A,R Booth
30/10/2010,Sheffield United,Coventry,0,1,A,D Foster
25/10/2010,Leeds,Cardiff,0,4,A,M Oliver
23/10/2010,Burnley,Reading,0,4,A,N Miller
23/10/2010,Coventry,Barnsley,3,0,H,A Bates
23/10/2010,Doncaster,Sheffield United,2,0,H,K Hill
23/10/2010,Hull,Portsmouth,1,2,A,D Deadman
23/10/2010,Millwall,Derby,2,0,H,G Salisbury
23/10/2010,Norwich,Middlesbrough,1,0,H,J Linington
23/10/2010,Nott'm Forest,Ipswich,2,0,H,A Woolmer
23/10/2010,Preston,Crystal Palace,4,3,H,G Eltringham
23/10/2010,Swansea,Leicester,2,0,H,K Stroud
23/10/2010,Watford,Scunthorpe,0,2,A,R East
22/10/2010,Bristol City,QPR,1,1,D,L Mason
19/10/2010,Bristol City,Reading,1,0,H,C Sarginson
19/10/2010,Burnley,Barnsley,3,0,H,A Haines
19/10/2010,Coventry,Cardiff,1,2,A,J Linington
19/10/2010,Doncaster,Derby,2,3,A,K Evans
19/10/2010,Hull,Sheffield United,0,1,A,K Friend
19/10/2010,Leeds,Leicester,1,2,A,D Whitestone
19/10/2010,Millwall,Portsmouth,0,1,A,A Woolmer
19/10/2010,Norwich,Crystal Palace,1,2,A,G Hegley
19/10/2010,Nott'm Forest,Middlesbrough,1,0,H,S Tanner
19/10/2010,Preston,Scunthorpe,2,3,A,S Mathieson
19/10/2010,Swansea,QPR,0,0,D,S Hooper
19/10/2010,Watford,Ipswich,2,1,H,G Scott
16/10/2010,Barnsley,Nott'm Forest,3,1,H,P Crossley
16/10/2010,Cardiff,Bristol City,3,2,H,J Moss
16/10/2010,Crystal Palace,Millwall,0,1,A,M Russell
16/10/2010,Derby,Preston,3,0,H,A D'Urso
16/10/2010,Ipswich,Coventry,1,2,A,R Shoebridge
16/10/2010,Leicester,Hull,1,1,D,N Miller
16/10/2010,Middlesbrough,Leeds,1,2,A,C Foy
16/10/2010,Portsmouth,Watford,3,2,H,D McDermid
16/10/2010,QPR,Norwich,0,0,D,A Penn
16/10/2010,Reading,Swansea,0,1,A,O Langford
16/10/2010,Scunthorpe,Doncaster,1,3,A,M Oliver
16/10/2010,Sheffield United,Burnley,3,3,D,E Ilderton
2/10/2010,Barnsley,Cardiff,1,2,A,T Kettle
2/10/2010,Bristol City,Norwich,0,3,A,F Graham
2/10/2010,Crystal Palace,QPR,1,2,A,K Friend
2/10/2010,Doncaster,Nott'm Forest,1,1,D,G Salisbury
2/10/2010,Hull,Coventry,0,0,D,S Rushton
2/10/2010,Ipswich,Leeds,2,1,H,K Hill
2/10/2010,Leicester,Scunthorpe,3,1,H,G Hegley
2/10/2010,Middlesbrough,Portsmouth,2,2,D,R Shoebridge
2/10/2010,Millwall,Burnley,1,1,D,K Stroud
2/10/2010,Preston,Reading,1,1,D,J Waugh
2/10/2010,Sheffield United,Watford,0,1,A,C Webster
2/10/2010,Swansea,Derby,0,0,D,P Gibbs
28/09/2010,Burnley,Hull,4,0,H,A Bates
28/09/2010,Cardiff,Crystal Palace,0,0,D,S Tanner
28/09/2010,Coventry,Doncaster,2,1,H,A Penn
28/09/2010,Derby,Middlesbrough,3,1,H,C Pawson
28/09/2010,Leeds,Preston,4,6,A,N Miller
28/09/2010,Norwich,Leicester,4,3,H,P Walton
28/09/2010,Nott'm Forest,Sheffield United,1,1,D,M Russell
28/09/2010,Portsmouth,Bristol City,3,1,H,G Horwood
28/09/2010,QPR,Millwall,0,0,D,L Probert
28/09/2010,Reading,Ipswich,1,0,H,P Crossley
28/09/2010,Scunthorpe,Barnsley,0,0,D,R Shoebridge
28/09/2010,Watford,Swansea,2,3,A,I Williamson
25/09/2010,Burnley,Bristol City,0,0,D,S Mathieson
25/09/2010,Cardiff,Millwall,2,1,H,L Mason
25/09/2010,Coventry,Preston,1,2,A,C Boyeson
25/09/2010,Derby,Crystal Palace,5,0,H,A Bates
25/09/2010,Leeds,Sheffield United,1,0,H,A Taylor
25/09/2010,Norwich,Hull,0,2,A,D Foster
25/09/2010,Nott'm Forest,Swansea,3,1,H,N Swarbrick
25/09/2010,QPR,Doncaster,3,0,H,R East
25/09/2010,Reading,Barnsley,3,0,H,P Miller
25/09/2010,Scunthorpe,Ipswich,1,1,D,M Haywood
25/09/2010,Watford,Middlesbrough,3,1,H,F Graham
24/09/2010,Portsmouth,Leicester,6,1,H,K Hill
18/09/2010,Barnsley,Derby,1,1,D,D Webb
18/09/2010,Bristol City,Coventry,1,2,A,I Williamson
18/09/2010,Crystal Palace,Burnley,0,0,D,J Linnington
18/09/2010,Hull,Nott'm Forest,0,0,D,M Halsey
18/09/2010,Ipswich,Cardiff,2,0,H,F Graham
18/09/2010,Leicester,QPR,0,2,A,G Scott
18/09/2010,Middlesbrough,Reading,3,1,H,G Salisbury
18/09/2010,Millwall,Watford,1,6,A,R Shoebridge
18/09/2010,Preston,Norwich,0,1,A,C Webster
18/09/2010,Sheffield United,Portsmouth,1,0,H,G Hegley
18/09/2010,Swansea,Scunthorpe,2,0,H,D McDermid
17/09/2010,Doncaster,Leeds,0,0,D,A Woolmer
14/09/2010,Barnsley,Leeds,5,2,H,S Tanner
14/09/2010,Bristol City,Watford,0,2,A,P Gibbs
14/09/2010,Crystal Palace,Portsmouth,4,1,H,P Walton
14/09/2010,Doncaster,Norwich,3,1,H,E Ilderton
14/09/2010,Hull,Derby,2,0,H,D Whitestone
14/09/2010,Ipswich,QPR,0,3,A,K Stroud
14/09/2010,Leicester,Cardiff,2,1,H,K Evans
14/09/2010,Middlesbrough,Burnley,2,1,H,J Moss
14/09/2010,Millwall,Reading,0,0,D,D Phillips
14/09/2010,Preston,Nott'm Forest,1,2,A,R Shoebridge
14/09/2010,Sheffield United,Scunthorpe,0,4,A,N Swarbrick
14/09/2010,Swansea,Coventry,2,1,H,G Sutton
11/09/2010,Burnley,Preston,4,3,H,K Friend
11/09/2010,Cardiff,Hull,2,0,H,O Langford
11/09/2010,Coventry,Leicester,1,1,D,A Taylor
11/09/2010,Derby,Sheffield United,0,1,A,P Crossley
11/09/2010,Leeds,Swansea,2,1,H,G Hegley
11/09/2010,Norwich,Barnsley,2,1,H,G Ward
11/09/2010,Nott'm Forest,Millwall,1,1,D,N Miller
11/09/2010,Portsmouth,Ipswich,0,0,D,S Tanner
11/09/2010,QPR,Middlesbrough,3,0,H,M Russell
11/09/2010,Reading,Crystal Palace,3,0,H,K Hill
11/09/2010,Scunthorpe,Bristol City,0,2,A,A Haines
11/09/2010,Watford,Doncaster,2,2,D,D Sheldrake
28/08/2010,Barnsley,Middlesbrough,2,0,H,K Hill
28/08/2010,Derby,QPR,2,2,D,M Haywood
28/08/2010,Doncaster,Hull,3,1,H,L Mason
28/08/2010,Ipswich,Bristol City,2,0,H,M Russell
28/08/2010,Leicester,Reading,1,2,A,C Webster
28/08/2010,Millwall,Coventry,3,1,H,J Moss
28/08/2010,Nott'm Forest,Norwich,1,1,D,S Mathieson
28/08/2010,Portsmouth,Cardiff,0,2,A,A Penn
28/08/2010,Scunthorpe,Crystal Palace,3,0,H,D Whitestone
28/08/2010,Sheffield United,Preston,1,0,H,I Williamson
28/08/2010,Swansea,Burnley,1,0,H,S Tanner
28/08/2010,Watford,Leeds,0,1,A,J Linington
22/08/2010,Middlesbrough,Sheffield United,1,0,H,D Whitestone
21/08/2010,Bristol City,Barnsley,3,3,D,A Penn
21/08/2010,Burnley,Leicester,3,0,H,G Eltringham
21/08/2010,Cardiff,Doncaster,4,0,H,N Swarbrick
21/08/2010,Coventry,Derby,2,1,H,E Ilderton
21/08/2010,Crystal Palace,Ipswich,1,2,A,J Moss
21/08/2010,Hull,Watford,0,0,D,S Mathieson
21/08/2010,Leeds,Millwall,3,1,H,C Webster
21/08/2010,Norwich,Swansea,2,0,H,P Crossley
21/08/2010,Preston,Portsmouth,1,0,H,D Webb
21/08/2010,QPR,Scunthorpe,2,0,H,G Salisbury
21/08/2010,Reading,Nott'm Forest,1,1,D,L Probert
15/08/2010,Nott'm Forest,Leeds,1,1,D,A Bates
14/08/2010,Barnsley,Crystal Palace,1,0,H,N Swarbrick
14/08/2010,Derby,Cardiff,1,2,A,N Miller
14/08/2010,Doncaster,Bristol City,1,1,D,P Tierney
14/08/2010,Ipswich,Burnley,1,1,D,G Hegley
14/08/2010,Leicester,Middlesbrough,0,0,D,M Jones
14/08/2010,Millwall,Hull,4,0,H,A Penn
14/08/2010,Portsmouth,Reading,1,1,D,M Russell
14/08/2010,Scunthorpe,Norwich,0,1,A,C Sarginson
14/08/2010,Sheffield United,QPR,0,3,A,A Woolmer
14/08/2010,Swansea,Preston,4,0,H,S Rushton
14/08/2010,Watford,Coventry,2,2,D,T Kettle
8/08/2010,Cardiff,Sheffield United,1,1,D,P Walton
7/08/2010,Bristol City,Millwall,0,3,A,M Oliver
7/08/2010,Burnley,Nott'm Forest,1,0,H,C Webster
7/08/2010,Coventry,Portsmouth,2,0,H,A D'Urso
7/08/2010,Crystal Palace,Leicester,3,2,H,A Woolmer
7/08/2010,Hull,Swansea,2,0,H,M Russell
7/08/2010,Leeds,Derby,1,2,A,N Swarbrick
7/08/2010,Middlesbrough,Ipswich,1,3,A,T Bates
7/08/2010,Preston,Doncaster,0,2,A,S Tanner
7/08/2010,QPR,Barnsley,4,0,H,J Linington
7/08/2010,Reading,Scunthorpe,1,2,A,F Graham
6/08/2010,Norwich,Watford,2,3,A,N Miller
2/05/2010,Blackpool,Bristol City,1,1,D,S Mathieson
2/05/2010,Coventry,Watford,0,4,A,M Halsey
2/05/2010,Derby,Cardiff,2,0,H,C Webster
2/05/2010,Ipswich,Sheffield United,0,3,A,A D'Urso
2/05/2010,Leicester,Middlesbrough,2,0,H,A Taylor
2/05/2010,Plymouth,Peterboro,1,2,A,S Tanner
2/05/2010,QPR,Newcastle,0,1,A,D Deadman
2/05/2010,Reading,Preston,4,1,H,J Linnington
2/05/2010,Scunthorpe,Nott'm Forest,2,2,D,F Graham
2/05/2010,Sheffield Weds,Crystal Palace,2,2,D,M Dean
2/05/2010,Swansea,Doncaster,0,0,D,G Hegley
2/05/2010,West Brom,Barnsley,1,1,D,M Oliver
26/04/2010,Crystal Palace,West Brom,1,1,D,D Whitestone
24/04/2010,Barnsley,QPR,0,1,A,R Booth
24/04/2010,Bristol City,Derby,2,1,H,C Pawson
24/04/2010,Cardiff,Sheffield Weds,3,2,H,P Taylor
24/04/2010,Doncaster,Scunthorpe,4,3,H,A D'Urso
24/04/2010,Middlesbrough,Coventry,1,1,D,D McDermid
24/04/2010,Newcastle,Ipswich,2,2,D,C Boyeson
24/04/2010,Nott'm Forest,Plymouth,3,0,H,N Swarbrick
24/04/2010,Peterboro,Blackpool,0,1,A,C Webster
24/04/2010,Preston,Leicester,0,1,A,G Hegley
24/04/2010,Sheffield United,Swansea,2,0,H,S Mathieson
24/04/2010,Watford,Reading,3,0,H,K Friend
20/04/2010,QPR,Watford,1,0,H,P Miller
20/04/2010,Scunthorpe,Reading,2,2,D,G Salisbury
19/04/2010,Plymouth,Newcastle,0,2,A,C Pawson
18/04/2010,Sheffield Weds,Sheffield United,1,1,D,C Foy
17/04/2010,Blackpool,Nott'm Forest,3,1,H,A Taylor
17/04/2010,Coventry,Preston,1,1,D,G Ward
17/04/2010,Derby,Crystal Palace,1,1,D,T Bates
17/04/2010,Ipswich,Doncaster,1,1,D,A Penn
17/04/2010,Leicester,Watford,4,1,H,N Miller
17/04/2010,QPR,Cardiff,0,1,A,M Oliver
17/04/2010,Reading,Peterboro,6,0,H,C Boyeson
17/04/2010,Scunthorpe,Bristol City,3,0,H,M Russell
17/04/2010,Swansea,Barnsley,3,1,H,D Phillips
17/04/2010,West Brom,Middlesbrough,2,0,H,G Hegley
13/04/2010,Reading,Newcastle,1,2,A,F Graham
10/04/2010,Barnsley,Derby,0,0,D,P Taylor
10/04/2010,Bristol City,Swansea,1,0,H,M Dean
10/04/2010,Cardiff,Reading,0,0,D,A Bates
10/04/2010,Crystal Palace,QPR,0,2,A,N Miller
10/04/2010,Doncaster,West Brom,2,3,A,J Linington
10/04/2010,Middlesbrough,Sheffield Weds,1,0,H,J Moss
10/04/2010,Newcastle,Blackpool,4,1,H,M Russell
10/04/2010,Nott'm Forest,Ipswich,3,0,H,D Foster
10/04/2010,Peterboro,Leicester,1,2,A,G Scott
10/04/2010,Preston,Scunthorpe,3,2,H,T Kettle
10/04/2010,Sheffield United,Coventry,1,0,H,G Salisbury
10/04/2010,Watford,Plymouth,1,0,H,W Atkins
5/04/2010,Barnsley,Peterboro,2,2,D,A Bates
5/04/2010,Blackpool,Doncaster,2,0,H,D Webb
5/04/2010,Crystal Palace,Preston,3,1,H,R East
5/04/2010,Derby,Ipswich,1,3,A,J Moss
5/04/2010,Leicester,QPR,4,0,H,T Kettle
5/04/2010,Newcastle,Sheffield United,2,1,H,A Hall
5/04/2010,Nott'm Forest,Cardiff,0,0,D,C Foy
5/04/2010,Plymouth,Middlesbrough,0,2,A,S Mathieson
5/04/2010,Reading,Coventry,3,0,H,A Woolmer
5/04/2010,Sheffield Weds,Bristol City,0,1,A,G Salisbury
5/04/2010,Swansea,Scunthorpe,3,0,H,D Whitestone
5/04/2010,Watford,West Brom,1,1,D,S Tanner
3/04/2010,Bristol City,Nott'm Forest,1,1,D,P Crossley
3/04/2010,Cardiff,Swansea,2,1,H,P Dowd
3/04/2010,Coventry,Derby,0,1,A,A D'Urso
3/04/2010,Doncaster,Plymouth,1,2,A,K Wright
3/04/2010,Ipswich,Reading,2,1,H,K Stroud
3/04/2010,Middlesbrough,Crystal Palace,1,1,D,G Salisbury
3/04/2010,Peterboro,Newcastle,2,3,A,M Haywood
3/04/2010,Preston,Watford,1,1,D,R Shoebridge
3/04/2010,QPR,Sheffield Weds,1,1,D,C Webster
3/04/2010,Sheffield United,Barnsley,0,0,D,P Walton
2/04/2010,Scunthorpe,Blackpool,2,4,A,A Woolmer
2/04/2010,West Brom,Leicester,3,0,H,D Deadman
30/03/2010,Cardiff,Leicester,2,1,H,F Graham
30/03/2010,Plymouth,Barnsley,0,0,D,M Russell
30/03/2010,Watford,Crystal Palace,1,3,A,P Taylor
29/03/2010,Newcastle,Nott'm Forest,2,0,H,A Wiley
28/03/2010,Sheffield United,Scunthorpe,0,1,A,R Booth
27/03/2010,Barnsley,Doncaster,0,1,A,D Deadman
27/03/2010,Coventry,Sheffield Weds,1,1,D,N Swarbrick
27/03/2010,Crystal Palace,Cardiff,1,2,A,C Boyeson
27/03/2010,Derby,Leicester,1,0,H,C Webster
27/03/2010,Peterboro,Bristol City,0,1,A,D Webb
27/03/2010,Plymouth,Blackpool,0,2,A,J Linington
27/03/2010,Preston,QPR,2,2,D,A Haines
27/03/2010,Reading,West Brom,1,1,D,A D'Urso
27/03/2010,Swansea,Ipswich,0,0,D,C Pawson
27/03/2010,Watford,Middlesbrough,1,1,D,R East
24/03/2010,Cardiff,Sheffield United,1,1,D,D McDermid
24/03/2010,Leicester,Reading,1,2,A,D Foster
24/03/2010,Sheffield Weds,Watford,2,1,H,D Deadman
24/03/2010,West Brom,Coventry,1,0,H,C Webster
23/03/2010,Blackpool,Swansea,5,1,H,N Miller
23/03/2010,Bristol City,Barnsley,5,3,H,G Scott
23/03/2010,Doncaster,Newcastle,0,1,A,K Hill
23/03/2010,Ipswich,Plymouth,0,2,A,D Whitestone
23/03/2010,Middlesbrough,Preston,2,0,H,S Tanner
23/03/2010,Nott'm Forest,Crystal Palace,2,0,H,A Hall
23/03/2010,QPR,Derby,1,1,D,M Russell
23/03/2010,Scunthorpe,Peterboro,4,0,H,E Ilderton
21/03/2010,Cardiff,Watford,3,1,H,P Crossley
21/03/2010,Leicester,Coventry,2,2,D,L Mason
20/03/2010,Blackpool,Crystal Palace,2,2,D,P Gibbs
20/03/2010,Bristol City,Newcastle,2,2,D,A D'Urso
20/03/2010,Doncaster,Sheffield United,1,1,D,J Moss
20/03/2010,Ipswich,Barnsley,1,0,H,N Swarbrick
20/03/2010,Middlesbrough,Reading,1,1,D,A Hall
20/03/2010,Nott'm Forest,Peterboro,1,0,H,K Hill
20/03/2010,QPR,Swansea,1,1,D,C Boyeson
20/03/2010,Scunthorpe,Plymouth,2,1,H,A Taylor
20/03/2010,Sheffield Weds,Derby,0,0,D,J Linington
20/03/2010,West Brom,Preston,3,2,H,J Singh
17/03/2010,Newcastle,Scunthorpe,3,0,H,P Crossley
16/03/2010,Barnsley,Nott'm Forest,2,1,H,K Friend
16/03/2010,Coventry,Cardiff,1,2,A,S Hooper
16/03/2010,Crystal Palace,Leicester,0,1,A,S Tanner
16/03/2010,Derby,Middlesbrough,2,2,D,D Phillips
16/03/2010,Peterboro,Doncaster,1,2,A,F Graham
16/03/2010,Plymouth,Bristol City,3,2,H,T Kettle
16/03/2010,Preston,Sheffield Weds,2,2,D,C Boyeson
16/03/2010,Reading,QPR,1,0,H,G Ward
16/03/2010,Sheffield United,Blackpool,3,0,H,O Langford
16/03/2010,Swansea,West Brom,0,2,A,R East
16/03/2010,Watford,Ipswich,2,1,H,G Salisbury
13/03/2010,Barnsley,Crystal Palace,0,0,D,T Kettle
13/03/2010,Coventry,Plymouth,1,1,D,A Haines
13/03/2010,Doncaster,Derby,2,1,H,S Hooper
13/03/2010,Ipswich,Scunthorpe,1,0,H,P Miller
13/03/2010,Leicester,Cardiff,1,0,H,K Evans
13/03/2010,Middlesbrough,Newcastle,2,2,D,L Mason
13/03/2010,Preston,Nott'm Forest,3,2,H,M Haywood
13/03/2010,Reading,Bristol City,2,0,H,P Taylor
13/03/2010,Sheffield United,QPR,1,1,D,A Bates
13/03/2010,Swansea,Sheffield Weds,0,0,D,R Booth
13/03/2010,Watford,Peterboro,0,1,A,A Taylor
13/03/2010,West Brom,Blackpool,3,2,H,J Moss
10/03/2010,Reading,Derby,4,1,H,K Wright
9/03/2010,Crystal Palace,Bristol City,0,1,A,M Russell
9/03/2010,Ipswich,Cardiff,2,0,H,G Hegley
9/03/2010,Peterboro,Sheffield United,1,0,H,J Singh
9/03/2010,Preston,Doncaster,1,1,D,P Crossley
9/03/2010,QPR,Plymouth,2,0,H,P Tierney
9/03/2010,Watford,Swansea,0,1,A,T Kettle
9/03/2010,West Brom,Sheffield Weds,1,0,H,S Mathieson
6/03/2010,Blackpool,Ipswich,1,0,H,R Shoebridge
6/03/2010,Bristol City,Doncaster,2,5,A,D Phillips
6/03/2010,Cardiff,Middlesbrough,1,0,H,D Deadman
6/03/2010,Crystal Palace,Sheffield United,1,0,H,A Penn
6/03/2010,Derby,Watford,2,0,H,G Horwood
6/03/2010,Newcastle,Barnsley,6,1,H,G Hegley
6/03/2010,Nott'm Forest,Swansea,1,0,H,C Webster
6/03/2010,Peterboro,Coventry,0,1,A,R Booth
6/03/2010,Plymouth,Preston,1,1,D,A Woolmer
6/03/2010,QPR,West Brom,3,1,H,S Attwell
6/03/2010,Sheffield Weds,Leicester,2,0,H,P Gibbs
27/02/2010,Barnsley,Blackpool,1,0,H,J Singh
27/02/2010,Coventry,Scunthorpe,2,1,H,P Taylor
27/02/2010,Doncaster,Crystal Palace,1,1,D,N Swarbrick
27/02/2010,Ipswich,Bristol City,0,0,D,N Miller
27/02/2010,Leicester,Nott'm Forest,3,0,H,L Probert
27/02/2010,Middlesbrough,QPR,2,0,H,A Woolmer
27/02/2010,Preston,Cardiff,3,0,H,A Hall
27/02/2010,Reading,Sheffield Weds,5,0,H,G Hegley
27/02/2010,Sheffield United,Plymouth,4,3,H,C Sarginson
27/02/2010,Swansea,Peterboro,1,0,H,G Ward
27/02/2010,Watford,Newcastle,1,2,A,A Bates
27/02/2010,West Brom,Derby,3,1,H,P Crossley
23/02/2010,Doncaster,Leicester,0,1,A,A Woolmer
23/02/2010,Scunthorpe,Ipswich,1,1,D,A Haines
21/02/2010,Bristol City,West Brom,2,1,H,N Swarbrick
20/02/2010,Blackpool,Reading,2,0,H,C Pawson
20/02/2010,Cardiff,Barnsley,0,2,A,K Stroud
20/02/2010,Crystal Palace,Coventry,0,1,A,D Deadman
20/02/2010,Derby,Swansea,0,1,A,S Tanner
20/02/2010,Newcastle,Preston,3,0,H,A Penn
20/02/2010,Nott'm Forest,Middlesbrough,1,0,H,P Crossley
20/02/2010,Plymouth,Leicester,1,1,D,R East
20/02/2010,QPR,Doncaster,2,1,H,D Whitestone
20/02/2010,Scunthorpe,Watford,2,2,D,D Webb
20/02/2010,Sheffield Weds,Ipswich,0,1,A,M Russell
17/02/2010,Crystal Palace,Reading,1,3,A,D Whitestone
17/02/2010,Newcastle,Coventry,4,1,H,S Tanner
16/02/2010,Blackpool,Middlesbrough,2,0,H,M Haywood
16/02/2010,Bristol City,Leicester,1,1,D,S Hooper
16/02/2010,Cardiff,West Brom,1,1,D,A Woolmer
16/02/2010,Derby,Preston,5,3,H,C Pawson
16/02/2010,Nott'm Forest,Sheffield United,1,0,H,N Miller
16/02/2010,Peterboro,Ipswich,3,1,H,J Linington
16/02/2010,Plymouth,Swansea,1,1,D,K Hill
16/02/2010,Scunthorpe,Barnsley,2,1,H,C Webster
16/02/2010,Sheffield Weds,Doncaster,0,2,A,E Ilderton
13/02/2010,Barnsley,Plymouth,1,3,A,K Evans
13/02/2010,Coventry,QPR,1,0,H,D Foster
13/02/2010,Doncaster,Nott'm Forest,1,0,H,A Penn
13/02/2010,Leicester,Scunthorpe,5,1,H,D Phillips
13/02/2010,Middlesbrough,Peterboro,1,0,H,J Moss
13/02/2010,Preston,Blackpool,0,0,D,M Jones
13/02/2010,Sheffield United,Bristol City,2,0,H,D Deadman
13/02/2010,Swansea,Newcastle,1,1,D,A Woolmer
9/02/2010,Cardiff,Peterboro,2,0,H,A Penn
9/02/2010,Coventry,Nott'm Forest,1,0,H,A Bates
9/02/2010,Crystal Palace,Swansea,0,1,A,G Scott
9/02/2010,Derby,Newcastle,3,0,H,A Taylor
9/02/2010,Leicester,Doncaster,0,0,D,R Booth
9/02/2010,Middlesbrough,Barnsley,2,1,H,C Boyeson
9/02/2010,Preston,Sheffield United,2,1,H,E Ilderton
9/02/2010,QPR,Ipswich,1,2,A,F Graham
9/02/2010,Reading,Plymouth,2,1,H,O Langford
9/02/2010,Sheffield Weds,Blackpool,2,0,H,G Eltrigham
9/02/2010,Watford,Bristol City,2,0,H,D McDermid
9/02/2010,West Brom,Scunthorpe,2,0,H,K Wright
6/02/2010,Barnsley,Watford,1,0,H,F Graham
6/02/2010,Blackpool,Leicester,1,2,A,A Haines
6/02/2010,Bristol City,Coventry,1,1,D,G Horwood
6/02/2010,Doncaster,Reading,1,2,A,K Stroud
6/02/2010,Ipswich,Middlesbrough,1,1,D,K Hill
6/02/2010,Nott'm Forest,Sheffield Weds,2,1,H,T Kettle
6/02/2010,Peterboro,QPR,1,0,H,D McDermid
6/02/2010,Plymouth,West Brom,0,1,A,S Tanner
6/02/2010,Scunthorpe,Crystal Palace,1,2,A,P Tierney
6/02/2010,Sheffield United,Derby,1,1,D,G Salisbury
6/02/2010,Swansea,Preston,2,0,H,P Gibbs
5/02/2010,Newcastle,Cardiff,5,1,H,K Friend
3/02/2010,Blackpool,West Brom,2,3,A,D Foster
2/02/2010,Preston,Barnsley,1,4,A,N Miller
2/02/2010,Watford,Sheffield United,3,0,H,K Hill
30/01/2010,Cardiff,Doncaster,2,1,H,G Scott
30/01/2010,Coventry,Blackpool,1,1,D,D Whitestone
30/01/2010,Crystal Palace,Peterboro,2,0,H,G Salisbury
30/01/2010,Derby,Nott'm Forest,1,0,H,N Swarbrick
30/01/2010,Leicester,Newcastle,0,0,D,A Marriner
30/01/2010,Middlesbrough,Bristol City,0,0,D,C Webster
30/01/2010,Preston,Ipswich,2,0,H,J Moss
30/01/2010,QPR,Scunthorpe,0,1,A,G Hegley
30/01/2010,Reading,Barnsley,1,0,H,J Linnington
30/01/2010,Sheffield Weds,Plymouth,2,1,H,K Wright
30/01/2010,West Brom,Sheffield United,3,1,H,M Russell
27/01/2010,Newcastle,Crystal Palace,2,0,H,R Booth
27/01/2010,Scunthorpe,Sheffield Weds,2,0,H,M Clattenburg
26/01/2010,Barnsley,Leicester,1,0,H,D Webb
26/01/2010,Bristol City,Cardiff,0,6,A,A D'Urso
26/01/2010,Doncaster,Middlesbrough,1,4,A,S Tanner
26/01/2010,Ipswich,West Brom,1,1,D,S Attwell
26/01/2010,Nott'm Forest,QPR,5,0,H,E Ilderton
26/01/2010,Peterboro,Preston,0,1,A,D Sheldrake
26/01/2010,Plymouth,Derby,1,0,H,A Hall
26/01/2010,Sheffield United,Reading,3,0,H,P Crossley
26/01/2010,Swansea,Coventry,0,0,D,D McDermid
23/01/2010,Blackpool,Watford,3,2,H,C Boyeson
23/01/2010,Middlesbrough,Swansea,1,1,D,A Penn
23/01/2010,Sheffield Weds,Peterboro,2,1,H,D Foster
19/01/2010,Blackpool,Sheffield Weds,1,2,A,A Hall
18/01/2010,Newcastle,West Brom,2,2,D,P Taylor
16/01/2010,Barnsley,Sheffield Weds,1,2,A,A Penn
16/01/2010,Blackpool,QPR,2,2,D,T Kettle
16/01/2010,Bristol City,Preston,4,2,H,G Ward
16/01/2010,Doncaster,Watford,2,1,H,A Hall
16/01/2010,Ipswich,Coventry,3,2,H,M Oliver
16/01/2010,Nott'm Forest,Reading,2,1,H,D Deadman
16/01/2010,Peterboro,Derby,0,3,A,N Miller
16/01/2010,Plymouth,Crystal Palace,0,1,A,A Bates
16/01/2010,Scunthorpe,Cardiff,1,1,D,S Mathieson
16/01/2010,Sheffield United,Middlesbrough,1,0,H,A D'Urso
16/01/2010,Swansea,Leicester,1,0,H,F Graham
10/01/2010,Leicester,Ipswich,1,1,D,M Haywood
9/01/2010,Cardiff,Blackpool,1,1,D,G Ward
9/01/2010,Coventry,Barnsley,3,1,H,L Mason
9/01/2010,Derby,Scunthorpe,1,4,A,K Woolmer
8/01/2010,West Brom,Nott'm Forest,1,3,A,L Probert
28/12/2009,Barnsley,Middlesbrough,2,1,H,A Hall
28/12/2009,Bristol City,Watford,2,2,D,J Linington
28/12/2009,Ipswich,QPR,3,0,H,S Tanner
28/12/2009,Newcastle,Derby,0,0,D,K Wright
28/12/2009,Nott'm Forest,Coventry,2,0,H,M Clattenburg
28/12/2009,Peterboro,Cardiff,4,4,D,D Whitestone
28/12/2009,Plymouth,Reading,4,1,H,S Hooper
28/12/2009,Scunthorpe,West Brom,1,3,A,J Moss
28/12/2009,Sheffield United,Preston,1,0,H,T Kettle
28/12/2009,Swansea,Crystal Palace,0,0,D,A Taylor
26/12/2009,Cardiff,Plymouth,0,1,A,P Gibbs
26/12/2009,Coventry,Doncaster,1,0,H,R Shoebridge
26/12/2009,Crystal Palace,Ipswich,3,1,H,P Taylor
26/12/2009,Derby,Blackpool,0,2,A,S Mathieson
26/12/2009,Leicester,Sheffield United,2,1,H,D Deadman
26/12/2009,Middlesbrough,Scunthorpe,3,0,H,N Swarbrick
26/12/2009,QPR,Bristol City,2,1,H,D Phillips
26/12/2009,Reading,Swansea,1,1,D,M Russell
26/12/2009,Sheffield Weds,Newcastle,2,2,D,S Attwell
26/12/2009,Watford,Nott'm Forest,0,0,D,A D'Urso
26/12/2009,West Brom,Peterboro,2,0,H,M Jones
20/12/2009,Newcastle,Middlesbrough,2,0,H,K Friend
19/12/2009,Bristol City,Reading,1,1,D,M Haywood
19/12/2009,Crystal Palace,Barnsley,1,1,D,K Hill
19/12/2009,Derby,Doncaster,0,2,A,T Kettle
19/12/2009,Nott'm Forest,Preston,3,0,H,F Graham
19/12/2009,Peterboro,Watford,2,1,H,K Evans
19/12/2009,Plymouth,Coventry,0,1,A,K Stroud
19/12/2009,QPR,Sheffield United,1,1,D,N Swarbrick
19/12/2009,Sheffield Weds,Swansea,0,2,A,O Langford
14/12/2009,West Brom,QPR,2,2,D,A Taylor
13/12/2009,Middlesbrough,Cardiff,0,1,A,G Hegley
12/12/2009,Barnsley,Newcastle,2,2,D,G Salisbury
12/12/2009,Coventry,Peterboro,3,2,H,R East
12/12/2009,Doncaster,Bristol City,1,0,H,J Singh
12/12/2009,Ipswich,Blackpool,3,1,H,P Crossley
12/12/2009,Leicester,Sheffield Weds,3,0,H,C Boyeson
12/12/2009,Preston,Plymouth,2,0,H,M Oliver
12/12/2009,Reading,Scunthorpe,1,1,D,A Bates
12/12/2009,Sheffield United,Crystal Palace,2,0,H,C Webster
12/12/2009,Swansea,Nott'm Forest,0,1,A,S Hooper
12/12/2009,Watford,Derby,0,1,A,K Stroud
9/12/2009,Barnsley,Scunthorpe,1,1,D,E Ilderton
9/12/2009,Coventry,Newcastle,0,2,A,G Hegley
8/12/2009,Doncaster,Sheffield Weds,1,0,H,A Wiley
8/12/2009,Ipswich,Peterboro,0,0,D,A Hall
8/12/2009,Leicester,Bristol City,1,3,A,S Cook
8/12/2009,Middlesbrough,Blackpool,0,3,A,R Shoebridge
8/12/2009,Preston,Derby,0,0,D,P Gibbs
8/12/2009,Reading,Crystal Palace,2,4,A,K Friend
8/12/2009,Sheffield United,Nott'm Forest,0,0,D,A Haines
8/12/2009,Swansea,Plymouth,1,0,H,S Tanner
8/12/2009,West Brom,Cardiff,0,2,A,P Taylor
7/12/2009,Watford,QPR,3,1,H,A Penn
6/12/2009,Scunthorpe,Coventry,1,0,H,N Miller
5/12/2009,Blackpool,Barnsley,1,2,A,L Mason
5/12/2009,Bristol City,Ipswich,0,0,D,A Bates
5/12/2009,Cardiff,Preston,1,0,H,R East
5/12/2009,Crystal Palace,Doncaster,0,3,A,P Miller
5/12/2009,Derby,West Brom,2,2,D,D Deadman
5/12/2009,Newcastle,Watford,2,0,H,J Moss
5/12/2009,Nott'm Forest,Leicester,5,1,H,M Russell
5/12/2009,Peterboro,Swansea,2,2,D,R Booth
5/12/2009,Plymouth,Sheffield United,0,1,A,G Horwood
5/12/2009,QPR,Middlesbrough,1,5,A,P Gibbs
5/12/2009,Sheffield Weds,Reading,0,2,A,D Webb
30/11/2009,Blackpool,Preston,1,1,D,K Friend
29/11/2009,Cardiff,Ipswich,1,2,A,J Singh
28/11/2009,Bristol City,Sheffield United,2,3,A,A Hall
28/11/2009,Crystal Palace,Watford,3,0,H,O Langford
28/11/2009,Derby,Reading,2,1,H,A Haines
28/11/2009,Newcastle,Swansea,3,0,H,M Haywood
28/11/2009,Nott'm Forest,Doncaster,4,1,H,S Mathieson
28/11/2009,Peterboro,Middlesbrough,2,2,D,D Phillips
28/11/2009,QPR,Coventry,2,2,D,M Jones
28/11/2009,Scunthorpe,Leicester,1,1,D,R Shoebridge
28/11/2009,Sheffield Weds,West Brom,0,4,A,E Ilderton
23/11/2009,Preston,Newcastle,0,1,A,S Mathieson
21/11/2009,Barnsley,Cardiff,1,0,H,K Wright
21/11/2009,Coventry,Crystal Palace,1,1,D,J Singh
21/11/2009,Doncaster,QPR,2,0,H,A Bates
21/11/2009,Ipswich,Sheffield Weds,0,0,D,A D'Urso
21/11/2009,Leicester,Plymouth,1,0,H,D McDermid
21/11/2009,Middlesbrough,Nott'm Forest,1,1,D,L Probert
21/11/2009,Reading,Blackpool,2,1,H,G Scott
21/11/2009,Sheffield United,Peterboro,1,0,H,G Hegley
21/11/2009,Watford,Scunthorpe,3,0,H,C Sarginson
21/11/2009,West Brom,Bristol City,4,1,H,M Oliver
20/11/2009,Swansea,Derby,1,0,H,R East
9/11/2009,Barnsley,Sheffield United,2,2,D,M Clattenburg
7/11/2009,Blackpool,Scunthorpe,4,1,H,C Webster
7/11/2009,Crystal Palace,Middlesbrough,1,0,H,J Linnington
7/11/2009,Leicester,West Brom,1,2,A,N Swarbrick
7/11/2009,Newcastle,Peterboro,3,1,H,A D'Urso
7/11/2009,Nott'm Forest,Bristol City,1,1,D,A Taylor
7/11/2009,Plymouth,Doncaster,2,1,H,P Taylor
7/11/2009,Reading,Ipswich,1,1,D,D Whitestone
7/11/2009,Sheffield Weds,QPR,1,2,A,N Miller
7/11/2009,Swansea,Cardiff,3,2,H,L Probert
7/11/2009,Watford,Preston,2,0,H,K Wright
6/11/2009,Derby,Coventry,2,1,H,P Crossley
3/11/2009,QPR,Crystal Palace,1,1,D,M Russell
2/11/2009,Sheffield United,Newcastle,0,1,A,K Friend
1/11/2009,Cardiff,Nott'm Forest,1,1,D,G Salisbury
31/10/2009,Bristol City,Sheffield Weds,1,1,D,F Graham
31/10/2009,Coventry,Reading,1,3,A,E Ilderton
31/10/2009,Doncaster,Blackpool,3,3,D,M Oliver
31/10/2009,Ipswich,Derby,1,0,H,A Taylor
31/10/2009,Middlesbrough,Plymouth,0,1,A,M Russell
31/10/2009,Peterboro,Barnsley,1,2,A,C Boyeson
31/10/2009,Preston,Crystal Palace,1,1,D,D Foster
31/10/2009,Scunthorpe,Swansea,0,2,A,K Evans
31/10/2009,West Brom,Watford,5,0,H,N Miller
30/10/2009,QPR,Leicester,1,2,A,J Moss
26/10/2009,Reading,Leicester,0,1,A,K Hill
24/10/2009,Barnsley,Bristol City,2,3,A,A Haines
24/10/2009,Coventry,West Brom,0,0,D,K Stroud
24/10/2009,Crystal Palace,Nott'm Forest,1,1,D,G Horwood
24/10/2009,Derby,QPR,2,4,A,M Haywood
24/10/2009,Newcastle,Doncaster,2,1,H,D Deadman
24/10/2009,Peterboro,Scunthorpe,3,0,H,M Jones
24/10/2009,Plymouth,Ipswich,1,1,D,S Hooper
24/10/2009,Preston,Middlesbrough,2,2,D,A Woolmer
24/10/2009,Sheffield United,Cardiff,3,4,A,T Kettle
24/10/2009,Swansea,Blackpool,0,0,D,A Hall
23/10/2009,Watford,Sheffield Weds,4,1,H,P Crossley
20/10/2009,Blackpool,Sheffield United,3,0,H,S Mathieson
20/10/2009,Bristol City,Plymouth,3,1,H,G Hegley
20/10/2009,Cardiff,Coventry,2,0,H,M Russell
20/10/2009,Doncaster,Peterboro,3,1,H,C Webster
20/10/2009,Ipswich,Watford,1,1,D,T Kettle
20/10/2009,Leicester,Crystal Palace,2,0,H,R East
20/10/2009,Middlesbrough,Derby,2,0,H,J Moss
20/10/2009,Nott'm Forest,Barnsley,1,0,H,N Miller
20/10/2009,QPR,Reading,4,1,H,A Hall
20/10/2009,Scunthorpe,Newcastle,2,1,H,A Penn
20/10/2009,Sheffield Weds,Preston,1,2,A,R Shoebridge
20/10/2009,West Brom,Swansea,0,1,A,A D'Urso
17/10/2009,Blackpool,Plymouth,2,0,H,D Webb
17/10/2009,Bristol City,Peterboro,1,1,D,K Hill
17/10/2009,Cardiff,Crystal Palace,1,1,D,S Tanner
17/10/2009,Doncaster,Barnsley,0,1,A,G Salisbury
17/10/2009,Ipswich,Swansea,1,1,D,K Wright
17/10/2009,Leicester,Derby,0,0,D,M Dean
17/10/2009,Middlesbrough,Watford,0,1,A,S Mathieson
17/10/2009,Nott'm Forest,Newcastle,1,0,H,P Taylor
17/10/2009,QPR,Preston,4,0,H,R Booth
17/10/2009,Scunthorpe,Sheffield United,3,1,H,A Bates
17/10/2009,Sheffield Weds,Coventry,2,0,H,C Webster
17/10/2009,West Brom,Reading,3,1,H,A Taylor
3/10/2009,Barnsley,Ipswich,2,1,H,P Gibbs
3/10/2009,Coventry,Leicester,1,1,D,M Oliver
3/10/2009,Crystal Palace,Blackpool,4,1,H,A Taylor
3/10/2009,Derby,Sheffield Weds,3,0,H,C Foy
3/10/2009,Newcastle,Bristol City,0,0,D,G Salisbury
3/10/2009,Peterboro,Nott'm Forest,1,2,A,J Moss
3/10/2009,Plymouth,Scunthorpe,2,1,H,A D'Urso
3/10/2009,Preston,West Brom,0,0,D,A Bates
3/10/2009,Reading,Middlesbrough,0,2,A,N Swarbrick
3/10/2009,Sheffield United,Doncaster,1,1,D,L Probert
3/10/2009,Swansea,QPR,2,0,H,K Hill
3/10/2009,Watford,Cardiff,0,4,A,A Woolmer
30/09/2009,Newcastle,QPR,1,1,D,R Shoebridge
30/09/2009,Nott'm Forest,Scunthorpe,2,0,H,D Webb
29/09/2009,Barnsley,West Brom,3,1,H,S Mathieson
29/09/2009,Bristol City,Blackpool,2,0,H,R East
29/09/2009,Cardiff,Derby,6,1,H,S Hooper
29/09/2009,Crystal Palace,Sheffield Weds,0,0,D,T Kettle
29/09/2009,Doncaster,Swansea,0,0,D,A Haines
29/09/2009,Middlesbrough,Leicester,0,1,A,M Haywood
29/09/2009,Peterboro,Plymouth,1,2,A,A Hall
29/09/2009,Preston,Reading,1,2,A,A Penn
29/09/2009,Sheffield United,Ipswich,3,3,D,E Ilderton
29/09/2009,Watford,Coventry,2,3,A,A Marriner
27/09/2009,Plymouth,Nott'm Forest,0,1,A,A Woolmer
26/09/2009,Blackpool,Peterboro,2,0,H,A Bates
26/09/2009,Coventry,Middlesbrough,2,2,D,G Horwood
26/09/2009,Derby,Bristol City,1,0,H,M Russell
26/09/2009,Ipswich,Newcastle,0,4,A,M Jones
26/09/2009,Leicester,Preston,1,2,A,J Linnington
26/09/2009,QPR,Barnsley,5,2,H,K Evans
26/09/2009,Reading,Watford,1,1,D,M Haywood
26/09/2009,Scunthorpe,Doncaster,2,2,D,K Stroud
26/09/2009,Sheffield Weds,Cardiff,3,1,H,M Oliver
26/09/2009,Swansea,Sheffield United,2,1,H,D Deadman
26/09/2009,West Brom,Crystal Palace,0,1,A,R Booth
19/09/2009,Barnsley,Swansea,0,0,D,R Shoebridge
19/09/2009,Bristol City,Scunthorpe,1,1,D,D McDermid
19/09/2009,Cardiff,QPR,0,2,A,L Probert
19/09/2009,Crystal Palace,Derby,1,0,H,M Oliver
19/09/2009,Doncaster,Ipswich,3,3,D,N Miller
19/09/2009,Middlesbrough,West Brom,0,5,A,T Kettle
19/09/2009,Newcastle,Plymouth,3,1,H,S Mathieson
19/09/2009,Nott'm Forest,Blackpool,0,1,A,A Penn
19/09/2009,Peterboro,Reading,3,2,H,C Sarginson
19/09/2009,Preston,Coventry,3,2,H,D Deadman
19/09/2009,Watford,Leicester,3,3,D,C Pawson
18/09/2009,Sheffield United,Sheffield Weds,3,2,H,A Wiley
16/09/2009,Blackpool,Newcastle,2,1,H,J Moss
16/09/2009,Reading,Cardiff,0,1,A,P Taylor
15/09/2009,Coventry,Sheffield United,3,2,H,A Taylor
15/09/2009,Derby,Barnsley,2,3,A,N Miller
15/09/2009,Ipswich,Nott'm Forest,1,1,D,G Ward
15/09/2009,Leicester,Peterboro,1,1,D,R Booth
15/09/2009,Plymouth,Watford,0,1,A,G Scott
15/09/2009,Scunthorpe,Preston,3,1,H,K Hill
15/09/2009,Sheffield Weds,Middlesbrough,1,3,A,A Bates
15/09/2009,Swansea,Bristol City,0,0,D,D Whitestone
15/09/2009,West Brom,Doncaster,3,1,H,K Wright
13/09/2009,Cardiff,Newcastle,0,1,A,A Hall
12/09/2009,Coventry,Bristol City,1,1,D,N Swarbrick
12/09/2009,Crystal Palace,Scunthorpe,0,4,A,G Hegley
12/09/2009,Derby,Sheffield United,0,1,A,A D'Urso
12/09/2009,Leicester,Blackpool,2,1,H,J Singh
12/09/2009,Middlesbrough,Ipswich,3,1,H,K Friend
12/09/2009,Preston,Swansea,2,0,H,E Ilderton
12/09/2009,QPR,Peterboro,1,1,D,O Langford
12/09/2009,Reading,Doncaster,0,0,D,P Gibbs
12/09/2009,Sheffield Weds,Nott'm Forest,1,1,D,S Tanner
12/09/2009,Watford,Barnsley,1,0,H,D Phillips
12/09/2009,West Brom,Plymouth,3,1,H,G Salisbury
31/08/2009,Newcastle,Leicester,1,0,H,N Swarbrick
31/08/2009,Peterboro,Crystal Palace,1,1,D,K Friend
29/08/2009,Barnsley,Reading,1,3,A,M Oliver
29/08/2009,Blackpool,Coventry,3,0,H,N Miller
29/08/2009,Bristol City,Middlesbrough,2,1,H,R Booth
29/08/2009,Doncaster,Cardiff,2,0,H,E Ilderton
29/08/2009,Ipswich,Preston,1,1,D,P Taylor
29/08/2009,Nott'm Forest,Derby,3,2,H,M Atkinson
29/08/2009,Plymouth,Sheffield Weds,1,3,A,A Haines
29/08/2009,Scunthorpe,QPR,0,1,A,G Salisbury
29/08/2009,Sheffield United,West Brom,2,2,D,P Crossley
29/08/2009,Swansea,Watford,1,1,D,A Taylor
23/08/2009,Cardiff,Bristol City,3,0,H,K Friend
22/08/2009,Coventry,Swansea,0,1,A,P Crossley
22/08/2009,Crystal Palace,Newcastle,0,2,A,A D'Urso
22/08/2009,Derby,Plymouth,2,1,H,C Pawson
22/08/2009,Leicester,Barnsley,1,0,H,A Penn
22/08/2009,Middlesbrough,Doncaster,2,0,H,G Salisbury
22/08/2009,Preston,Peterboro,2,0,H,D Webb
22/08/2009,QPR,Nott'm Forest,1,1,D,J Linington
22/08/2009,Reading,Sheffield United,1,3,A,M Russell
22/08/2009,Sheffield Weds,Scunthorpe,4,0,H,A Hall
22/08/2009,Watford,Blackpool,2,2,D,D Deadman
22/08/2009,West Brom,Ipswich,2,0,H,S Tanner
19/08/2009,Newcastle,Sheffield Weds,1,0,H,P Dowd
18/08/2009,Barnsley,Preston,0,3,A,D Whitestone
18/08/2009,Blackpool,Derby,0,0,D,E Ilderton
18/08/2009,Bristol City,QPR,1,0,H,P Gibbs
18/08/2009,Doncaster,Coventry,0,0,D,C Boyeson
18/08/2009,Ipswich,Crystal Palace,1,3,A,K Hill
18/08/2009,Nott'm Forest,Watford,2,4,A,A Bates
18/08/2009,Peterboro,West Brom,2,3,A,G Horwood
18/08/2009,Plymouth,Cardiff,1,3,A,R Booth
18/08/2009,Scunthorpe,Middlesbrough,0,2,A,M Oliver
18/08/2009,Sheffield United,Leicester,1,1,D,N Miller
18/08/2009,Swansea,Reading,0,0,D,S Hooper
15/08/2009,Barnsley,Coventry,0,2,A,S Tanner
15/08/2009,Blackpool,Cardiff,1,1,D,G Hegley
15/08/2009,Bristol City,Crystal Palace,1,0,H,R Shoebridge
15/08/2009,Doncaster,Preston,1,1,D,M Russell
15/08/2009,Ipswich,Leicester,0,0,D,P Crossley
15/08/2009,Newcastle,Reading,3,0,H,A Taylor
15/08/2009,Nott'm Forest,West Brom,0,1,A,K Stroud
15/08/2009,Peterboro,Sheffield Weds,1,1,D,A D'Urso
15/08/2009,Plymouth,QPR,1,1,D,R East
15/08/2009,Scunthorpe,Derby,3,2,H,G Horwood
15/08/2009,Sheffield United,Watford,2,0,H,M Oliver
15/08/2009,Swansea,Middlesbrough,0,3,A,P Taylor
9/08/2009,Coventry,Ipswich,2,1,H,R Booth
8/08/2009,Cardiff,Scunthorpe,4,0,H,J Moss
8/08/2009,Crystal Palace,Plymouth,1,1,D,A Penn
8/08/2009,Derby,Peterboro,2,1,H,P Taylor
8/08/2009,Leicester,Swansea,2,1,H,G Hegley
8/08/2009,Preston,Bristol City,2,2,D,M Oliver
8/08/2009,QPR,Blackpool,1,1,D,A D'Urso
8/08/2009,Reading,Nott'm Forest,0,0,D,P Crossley
8/08/2009,Sheffield Weds,Barnsley,2,2,D,A Taylor
8/08/2009,Watford,Doncaster,1,1,D,N Swarbrick
8/08/2009,West Brom,Newcastle,1,1,D,M Dean
7/08/2009,Middlesbrough,Sheffield United,0,0,D,L Mason
3/05/2009,Burnley,Bristol City,4,0,H,C Oliver
3/05/2009,Charlton,Norwich,4,2,H,R Booth
3/05/2009,Crystal Palace,Sheffield United,0,0,D,C Foy
3/05/2009,Ipswich,Coventry,2,1,H,G Laws
3/05/2009,Nott'm Forest,Southampton,3,1,H,K Stroud
3/05/2009,Plymouth,Barnsley,1,2,A,C Penton
3/05/2009,Preston,QPR,2,1,H,M Oliver
3/05/2009,Reading,Birmingham,1,2,A,H Webb
3/05/2009,Sheffield Weds,Cardiff,1,0,H,P Crossley
3/05/2009,Swansea,Blackpool,0,1,A,C Boyeson
3/05/2009,Watford,Derby,3,1,H,S Mathieson
3/05/2009,Wolves,Doncaster,1,0,H,R Beeby
27/04/2009,Norwich,Reading,0,2,A,C Oliver
25/04/2009,Barnsley,Wolves,1,1,D,K Friend
25/04/2009,Birmingham,Preston,1,2,A,P Dowd
25/04/2009,Blackpool,Nott'm Forest,1,1,D,J Moss
25/04/2009,Bristol City,Sheffield Weds,1,1,D,A D'Urso
25/04/2009,Cardiff,Ipswich,0,3,A,S Mathieson
25/04/2009,Coventry,Watford,2,3,A,R Booth
25/04/2009,Derby,Charlton,1,0,H,F Graham
25/04/2009,Doncaster,Crystal Palace,2,0,H,A Taylor
25/04/2009,QPR,Plymouth,0,0,D,N Miller
25/04/2009,Sheffield United,Swansea,1,0,H,R Styles
25/04/2009,Southampton,Burnley,2,2,D,M Jones
21/04/2009,Charlton,Cardiff,2,2,D,I Williamson
21/04/2009,Coventry,Barnsley,1,1,D,S Cook
21/04/2009,Derby,Reading,0,2,A,C Webster
20/04/2009,Burnley,Sheffield United,1,0,H,G Laws
19/04/2009,Ipswich,Norwich,3,2,H,N Swarbrick
18/04/2009,Charlton,Blackpool,2,2,D,M Russell
18/04/2009,Crystal Palace,Derby,1,0,H,A Woolmer
18/04/2009,Nott'm Forest,Coventry,1,0,H,S Tanner
18/04/2009,Plymouth,Doncaster,0,3,A,P Crossley
18/04/2009,Preston,Cardiff,6,0,H,K Stroud
18/04/2009,Reading,Barnsley,0,0,D,R Beeby
18/04/2009,Sheffield Weds,Southampton,2,0,H,R Shoebridge
18/04/2009,Swansea,Bristol City,1,0,H,L Mason
18/04/2009,Watford,Birmingham,0,1,A,A Bates
18/04/2009,Wolves,QPR,1,0,H,J Moss
13/04/2009,Barnsley,Swansea,1,3,A,D Foster
13/04/2009,Birmingham,Plymouth,1,1,D,M Oliver
13/04/2009,Blackpool,Reading,2,2,D,K Wright
13/04/2009,Bristol City,Ipswich,1,1,D,A Taylor
13/04/2009,Cardiff,Burnley,3,1,H,L Probert
13/04/2009,Coventry,Charlton,0,0,D,C Boyeson
13/04/2009,Derby,Wolves,2,3,A,P Taylor
13/04/2009,Doncaster,Preston,0,2,A,I Williamson
13/04/2009,Norwich,Watford,2,0,H,S Tanner
13/04/2009,QPR,Sheffield Weds,3,2,H,D Deadman
13/04/2009,Sheffield United,Nott'm Forest,0,0,D,M Jones
13/04/2009,Southampton,Crystal Palace,1,0,H,M Russell
11/04/2009,Burnley,QPR,1,0,H,M Haywood
11/04/2009,Charlton,Birmingham,0,0,D,L Probert
11/04/2009,Crystal Palace,Cardiff,0,2,A,R Booth
11/04/2009,Ipswich,Doncaster,1,3,A,K Stroud
11/04/2009,Nott'm Forest,Bristol City,3,2,H,C Webster
11/04/2009,Plymouth,Coventry,4,0,H,C Oliver
11/04/2009,Preston,Blackpool,0,1,A,A D'Urso
11/04/2009,Sheffield Weds,Derby,0,1,A,S Tanner
11/04/2009,Swansea,Norwich,2,1,H,G Salisbury
11/04/2009,Watford,Barnsley,1,1,D,D Whitestone
10/04/2009,Reading,Sheffield United,0,1,A,K Friend
10/04/2009,Wolves,Southampton,3,0,H,A Taylor
8/04/2009,Cardiff,Derby,4,1,H,N Swarbrick
7/04/2009,Crystal Palace,Coventry,1,1,D,F Graham
7/04/2009,Sheffield United,Barnsley,2,1,H,G Hegley
7/04/2009,Watford,Southampton,2,2,D,C Penton
6/04/2009,Birmingham,Wolves,2,0,H,M Halsey
5/04/2009,Cardiff,Swansea,2,2,D,M Dean
4/04/2009,Barnsley,Nott'm Forest,1,1,D,L Probert
4/04/2009,Blackpool,Plymouth,0,1,A,M Haywood
4/04/2009,Bristol City,Preston,1,1,D,A Bates
4/04/2009,Coventry,Reading,0,0,D,T Kettle
4/04/2009,Derby,Burnley,1,1,D,G Hegley
4/04/2009,Doncaster,Watford,1,2,A,G Laws
4/04/2009,Norwich,Sheffield Weds,0,1,A,M Russell
4/04/2009,QPR,Crystal Palace,0,0,D,S Mathieson
4/04/2009,Sheffield United,Ipswich,2,0,H,N Miller
4/04/2009,Southampton,Charlton,2,3,A,J Moss
22/03/2009,Cardiff,Sheffield United,0,3,A,P Taylor
21/03/2009,Birmingham,Norwich,1,1,D,M Haywood
21/03/2009,Blackpool,Southampton,1,1,D,D Foster
21/03/2009,Charlton,Preston,0,0,D,D Deadman
21/03/2009,Coventry,Doncaster,1,0,H,R Beeby
21/03/2009,Crystal Palace,Reading,0,0,D,A D'Urso
21/03/2009,Derby,Barnsley,0,0,D,A Penn
21/03/2009,Ipswich,Watford,0,0,D,C Webster
21/03/2009,Nott'm Forest,Wolves,0,1,A,P Crossley
21/03/2009,Plymouth,Burnley,1,2,A,R Booth
21/03/2009,QPR,Bristol City,2,1,H,G Hegley
21/03/2009,Sheffield Weds,Swansea,0,0,D,M Jones
18/03/2009,Cardiff,Watford,2,1,H,A Hall
17/03/2009,Barnsley,Crystal Palace,3,1,H,G Salisbury
17/03/2009,Doncaster,Reading,0,1,A,P Taylor
17/03/2009,Ipswich,Burnley,1,1,D,R Shoebridge
17/03/2009,QPR,Swansea,1,0,H,G Horwood
15/03/2009,Bristol City,Cardiff,1,1,D,L Mason
14/03/2009,Barnsley,Blackpool,0,1,A,C Webster
14/03/2009,Burnley,Nott'm Forest,5,0,H,D Whitestone
14/03/2009,Doncaster,Birmingham,0,2,A,P Walton
14/03/2009,Norwich,Plymouth,1,0,H,F Graham
14/03/2009,Preston,Coventry,2,1,H,K Friend
14/03/2009,Reading,Ipswich,0,1,A,M Oliver
14/03/2009,Sheffield United,Derby,4,2,H,I Williamson
14/03/2009,Southampton,QPR,0,0,D,M Jones
14/03/2009,Swansea,Crystal Palace,1,3,A,R East
14/03/2009,Watford,Sheffield Weds,2,2,D,A Woolmer
14/03/2009,Wolves,Charlton,2,1,H,G Laws
11/03/2009,Burnley,Crystal Palace,4,2,H,C Boyeson
10/03/2009,Barnsley,Birmingham,1,1,D,G Horwood
10/03/2009,Bristol City,Coventry,2,0,H,P Crossley
10/03/2009,Doncaster,QPR,2,0,H,C Webster
10/03/2009,Norwich,Cardiff,2,0,H,T Kettle
10/03/2009,Preston,Sheffield Weds,1,1,D,A Penn
10/03/2009,Reading,Charlton,2,2,D,A Taylor
10/03/2009,Sheffield United,Blackpool,2,2,D,R Booth
10/03/2009,Southampton,Derby,1,1,D,K Friend
10/03/2009,Swansea,Plymouth,1,0,H,I Williamson
10/03/2009,Watford,Nott'm Forest,2,1,H,M Haywood
10/03/2009,Wolves,Ipswich,0,0,D,G Salisbury
7/03/2009,Birmingham,Southampton,1,0,H,M Atkinson
7/03/2009,Blackpool,Norwich,2,0,H,C Oliver
7/03/2009,Cardiff,Doncaster,3,0,H,G Hegley
7/03/2009,Charlton,Watford,2,3,A,A Penn
7/03/2009,Crystal Palace,Preston,2,1,H,R Booth
7/03/2009,Derby,Bristol City,2,1,H,K Stroud
7/03/2009,Nott'm Forest,Swansea,1,1,D,J Moss
7/03/2009,Plymouth,Reading,2,2,D,A Bates
7/03/2009,QPR,Sheffield United,0,0,D,N Swarbrick
7/03/2009,Sheffield Weds,Wolves,0,1,A,S Mathieson
4/03/2009,Birmingham,Bristol City,1,0,H,J Moss
4/03/2009,Coventry,Sheffield United,1,2,A,K Wright
3/03/2009,Blackpool,Burnley,0,1,A,L Mason
3/03/2009,Cardiff,Barnsley,3,1,H,P Miller
3/03/2009,Charlton,Doncaster,1,2,A,R Styles
3/03/2009,Crystal Palace,Wolves,0,1,A,G Horwood
3/03/2009,Derby,Swansea,2,2,D,P Crossley
3/03/2009,Ipswich,Southampton,0,3,A,A D'Urso
3/03/2009,Nott'm Forest,Preston,2,1,H,P Walton
3/03/2009,Plymouth,Watford,2,1,H,N Miller
3/03/2009,QPR,Norwich,0,1,A,G Scott
3/03/2009,Sheffield Weds,Reading,1,2,A,A Hall
1/03/2009,Sheffield United,Birmingham,2,1,H,L Mason
28/02/2009,Barnsley,QPR,2,1,H,R Shoebridge
28/02/2009,Bristol City,Blackpool,0,0,D,K Hill
28/02/2009,Burnley,Sheffield Weds,2,4,A,A D'Urso
28/02/2009,Norwich,Coventry,1,2,A,P Taylor
28/02/2009,Preston,Ipswich,3,2,H,S Tanner
28/02/2009,Reading,Nott'm Forest,0,1,A,N Swarbrick
28/02/2009,Southampton,Cardiff,1,0,H,K Wright
28/02/2009,Swansea,Charlton,1,1,D,K Stroud
28/02/2009,Watford,Crystal Palace,2,0,H,G Hegley
28/02/2009,Wolves,Plymouth,0,1,A,C Boyeson
27/02/2009,Doncaster,Derby,2,1,H,R Booth
25/02/2009,Cardiff,QPR,0,0,D,R East
24/02/2009,Crystal Palace,Birmingham,0,0,D,P Taylor
22/02/2009,Wolves,Cardiff,2,2,D,D Deadman
21/02/2009,Barnsley,Charlton,0,0,D,M Oliver
21/02/2009,Blackpool,Watford,0,2,A,J Moss
21/02/2009,Coventry,Birmingham,1,0,H,C Oliver
21/02/2009,Norwich,Burnley,1,1,D,K Friend
21/02/2009,Nott'm Forest,Derby,1,3,A,A Marriner
21/02/2009,Plymouth,Sheffield United,2,2,D,A Woolmer
21/02/2009,QPR,Ipswich,1,3,A,S Attwell
21/02/2009,Reading,Bristol City,0,2,A,A Penn
21/02/2009,Sheffield Weds,Crystal Palace,2,0,H,C Webster
21/02/2009,Southampton,Preston,3,1,H,P Miller
21/02/2009,Swansea,Doncaster,3,1,H,S Mathieson
18/02/2009,Derby,Blackpool,4,1,H,D Whitestone
18/02/2009,Ipswich,Nott'm Forest,2,1,H,M Atkinson
17/02/2009,Burnley,Coventry,1,1,D,D Foster
17/02/2009,Doncaster,Bristol City,1,0,H,C Oliver
17/02/2009,Plymouth,Crystal Palace,1,3,A,R Shoebridge
17/02/2009,Sheffield Weds,Barnsley,0,1,A,R Booth
17/02/2009,Watford,Swansea,2,0,H,A Taylor
14/02/2009,Birmingham,Nott'm Forest,2,0,H,G Laws
14/02/2009,Bristol City,Southampton,2,0,H,M Oliver
14/02/2009,Burnley,Wolves,1,0,H,C Oliver
14/02/2009,Charlton,Plymouth,2,0,H,T Kettle
14/02/2009,Doncaster,Sheffield Weds,1,0,H,N Swarbrick
14/02/2009,Ipswich,Blackpool,1,1,D,P Crossley
14/02/2009,Preston,Norwich,1,0,H,R Shoebridge
7/02/2009,Birmingham,Burnley,1,1,D,K Stroud
7/02/2009,Blackpool,Doncaster,2,3,A,A Taylor
7/02/2009,Coventry,Wolves,2,1,H,M Oliver
7/02/2009,Norwich,Bristol City,1,2,A,A D'Urso
7/02/2009,Nott'm Forest,QPR,2,2,D,D Deadman
7/02/2009,Plymouth,Derby,0,3,A,S Cook
7/02/2009,Reading,Preston,0,0,D,M Jones
7/02/2009,Sheffield United,Sheffield Weds,1,2,A,M Halsey
7/02/2009,Swansea,Ipswich,3,0,H,K Wright
3/02/2009,Bristol City,Charlton,2,1,H,K Friend
3/02/2009,Preston,Plymouth,1,1,D,A Haines
3/02/2009,Southampton,Sheffield United,1,2,A,L Probert
3/02/2009,Wolves,Norwich,3,3,D,A Woolmer
31/01/2009,Bristol City,Barnsley,2,0,H,T Kettle
31/01/2009,Burnley,Charlton,2,1,H,R Beeby
31/01/2009,Cardiff,Nott'm Forest,2,0,H,G Hegley
31/01/2009,Crystal Palace,Blackpool,0,1,A,A Marriner
31/01/2009,Derby,Coventry,2,1,H,M Jones
31/01/2009,Ipswich,Plymouth,0,0,D,D Deadman
31/01/2009,Preston,Sheffield United,0,0,D,S Mathieson
31/01/2009,QPR,Reading,0,0,D,J Moss
31/01/2009,Sheffield Weds,Birmingham,1,1,D,P Crossley
31/01/2009,Southampton,Swansea,2,2,D,S Tanner
31/01/2009,Wolves,Watford,3,1,H,N Miller
30/01/2009,Doncaster,Norwich,1,1,D,M Oliver
28/01/2009,Coventry,Cardiff,0,2,A,A Bates
27/01/2009,Barnsley,Ipswich,1,2,A,C Boyeson
27/01/2009,Birmingham,Derby,1,0,H,G Salisbury
27/01/2009,Blackpool,QPR,0,3,A,G Laws
27/01/2009,Charlton,Crystal Palace,1,0,H,S Attwell
27/01/2009,Norwich,Southampton,2,2,D,L Mason
27/01/2009,Nott'm Forest,Sheffield Weds,2,1,H,S Mathieson
27/01/2009,Plymouth,Bristol City,0,2,A,P Taylor
27/01/2009,Reading,Wolves,1,0,H,R Booth
27/01/2009,Sheffield United,Doncaster,0,1,A,A Wiley
27/01/2009,Swansea,Preston,4,1,H,P Gibbs
27/01/2009,Watford,Burnley,3,0,H,J Linington
24/01/2009,Blackpool,Birmingham,2,0,H,S Tanner
17/01/2009,Birmingham,Cardiff,1,1,D,M Jones
17/01/2009,Bristol City,Wolves,2,2,D,M Haywood
17/01/2009,Coventry,Blackpool,2,1,H,C Pawson
17/01/2009,Crystal Palace,Ipswich,1,4,A,C Penton
17/01/2009,Derby,QPR,0,2,A,K Wright
17/01/2009,Norwich,Barnsley,4,0,H,S Hooper
17/01/2009,Nott'm Forest,Plymouth,2,0,H,K Stroud
17/01/2009,Preston,Burnley,2,1,H,P Taylor
17/01/2009,Sheffield Weds,Charlton,4,1,H,D Deadman
17/01/2009,Southampton,Doncaster,1,2,A,A Woolmer
17/01/2009,Swansea,Reading,2,0,H,F Graham
17/01/2009,Watford,Sheffield United,0,2,A,K Friend
10/01/2009,Barnsley,Southampton,0,1,A,A Bates
10/01/2009,Burnley,Swansea,0,2,A,M Oliver
10/01/2009,Charlton,Nott'm Forest,0,2,A,A Woolmer
10/01/2009,Ipswich,Sheffield Weds,1,1,D,G Horwood
10/01/2009,QPR,Coventry,1,1,D,K Stroud
10/01/2009,Sheffield United,Norwich,1,0,H,M Halsey
10/01/2009,Wolves,Preston,1,3,A,C Webster
9/01/2009,Reading,Watford,4,0,H,A D'Urso
29/12/2008,Blackpool,Wolves,2,2,D,K Friend
28/12/2008,Barnsley,Preston,1,1,D,A Taylor
28/12/2008,Birmingham,Swansea,0,0,D,M Riley
28/12/2008,Bristol City,Crystal Palace,1,0,H,A Penn
28/12/2008,Cardiff,Plymouth,1,0,H,S Attwell
28/12/2008,Coventry,Sheffield Weds,2,0,H,G Laws
28/12/2008,Derby,Ipswich,0,1,A,K Stroud
28/12/2008,Doncaster,Burnley,2,1,H,T Kettle
28/12/2008,Norwich,Nott'm Forest,2,3,A,J Moss
28/12/2008,QPR,Watford,0,0,D,C Penton
28/12/2008,Sheffield United,Charlton,3,1,H,C Webster
28/12/2008,Southampton,Reading,1,1,D,P Crossley
26/12/2008,Burnley,Barnsley,1,2,A,S Mathieson
26/12/2008,Charlton,QPR,2,2,D,P Taylor
26/12/2008,Crystal Palace,Norwich,3,1,H,K Stroud
26/12/2008,Ipswich,Birmingham,0,1,A,I Williamson
26/12/2008,Nott'm Forest,Doncaster,2,4,A,P Dowd
26/12/2008,Plymouth,Southampton,2,0,H,R East
26/12/2008,Preston,Derby,2,0,H,K Friend
26/12/2008,Reading,Cardiff,1,1,D,A Hall
26/12/2008,Sheffield Weds,Blackpool,1,1,D,M Oliver
26/12/2008,Swansea,Coventry,0,0,D,S Tanner
26/12/2008,Watford,Bristol City,2,4,A,F Graham
26/12/2008,Wolves,Sheffield United,1,1,D,A Bates
20/12/2008,Barnsley,Plymouth,2,0,H,D Whitestone
20/12/2008,Birmingham,Reading,1,3,A,M Dean
20/12/2008,Blackpool,Swansea,1,1,D,D Deadman
20/12/2008,Bristol City,Burnley,1,2,A,R Booth
20/12/2008,Cardiff,Sheffield Weds,2,0,H,K Friend
20/12/2008,Coventry,Ipswich,2,2,D,R Styles
20/12/2008,Derby,Watford,1,0,H,C Boyeson
20/12/2008,Doncaster,Wolves,0,1,A,K Wright
20/12/2008,Norwich,Charlton,1,0,H,M Haywood
20/12/2008,QPR,Preston,3,2,H,A Wiley
20/12/2008,Sheffield United,Crystal Palace,2,2,D,P Taylor
20/12/2008,Southampton,Nott'm Forest,0,2,A,I Williamson
15/12/2008,Charlton,Derby,2,2,D,A D'Urso
13/12/2008,Burnley,Southampton,3,2,H,P Dowd
13/12/2008,Crystal Palace,Doncaster,2,1,H,A Hall
13/12/2008,Ipswich,Cardiff,1,2,A,A Woolmer
13/12/2008,Nott'm Forest,Blackpool,0,0,D,P Miller
13/12/2008,Plymouth,QPR,1,1,D,K Friend
13/12/2008,Preston,Birmingham,1,0,H,C Oliver
13/12/2008,Reading,Norwich,2,0,H,T Kettle
13/12/2008,Sheffield Weds,Bristol City,0,0,D,R Shoebridge
13/12/2008,Swansea,Sheffield United,1,1,D,A Marriner
13/12/2008,Watford,Coventry,2,1,H,J Moss
13/12/2008,Wolves,Barnsley,2,0,H,G Salisbury
10/12/2008,Ipswich,Bristol City,3,1,H,P Taylor
10/12/2008,Watford,Norwich,2,1,H,P Crossley
9/12/2008,Burnley,Cardiff,2,2,D,C Webster
9/12/2008,Charlton,Coventry,1,2,A,D Whitestone
9/12/2008,Nott'm Forest,Sheffield United,0,1,A,G Salisbury
9/12/2008,Plymouth,Birmingham,0,1,A,K Wright
9/12/2008,Preston,Doncaster,1,0,H,G Laws
9/12/2008,Reading,Blackpool,1,0,H,J Singh
9/12/2008,Sheffield Weds,QPR,1,0,H,N Miller
9/12/2008,Swansea,Barnsley,2,2,D,G Horwood
9/12/2008,Wolves,Derby,3,0,H,G Hegley
8/12/2008,Crystal Palace,Southampton,3,0,H,D Deadman
7/12/2008,Norwich,Ipswich,2,0,H,L Probert
6/12/2008,Barnsley,Reading,0,1,A,C Oliver
6/12/2008,Birmingham,Watford,3,2,H,S Mathieson
6/12/2008,Blackpool,Charlton,2,0,H,M Jones
6/12/2008,Bristol City,Swansea,0,0,D,L Mason
6/12/2008,Cardiff,Preston,2,0,H,A D'Urso
6/12/2008,Coventry,Nott'm Forest,2,2,D,N Swarbrick
6/12/2008,Derby,Crystal Palace,1,2,A,M Oliver
6/12/2008,Doncaster,Plymouth,1,0,H,R Beeby
6/12/2008,QPR,Wolves,1,0,H,I Williamson
6/12/2008,Sheffield United,Burnley,2,3,A,A Taylor
6/12/2008,Southampton,Sheffield Weds,1,1,D,G Hegley
1/12/2008,Reading,Coventry,3,1,H,K Wright
30/11/2008,Swansea,Cardiff,2,2,D,M Atkinson
29/11/2008,Burnley,Derby,3,0,H,S Tanner
29/11/2008,Charlton,Southampton,0,0,D,S Mathieson
29/11/2008,Crystal Palace,QPR,0,0,D,R Styles
29/11/2008,Ipswich,Sheffield United,1,1,D,D Whitestone
29/11/2008,Nott'm Forest,Barnsley,1,0,H,P Crossley
29/11/2008,Plymouth,Blackpool,1,2,A,T Kettle
29/11/2008,Preston,Bristol City,2,0,H,R Beeby
29/11/2008,Sheffield Weds,Norwich,3,2,H,A Bates
29/11/2008,Watford,Doncaster,1,1,D,I Williamson
29/11/2008,Wolves,Birmingham,1,1,D,P Taylor
25/11/2008,Birmingham,Ipswich,2,1,H,R Shoebridge
25/11/2008,Blackpool,Sheffield Weds,0,2,A,C Boyeson
25/11/2008,Bristol City,Watford,1,1,D,N Swarbrick
25/11/2008,Cardiff,Reading,2,2,D,P Walton
25/11/2008,Coventry,Swansea,1,1,D,M Haywood
25/11/2008,Derby,Preston,2,2,D,A Woolmer
25/11/2008,Doncaster,Nott'm Forest,0,0,D,A Penn
25/11/2008,Norwich,Crystal Palace,1,2,A,D Whitestone
25/11/2008,QPR,Charlton,2,1,H,K Stroud
25/11/2008,Sheffield United,Wolves,1,3,A,G Laws
25/11/2008,Southampton,Plymouth,0,0,D,A D'Urso
24/11/2008,Barnsley,Burnley,3,2,H,N Miller
22/11/2008,Burnley,Doncaster,0,0,D,S Bennett
22/11/2008,Charlton,Sheffield United,2,5,A,S Tanner
22/11/2008,Crystal Palace,Bristol City,4,2,H,G Hegley
22/11/2008,Ipswich,Derby,2,0,H,M Russell
22/11/2008,Nott'm Forest,Norwich,1,2,A,M Oliver
22/11/2008,Plymouth,Cardiff,2,1,H,P Taylor
22/11/2008,Preston,Barnsley,2,1,H,A Hall
22/11/2008,Reading,Southampton,1,2,A,L Probert
22/11/2008,Sheffield Weds,Coventry,0,1,A,K Friend
22/11/2008,Watford,QPR,3,0,H,A Penn
22/11/2008,Wolves,Blackpool,2,0,H,A D'Urso
21/11/2008,Swansea,Birmingham,2,3,A,A Taylor
16/11/2008,Blackpool,Preston,1,3,A,M Dean
15/11/2008,Barnsley,Watford,2,1,H,C Webster
15/11/2008,Birmingham,Charlton,3,2,H,K Hill
15/11/2008,Bristol City,Nott'm Forest,2,2,D,G Horwood
15/11/2008,Cardiff,Crystal Palace,2,1,H,J Moss
15/11/2008,Coventry,Plymouth,0,1,A,N Miller
15/11/2008,Derby,Sheffield Weds,3,0,H,K Stroud
15/11/2008,Doncaster,Ipswich,1,0,H,K Friend
15/11/2008,Norwich,Swansea,2,3,A,G Hegley
15/11/2008,QPR,Burnley,1,2,A,A Woolmer
15/11/2008,Sheffield United,Reading,0,2,A,M Oliver
15/11/2008,Southampton,Wolves,1,2,A,L Mason
9/11/2008,Swansea,Watford,3,1,H,R Shoebridge
8/11/2008,Barnsley,Sheffield United,1,2,A,A D'Urso
8/11/2008,Blackpool,Ipswich,0,1,A,C Webster
8/11/2008,Coventry,Crystal Palace,0,2,A,C Oliver
8/11/2008,Norwich,Preston,2,2,D,P Taylor
8/11/2008,Nott'm Forest,Birmingham,1,1,D,P Dowd
8/11/2008,Plymouth,Charlton,2,2,D,A Hall
8/11/2008,QPR,Cardiff,1,0,H,L Probert
8/11/2008,Reading,Derby,3,0,H,D Mattison
8/11/2008,Sheffield Weds,Doncaster,1,0,H,L Mason
8/11/2008,Southampton,Bristol City,0,1,A,A Penn
8/11/2008,Wolves,Burnley,2,0,H,D Deadman
3/11/2008,Birmingham,Coventry,0,1,A,A Bates
2/11/2008,Derby,Nott'm Forest,1,1,D,S Attwell
1/11/2008,Bristol City,Reading,1,4,A,J Moss
1/11/2008,Burnley,Norwich,2,0,H,G Laws
1/11/2008,Cardiff,Wolves,1,2,A,S Tanner
1/11/2008,Charlton,Barnsley,1,3,A,N Swarbrick
1/11/2008,Crystal Palace,Sheffield Weds,1,1,D,K Wright
1/11/2008,Doncaster,Swansea,0,0,D,K Stroud
1/11/2008,Ipswich,QPR,2,0,H,T Kettle
1/11/2008,Preston,Southampton,2,3,A,M Haywood
1/11/2008,Sheffield United,Plymouth,2,0,H,S Mathieson
1/11/2008,Watford,Blackpool,3,4,A,R East
28/10/2008,Bristol City,Sheffield United,0,0,D,R Styles
28/10/2008,Burnley,Reading,1,0,H,M Haywood
28/10/2008,Cardiff,Blackpool,2,0,H,R Shoebridge
28/10/2008,Crystal Palace,Nott'm Forest,1,2,A,A D'Urso
28/10/2008,Derby,Norwich,3,1,H,N Swarbrick
28/10/2008,Doncaster,Barnsley,0,1,A,A Wiley
28/10/2008,Ipswich,Charlton,1,1,D,K Wright
28/10/2008,Preston,Watford,2,0,H,M Oliver
28/10/2008,QPR,Birmingham,1,0,H,S Attwell
28/10/2008,Sheffield Weds,Plymouth,0,1,A,G Laws
28/10/2008,Southampton,Coventry,1,1,D,F Graham
28/10/2008,Wolves,Swansea,2,1,H,R Beeby
25/10/2008,Barnsley,Bristol City,0,0,D,M Russell
25/10/2008,Birmingham,Sheffield Weds,3,1,H,P Taylor
25/10/2008,Blackpool,Crystal Palace,2,2,D,A Taylor
25/10/2008,Charlton,Burnley,1,1,D,R Shoebridge
25/10/2008,Coventry,Derby,1,1,D,I Williamson
25/10/2008,Norwich,Doncaster,2,1,H,C Penton
25/10/2008,Nott'm Forest,Cardiff,0,1,A,K Stroud
25/10/2008,Plymouth,Ipswich,1,3,A,P Miller
25/10/2008,Reading,QPR,0,0,D,C Foy
25/10/2008,Sheffield United,Preston,1,0,H,D Whitestone
25/10/2008,Swansea,Southampton,3,0,H,P Walton
25/10/2008,Watford,Wolves,2,3,A,A Woolmer
21/10/2008,Barnsley,Sheffield Weds,2,1,H,P Crossley
21/10/2008,Birmingham,Crystal Palace,1,0,H,N Miller
21/10/2008,Blackpool,Derby,3,2,H,A Hall
21/10/2008,Charlton,Bristol City,0,2,A,C Penton
21/10/2008,Coventry,Burnley,1,3,A,M Thorpe
21/10/2008,Norwich,Wolves,5,2,H,G Horwood
21/10/2008,Nott'm Forest,Ipswich,1,1,D,G Laws
21/10/2008,Plymouth,Preston,1,0,H,A Penn
21/10/2008,Reading,Doncaster,2,1,H,D Deadman
21/10/2008,Sheffield United,Southampton,0,0,D,C Oliver
21/10/2008,Swansea,QPR,0,0,D,A Bates
21/10/2008,Watford,Cardiff,2,2,D,R Beeby
19/10/2008,Sheffield Weds,Sheffield United,1,0,H,M Dean
18/10/2008,Bristol City,Norwich,1,0,H,A Hall
18/10/2008,Burnley,Birmingham,1,1,D,L Probert
18/10/2008,Cardiff,Charlton,2,0,H,K Friend
18/10/2008,Crystal Palace,Barnsley,3,0,H,A Bates
18/10/2008,Derby,Plymouth,2,1,H,C Webster
18/10/2008,Doncaster,Blackpool,0,0,D,D Drysdale
18/10/2008,Ipswich,Swansea,2,2,D,J Moss
18/10/2008,Preston,Reading,2,1,H,N Miller
18/10/2008,QPR,Nott'm Forest,2,1,H,F Graham
18/10/2008,Southampton,Watford,0,3,A,T Kettle
18/10/2008,Wolves,Coventry,2,1,H,S Bennett
4/10/2008,Barnsley,Doncaster,4,1,H,S Tanner
4/10/2008,Birmingham,QPR,1,0,H,A D'Urso
4/10/2008,Blackpool,Cardiff,1,1,D,N Miller
4/10/2008,Charlton,Ipswich,2,1,H,G Hegley
4/10/2008,Coventry,Southampton,4,1,H,M Jones
4/10/2008,Norwich,Derby,1,2,A,D Deadman
4/10/2008,Nott'm Forest,Crystal Palace,0,2,A,R Beeby
4/10/2008,Plymouth,Sheffield Weds,4,0,H,R East
4/10/2008,Reading,Burnley,3,1,H,K Friend
4/10/2008,Sheffield United,Bristol City,3,0,H,K Stroud
4/10/2008,Swansea,Wolves,3,1,H,T Kettle
4/10/2008,Watford,Preston,2,1,H,K Wright
30/09/2008,Bristol City,Plymouth,2,2,D,I Williamson
30/09/2008,Burnley,Watford,3,2,H,S Bratt
30/09/2008,Cardiff,Coventry,2,1,H,R East
30/09/2008,Crystal Palace,Charlton,1,0,H,M Russell
30/09/2008,Derby,Birmingham,1,1,D,M Oliver
30/09/2008,Doncaster,Sheffield United,0,2,A,A Bates
30/09/2008,Ipswich,Barnsley,3,0,H,K Friend
30/09/2008,Preston,Swansea,0,2,A,C Boyeson
30/09/2008,QPR,Blackpool,1,1,D,G Hegley
30/09/2008,Sheffield Weds,Nott'm Forest,1,0,H,A D'Urso
30/09/2008,Southampton,Norwich,2,0,H,R Beeby
30/09/2008,Wolves,Reading,0,3,A,R Shoebridge
27/09/2008,Barnsley,Norwich,0,0,D,N Miller
27/09/2008,Blackpool,Coventry,1,1,D,M Oliver
27/09/2008,Burnley,Preston,3,1,H,L Mason
27/09/2008,Cardiff,Birmingham,1,2,A,M Jones
27/09/2008,Charlton,Sheffield Weds,1,2,A,D Whitestone
27/09/2008,Doncaster,Southampton,0,2,A,M Russell
27/09/2008,Ipswich,Crystal Palace,1,1,D,D Deadman
27/09/2008,Plymouth,Nott'm Forest,1,0,H,K Wright
27/09/2008,QPR,Derby,0,2,A,A Taylor
27/09/2008,Reading,Swansea,4,0,H,S Mathieson
27/09/2008,Sheffield United,Watford,2,1,H,M Halsey
27/09/2008,Wolves,Bristol City,2,0,H,P Crossley
20/09/2008,Birmingham,Blackpool,0,1,A,M Russell
20/09/2008,Bristol City,Doncaster,4,1,H,J Singh
20/09/2008,Coventry,QPR,1,0,H,D Whitestone
20/09/2008,Crystal Palace,Plymouth,1,2,A,N Swarbrick
20/09/2008,Derby,Cardiff,1,1,D,M Haywood
20/09/2008,Norwich,Sheffield United,1,0,H,P Crossley
20/09/2008,Nott'm Forest,Charlton,0,0,D,K Evans
20/09/2008,Preston,Wolves,1,3,A,M Atkinson
20/09/2008,Sheffield Weds,Ipswich,0,0,D,M Jones
20/09/2008,Southampton,Barnsley,0,0,D,A D'Urso
20/09/2008,Swansea,Burnley,1,1,D,A Hall
20/09/2008,Watford,Reading,2,2,D,S Attwell
17/09/2008,Norwich,QPR,0,1,A,R Shoebridge
17/09/2008,Southampton,Ipswich,2,2,D,P Crossley
16/09/2008,Barnsley,Cardiff,0,1,A,G Laws
16/09/2008,Bristol City,Birmingham,1,2,A,K Friend
16/09/2008,Burnley,Blackpool,2,0,H,J Moss
16/09/2008,Doncaster,Charlton,0,1,A,N Miller
16/09/2008,Preston,Nott'm Forest,2,1,H,C Webster
16/09/2008,Reading,Sheffield Weds,6,0,H,A Woolmer
16/09/2008,Sheffield United,Coventry,1,1,D,D Deadman
16/09/2008,Swansea,Derby,1,1,D,A Penn
16/09/2008,Watford,Plymouth,1,2,A,C Penton
16/09/2008,Wolves,Crystal Palace,2,1,H,S Mathieson
14/09/2008,QPR,Southampton,4,1,H,K Friend
13/09/2008,Birmingham,Doncaster,1,0,H,G Ward
13/09/2008,Blackpool,Barnsley,1,0,H,A Bates
13/09/2008,Cardiff,Bristol City,0,0,D,P Walton
13/09/2008,Charlton,Wolves,1,3,A,A Taylor
13/09/2008,Coventry,Preston,0,0,D,G Hegley
13/09/2008,Crystal Palace,Swansea,2,0,H,L Mason
13/09/2008,Derby,Sheffield United,2,1,H,C Foy
13/09/2008,Ipswich,Reading,2,0,H,K Hill
13/09/2008,Nott'm Forest,Burnley,1,2,A,C Penton
13/09/2008,Plymouth,Norwich,1,2,A,A Woolmer
13/09/2008,Sheffield Weds,Watford,2,0,H,G Salisbury
30/08/2008,Barnsley,Derby,2,0,H,G Salisbury
30/08/2008,Bristol City,QPR,1,1,D,D Deadman
30/08/2008,Burnley,Plymouth,0,0,D,M Oliver
30/08/2008,Doncaster,Coventry,1,0,H,R Shoebridge
30/08/2008,Norwich,Birmingham,1,1,D,J Moss
30/08/2008,Preston,Charlton,2,1,H,C Oliver
30/08/2008,Reading,Crystal Palace,4,2,H,C Penton
30/08/2008,Sheffield United,Cardiff,0,0,D,C Webster
30/08/2008,Southampton,Blackpool,0,1,A,A Marriner
30/08/2008,Swansea,Sheffield Weds,1,1,D,K Friend
30/08/2008,Watford,Ipswich,2,1,H,L Probert
30/08/2008,Wolves,Nott'm Forest,5,1,H,G Hegley
23/08/2008,Birmingham,Barnsley,2,0,H,R Beeby
23/08/2008,Blackpool,Sheffield United,1,3,A,S Mathieson
23/08/2008,Cardiff,Norwich,2,2,D,A Taylor
23/08/2008,Charlton,Reading,4,2,H,L Mason
23/08/2008,Coventry,Bristol City,0,3,A,P Dowd
23/08/2008,Crystal Palace,Burnley,0,0,D,I Williamson
23/08/2008,Derby,Southampton,0,1,A,G Laws
23/08/2008,Ipswich,Wolves,0,2,A,S Tanner
23/08/2008,Nott'm Forest,Watford,3,2,H,M Haywood
23/08/2008,Plymouth,Swansea,0,1,A,A D'Urso
23/08/2008,QPR,Doncaster,2,0,H,M Thorpe
23/08/2008,Sheffield Weds,Preston,1,1,D,M Russell
16/08/2008,Barnsley,Coventry,1,2,A,S Bratt
16/08/2008,Bristol City,Derby,1,1,D,S Attwell
16/08/2008,Burnley,Ipswich,0,3,A,A Bates
16/08/2008,Doncaster,Cardiff,1,1,D,M Halsey
16/08/2008,Norwich,Blackpool,1,1,D,K Friend
16/08/2008,Preston,Crystal Palace,2,0,H,A Woolmer
16/08/2008,Reading,Plymouth,2,0,H,R Beeby
16/08/2008,Sheffield United,QPR,3,0,H,G Laws
16/08/2008,Southampton,Birmingham,1,2,A,C Penton
16/08/2008,Swansea,Nott'm Forest,3,1,H,P Taylor
16/08/2008,Watford,Charlton,1,0,H,I Williamson
16/08/2008,Wolves,Sheffield Weds,4,1,H,M Jones
10/08/2008,Nott'm Forest,Reading,0,0,D,S Attwell
9/08/2008,Birmingham,Sheffield United,1,0,H,K Stroud
9/08/2008,Blackpool,Bristol City,0,1,A,G Laws
9/08/2008,Cardiff,Southampton,2,1,H,S Mathieson
9/08/2008,Charlton,Swansea,2,0,H,R Beeby
9/08/2008,Coventry,Norwich,2,0,H,C Webster
9/08/2008,Crystal Palace,Watford,0,0,D,M Jones
9/08/2008,Derby,Doncaster,0,1,A,A D'Urso
9/08/2008,Ipswich,Preston,1,2,A,P Taylor
9/08/2008,Plymouth,Wolves,2,2,D,K Friend
9/08/2008,QPR,Barnsley,2,1,H,N Swarbrick
9/08/2008,Sheffield Weds,Burnley,4,1,H,C Oliver
4/05/2008,Blackpool,Watford,1,1,D,G Laws
4/05/2008,Bristol City,Preston,3,0,H,I Williamson
4/05/2008,Cardiff,Barnsley,3,0,H,C Penton
4/05/2008,Charlton,Coventry,4,1,H,A D'Urso
4/05/2008,Crystal Palace,Burnley,5,0,H,K Friend
4/05/2008,Ipswich,Hull,1,0,H,A Marriner
4/05/2008,QPR,West Brom,0,2,A,P Taylor
4/05/2008,Scunthorpe,Colchester,3,3,D,R Booth
4/05/2008,Sheffield Weds,Norwich,4,1,H,M Clattenburg
4/05/2008,Southampton,Sheffield United,3,2,H,P Joslin
4/05/2008,Stoke,Leicester,0,0,D,M Dean
4/05/2008,Wolves,Plymouth,1,0,H,M Pike
28/04/2008,West Brom,Southampton,1,1,D,L Mason
26/04/2008,Barnsley,Charlton,3,0,H,R Beeby
26/04/2008,Burnley,Cardiff,3,3,D,A Hall
26/04/2008,Colchester,Stoke,0,1,A,K Friend
26/04/2008,Coventry,Wolves,1,1,D,P Armstrong
26/04/2008,Hull,Crystal Palace,2,1,H,R Booth
26/04/2008,Leicester,Sheffield Weds,1,3,A,C Foy
26/04/2008,Norwich,QPR,3,0,H,P Joslin
26/04/2008,Plymouth,Blackpool,3,0,H,K Wright
26/04/2008,Preston,Ipswich,2,2,D,E Ilderton
26/04/2008,Sheffield United,Bristol City,2,1,H,M Halsey
26/04/2008,Watford,Scunthorpe,0,1,A,A D'Urso
22/04/2008,Wolves,Cardiff,3,0,H,M Halsey
19/04/2008,Barnsley,Leicester,0,1,A,M Halsey
19/04/2008,Blackpool,Sheffield Weds,2,1,H,N Miller
19/04/2008,Colchester,Coventry,1,5,A,C Webster
19/04/2008,Norwich,West Brom,1,2,A,I Williamson
19/04/2008,Plymouth,Preston,2,2,D,A Penn
19/04/2008,QPR,Charlton,1,0,H,T Kettle
19/04/2008,Scunthorpe,Cardiff,3,2,H,P Joslin
19/04/2008,Sheffield United,Hull,2,0,H,P Dowd
19/04/2008,Southampton,Burnley,0,1,A,P Taylor
19/04/2008,Stoke,Bristol City,2,1,H,M Riley
19/04/2008,Watford,Crystal Palace,0,2,A,H Webb
19/04/2008,Wolves,Ipswich,1,1,D,S Mathieson
15/04/2008,Barnsley,Hull,1,3,A,S Attwell
15/04/2008,Wolves,West Brom,0,1,A,M Clattenburg
14/04/2008,Sheffield Weds,Plymouth,1,1,D,K Friend
13/04/2008,Ipswich,Norwich,2,1,H,M Jones
12/04/2008,Bristol City,Wolves,0,0,D,P Taylor
12/04/2008,Burnley,Sheffield United,1,2,A,M Russell
12/04/2008,Cardiff,Blackpool,3,1,H,A Bates
12/04/2008,Charlton,Southampton,1,1,D,A Hall
12/04/2008,Coventry,Stoke,1,2,A,U Rennie
12/04/2008,Crystal Palace,Scunthorpe,2,0,H,K Hill
12/04/2008,Hull,QPR,1,1,D,G Laws
12/04/2008,Leicester,Colchester,1,1,D,N Swarbrick
12/04/2008,Preston,Barnsley,1,2,A,A Taylor
12/04/2008,West Brom,Watford,1,1,D,M Dean
9/04/2008,Ipswich,Cardiff,1,1,D,R Booth
9/04/2008,Watford,Barnsley,0,3,A,P Armstrong
8/04/2008,Blackpool,West Brom,1,3,A,J Moss
8/04/2008,Sheffield United,Sheffield Weds,2,2,D,S Bennett
7/04/2008,Stoke,Crystal Palace,1,2,A,M Clattenburg
5/04/2008,Colchester,Ipswich,2,0,H,A D'Urso
5/04/2008,Norwich,Burnley,2,0,H,R Booth
5/04/2008,Plymouth,Charlton,1,2,A,I Williamson
5/04/2008,QPR,Preston,2,2,D,C Penton
5/04/2008,Scunthorpe,Sheffield Weds,1,1,D,S Tanner
5/04/2008,Sheffield United,Leicester,3,0,H,M Pike
5/04/2008,Southampton,Bristol City,2,0,H,S Attwell
5/04/2008,Watford,Coventry,2,1,H,D Deadman
1/04/2008,Cardiff,West Brom,0,0,D,M Atkinson
1/04/2008,Sheffield Weds,Coventry,1,1,D,G Laws
29/03/2008,Bristol City,Norwich,2,1,H,A D'Urso
29/03/2008,Burnley,Barnsley,2,1,H,C Webster
29/03/2008,Cardiff,Southampton,1,0,H,M Jones
29/03/2008,Charlton,Wolves,2,3,A,K Stroud
29/03/2008,Coventry,Plymouth,3,1,H,R Beeby
29/03/2008,Crystal Palace,Blackpool,0,0,D,A Taylor
29/03/2008,Hull,Watford,3,0,H,U Rennie
29/03/2008,Ipswich,QPR,0,0,D,P Armstrong
29/03/2008,Leicester,Scunthorpe,1,0,H,R Shoebridge
29/03/2008,Preston,Sheffield United,3,1,H,C Oliver
29/03/2008,Sheffield Weds,Stoke,1,1,D,P Taylor
29/03/2008,West Brom,Colchester,4,3,H,G Laws
22/03/2008,Barnsley,Sheffield United,0,1,A,L Probert
22/03/2008,Cardiff,Bristol City,2,1,H,K Stroud
22/03/2008,Leicester,Hull,0,2,A,R Beeby
22/03/2008,Norwich,Colchester,5,1,H,M Haywood
22/03/2008,Plymouth,Watford,1,1,D,P Joslin
22/03/2008,Preston,Burnley,2,1,H,U Rennie
22/03/2008,Scunthorpe,Ipswich,1,2,A,I Williamson
22/03/2008,Sheffield Weds,Crystal Palace,2,2,D,R Booth
22/03/2008,Southampton,Coventry,0,0,D,C Penton
22/03/2008,Stoke,Blackpool,1,1,D,M Pike
22/03/2008,Wolves,QPR,3,3,D,C Oliver
21/03/2008,Charlton,West Brom,1,1,D,K Friend
18/03/2008,Colchester,Hull,1,3,A,P Miller
18/03/2008,Wolves,Scunthorpe,2,1,H,M Haywood
15/03/2008,Blackpool,Preston,0,0,D,L Probert
15/03/2008,Bristol City,Plymouth,1,2,A,A Bates
15/03/2008,Burnley,Wolves,1,3,A,P Walton
15/03/2008,Colchester,Cardiff,1,1,D,K Wright
15/03/2008,Coventry,Sheffield Weds,0,0,D,J Singh
15/03/2008,Crystal Palace,Barnsley,2,0,H,I Williamson
15/03/2008,Hull,Southampton,5,0,H,E Ilderton
15/03/2008,Ipswich,Charlton,2,0,H,N Miller
15/03/2008,QPR,Scunthorpe,3,1,H,M Thorpe
15/03/2008,Sheffield United,Norwich,2,0,H,M Oliver
15/03/2008,Watford,Stoke,0,0,D,R Styles
15/03/2008,West Brom,Leicester,1,4,A,D Deadman
12/03/2008,Cardiff,Hull,1,0,H,L Probert
12/03/2008,West Brom,Crystal Palace,1,1,D,P Walton
11/03/2008,Barnsley,Ipswich,4,1,H,D Drysdale
11/03/2008,Bristol City,Watford,0,0,D,A Marriner
11/03/2008,Burnley,Charlton,1,0,H,P Joslin
11/03/2008,Colchester,Sheffield Weds,1,2,A,K Friend
11/03/2008,Norwich,Stoke,0,1,A,A Woolmer
11/03/2008,Preston,Wolves,2,1,H,J Moss
11/03/2008,QPR,Blackpool,3,2,H,K Hill
11/03/2008,Scunthorpe,Plymouth,1,0,H,S Attwell
11/03/2008,Sheffield United,Coventry,2,1,H,T Kettle
11/03/2008,Southampton,Leicester,1,0,H,D McDermid
8/03/2008,Blackpool,Southampton,2,2,D,D Foster
8/03/2008,Charlton,Preston,1,2,A,G Hegley
8/03/2008,Coventry,Norwich,1,0,H,P Taylor
8/03/2008,Crystal Palace,Colchester,2,1,H,P Joslin
8/03/2008,Hull,Scunthorpe,2,0,H,M Halsey
8/03/2008,Leicester,Bristol City,0,0,D,F Graham
8/03/2008,Plymouth,Sheffield United,0,1,A,A Hall
8/03/2008,Sheffield Weds,QPR,2,1,H,N Swarbrick
8/03/2008,Stoke,Burnley,1,1,D,H Webb
5/03/2008,Coventry,QPR,0,0,D,M Dean
4/03/2008,Blackpool,Barnsley,1,1,D,K Evans
4/03/2008,Charlton,Bristol City,1,1,D,P Dowd
4/03/2008,Crystal Palace,Cardiff,0,0,D,S Mathieson
4/03/2008,Hull,Burnley,2,0,H,M Riley
4/03/2008,Ipswich,Sheffield United,1,1,D,K Friend
4/03/2008,Leicester,Preston,0,1,A,R East
4/03/2008,Plymouth,Colchester,4,1,H,M Russell
4/03/2008,Sheffield Weds,West Brom,0,1,A,A D'Urso
4/03/2008,Watford,Norwich,1,1,D,K Stroud
4/03/2008,Wolves,Southampton,2,2,D,C Webster
2/03/2008,QPR,Stoke,3,0,H,L Mason
1/03/2008,Barnsley,Sheffield Weds,0,0,D,S Tanner
1/03/2008,Bristol City,Hull,2,1,H,C Penton
1/03/2008,Burnley,Watford,2,2,D,D Whitestone
1/03/2008,Cardiff,Leicester,0,1,A,M Thorpe
1/03/2008,Colchester,Wolves,0,1,A,I Williamson
1/03/2008,Norwich,Blackpool,1,2,A,R Shoebridge
1/03/2008,Preston,Crystal Palace,0,1,A,M Jones
1/03/2008,Scunthorpe,Coventry,2,1,H,S Bratt
1/03/2008,Sheffield United,Charlton,0,2,A,G Laws
1/03/2008,Southampton,Ipswich,1,1,D,M Russell
1/03/2008,West Brom,Plymouth,3,0,H,U Rennie
26/02/2008,Barnsley,QPR,0,0,D,E Ilderton
26/02/2008,Burnley,Coventry,2,0,H,A Bates
26/02/2008,Preston,Stoke,2,0,H,M Oliver
23/02/2008,Blackpool,Charlton,5,3,H,C Webster
23/02/2008,Colchester,Bristol City,1,2,A,A Taylor
23/02/2008,Coventry,Leicester,2,0,H,K Stroud
23/02/2008,Crystal Palace,Wolves,0,2,A,A Woolmer
23/02/2008,Norwich,Barnsley,1,0,H,G Hegley
23/02/2008,Plymouth,Burnley,3,1,H,J Singh
23/02/2008,QPR,Sheffield United,1,1,D,S Bennett
23/02/2008,Scunthorpe,Southampton,1,1,D,J Moss
23/02/2008,Sheffield Weds,Cardiff,1,0,H,D Deadman
23/02/2008,Stoke,Ipswich,1,0,H,M Jones
23/02/2008,Watford,Preston,0,0,D,A Bates
23/02/2008,West Brom,Hull,1,2,A,S Tanner
19/02/2008,Southampton,Plymouth,0,2,A,G Ward
18/02/2008,Bristol City,Crystal Palace,1,1,D,R Beeby
16/02/2008,Charlton,Watford,2,2,D,P Taylor
16/02/2008,Hull,Colchester,1,1,D,P Walton
16/02/2008,Ipswich,Blackpool,2,1,H,F Graham
16/02/2008,Leicester,Norwich,4,0,H,C Oliver
15/02/2008,Stoke,Scunthorpe,3,2,H,G Laws
12/02/2008,Blackpool,Wolves,0,0,D,L Mason
12/02/2008,Colchester,Preston,2,1,H,P Taylor
12/02/2008,Coventry,Cardiff,0,0,D,D McDermid
12/02/2008,Crystal Palace,Ipswich,0,1,A,C Penton
12/02/2008,Norwich,Hull,1,1,D,A Hall
12/02/2008,Plymouth,Barnsley,3,0,H,A Woolmer
12/02/2008,QPR,Burnley,2,4,A,K Friend
12/02/2008,Scunthorpe,Bristol City,0,1,A,D Foster
12/02/2008,Sheffield Weds,Charlton,0,0,D,K Stroud
12/02/2008,Stoke,Southampton,3,2,H,N Miller
12/02/2008,Watford,Leicester,1,0,H,A Penn
12/02/2008,West Brom,Sheffield United,0,0,D,L Probert
9/02/2008,Barnsley,West Brom,2,1,H,A Bates
9/02/2008,Bristol City,Sheffield Weds,2,1,H,R Shoebridge
9/02/2008,Burnley,Colchester,1,1,D,S Bratt
9/02/2008,Cardiff,Norwich,1,2,A,R Beeby
9/02/2008,Hull,Blackpool,2,2,D,J Moss
9/02/2008,Ipswich,Watford,1,2,A,A D'Urso
9/02/2008,Leicester,Plymouth,0,1,A,I Williamson
9/02/2008,Preston,Coventry,1,0,H,M Pike
9/02/2008,Sheffield United,Scunthorpe,0,0,D,R Styles
9/02/2008,Southampton,QPR,2,3,A,A Taylor
9/02/2008,Wolves,Stoke,2,4,A,A Marriner
8/02/2008,Charlton,Crystal Palace,2,0,H,L Probert
2/02/2008,Blackpool,Leicester,2,1,H,G Laws
2/02/2008,Colchester,Sheffield United,2,2,D,K Hill
2/02/2008,Coventry,Barnsley,4,0,H,M Russell
2/02/2008,Crystal Palace,Southampton,1,1,D,M Halsey
2/02/2008,Norwich,Preston,1,0,H,J Singh
2/02/2008,Plymouth,Hull,0,1,A,P Armstrong
2/02/2008,QPR,Bristol City,3,0,H,D Deadman
2/02/2008,Scunthorpe,Charlton,1,0,H,A Penn
2/02/2008,Sheffield Weds,Ipswich,1,2,A,C Webster
2/02/2008,Stoke,Cardiff,2,1,H,S Bennett
2/02/2008,Watford,Wolves,3,0,H,L Probert
2/02/2008,West Brom,Burnley,2,1,H,M Pike
29/01/2008,Barnsley,Colchester,1,0,H,N Miller
29/01/2008,Cardiff,QPR,3,1,H,P Walton
29/01/2008,Charlton,Stoke,1,0,H,M Haywood
29/01/2008,Hull,Coventry,1,0,H,C Oliver
29/01/2008,Ipswich,Plymouth,0,0,D,A Bates
29/01/2008,Preston,West Brom,2,1,H,K Stroud
29/01/2008,Sheffield United,Watford,1,1,D,L Mason
29/01/2008,Southampton,Norwich,0,1,A,A Penn
29/01/2008,Wolves,Sheffield Weds,2,1,H,P Joslin
28/01/2008,Leicester,Crystal Palace,1,0,H,E Ilderton
26/01/2008,Bristol City,Blackpool,1,0,H,R East
26/01/2008,Burnley,Scunthorpe,2,0,H,M Oliver
19/01/2008,Blackpool,Ipswich,1,1,D,M Pike
19/01/2008,Coventry,Burnley,1,2,A,E Ilderton
19/01/2008,Crystal Palace,Bristol City,2,0,H,J Moss
19/01/2008,Norwich,Leicester,0,0,D,A Bates
19/01/2008,Plymouth,Southampton,1,1,D,U Rennie
19/01/2008,QPR,Barnsley,2,0,H,R Beeby
19/01/2008,Scunthorpe,Wolves,0,2,A,M Russell
19/01/2008,Sheffield Weds,Sheffield United,2,0,H,M Halsey
19/01/2008,Stoke,Preston,3,1,H,S Attwell
19/01/2008,Watford,Charlton,1,1,D,A Marriner
19/01/2008,West Brom,Cardiff,3,3,D,K Friend
12/01/2008,Barnsley,Norwich,1,3,A,P Armstrong
12/01/2008,Bristol City,Colchester,1,1,D,G Hegley
12/01/2008,Burnley,Plymouth,1,0,H,A Taylor
12/01/2008,Cardiff,Sheffield Weds,1,0,H,A Woolmer
12/01/2008,Charlton,Blackpool,4,1,H,J Singh
12/01/2008,Hull,West Brom,1,3,A,C Webster
12/01/2008,Ipswich,Stoke,1,1,D,K Stroud
12/01/2008,Leicester,Coventry,2,0,H,M Atkinson
12/01/2008,Preston,Watford,1,0,H,S Mathieson
12/01/2008,Sheffield United,QPR,2,1,H,N Miller
12/01/2008,Southampton,Scunthorpe,1,0,H,P Taylor
12/01/2008,Wolves,Crystal Palace,0,3,A,H Webb
1/01/2008,Blackpool,Burnley,3,0,H,A Marriner
1/01/2008,Bristol City,Coventry,2,1,H,P Taylor
1/01/2008,Cardiff,Plymouth,1,0,H,A Wiley
1/01/2008,Charlton,Colchester,1,2,A,C Penton
1/01/2008,Crystal Palace,Norwich,1,1,D,M Thorpe
1/01/2008,Ipswich,West Brom,2,0,H,T Kettle
1/01/2008,QPR,Leicester,3,1,H,P Miller
1/01/2008,Scunthorpe,Barnsley,2,2,D,C Oliver
1/01/2008,Sheffield Weds,Preston,2,1,H,K Hill
1/01/2008,Southampton,Watford,0,3,A,F Graham
1/01/2008,Stoke,Hull,1,1,D,N Swarbrick
1/01/2008,Wolves,Sheffield United,0,0,D,L Mason
30/12/2007,Hull,Sheffield Weds,1,0,H,M Jones
29/12/2007,Barnsley,Southampton,2,2,D,A Hall
29/12/2007,Burnley,Bristol City,0,1,A,C Oliver
29/12/2007,Colchester,Blackpool,0,2,A,P Armstrong
29/12/2007,Coventry,Ipswich,2,1,H,I Williamson
29/12/2007,Leicester,Charlton,1,1,D,S Mathieson
29/12/2007,Norwich,Wolves,1,1,D,L Probert
29/12/2007,Plymouth,Stoke,2,2,D,S Tanner
29/12/2007,Preston,Cardiff,1,2,A,M Haywood
29/12/2007,Sheffield United,Crystal Palace,0,1,A,A D'Urso
29/12/2007,Watford,QPR,2,4,A,C Foy
29/12/2007,West Brom,Scunthorpe,5,0,H,N Swarbrick
26/12/2007,Barnsley,Stoke,3,3,D,T Kettle
26/12/2007,Burnley,Sheffield Weds,1,1,D,S Mathieson
26/12/2007,Colchester,Southampton,1,1,D,J Singh
26/12/2007,Coventry,Crystal Palace,0,2,A,K Stroud
26/12/2007,Hull,Wolves,2,0,H,C Foy
26/12/2007,Leicester,Ipswich,2,0,H,K Hill
26/12/2007,Norwich,Charlton,1,1,D,M Russell
26/12/2007,Plymouth,QPR,2,1,H,S Bratt
26/12/2007,Preston,Scunthorpe,0,1,A,N Miller
26/12/2007,Sheffield United,Blackpool,1,1,D,S Attwell
26/12/2007,Watford,Cardiff,2,2,D,G Hegley
26/12/2007,West Brom,Bristol City,4,1,H,M Atkinson
22/12/2007,Blackpool,Coventry,4,0,H,A Taylor
22/12/2007,Bristol City,Barnsley,3,2,H,K Hill
22/12/2007,Cardiff,Sheffield United,1,0,H,K Stroud
22/12/2007,Charlton,Hull,1,1,D,A Bates
22/12/2007,Crystal Palace,Plymouth,2,1,H,M Jones
22/12/2007,Ipswich,Burnley,0,0,D,P Dowd
22/12/2007,QPR,Colchester,2,1,H,D Whitestone
22/12/2007,Scunthorpe,Norwich,0,1,A,G Laws
22/12/2007,Sheffield Weds,Watford,0,1,A,C Oliver
22/12/2007,Southampton,Preston,0,1,A,R Shoebridge
22/12/2007,Stoke,West Brom,3,1,H,M Halsey
22/12/2007,Wolves,Leicester,1,1,D,N Swarbrick
15/12/2007,Blackpool,Stoke,2,3,A,P Joslin
15/12/2007,Bristol City,Cardiff,1,0,H,U Rennie
15/12/2007,Burnley,Preston,2,3,A,L Mason
15/12/2007,Colchester,Norwich,1,1,D,M Jones
15/12/2007,Coventry,Southampton,1,1,D,N Swarbrick
15/12/2007,Crystal Palace,Sheffield Weds,2,1,H,G Hegley
15/12/2007,Hull,Leicester,2,0,H,G Salisbury
15/12/2007,Ipswich,Scunthorpe,3,2,H,J Singh
15/12/2007,QPR,Wolves,0,0,D,F Graham
15/12/2007,Sheffield United,Barnsley,1,0,H,P Dowd
15/12/2007,Watford,Plymouth,0,1,A,D Deadman
15/12/2007,West Brom,Charlton,4,2,H,P Taylor
11/12/2007,Blackpool,Cardiff,0,1,A,E Ilderton
11/12/2007,Burnley,QPR,0,2,A,M Pike
11/12/2007,Ipswich,Leicester,3,1,H,P Joslin
9/12/2007,Stoke,Watford,0,0,D,C Webster
8/12/2007,Barnsley,Crystal Palace,0,0,D,A Bates
8/12/2007,Cardiff,Colchester,4,1,H,R Shoebridge
8/12/2007,Charlton,Ipswich,3,1,H,N Swarbrick
8/12/2007,Leicester,West Brom,1,2,A,M Russell
8/12/2007,Norwich,Sheffield United,1,0,H,D Deadman
8/12/2007,Plymouth,Bristol City,1,1,D,P Dowd
8/12/2007,Preston,Blackpool,0,1,A,M Clattenburg
8/12/2007,Scunthorpe,QPR,2,2,D,G Hegley
8/12/2007,Southampton,Hull,4,0,H,M Thorpe
8/12/2007,Wolves,Burnley,2,3,A,S Tanner
4/12/2007,Barnsley,Wolves,1,0,H,G Salisbury
4/12/2007,Bristol City,Ipswich,2,0,H,A Hall
4/12/2007,Burnley,Leicester,1,1,D,M Haywood
4/12/2007,Cardiff,Charlton,0,2,A,J Moss
4/12/2007,Colchester,Watford,2,3,A,T Kettle
4/12/2007,Norwich,Plymouth,2,1,H,P Taylor
4/12/2007,Preston,Hull,3,0,H,S Bratt
4/12/2007,QPR,Crystal Palace,1,2,A,A Wiley
4/12/2007,Sheffield United,Stoke,0,3,A,S Tanner
4/12/2007,Southampton,Sheffield Weds,0,0,D,K Friend
4/12/2007,West Brom,Coventry,2,4,A,M Clattenburg
3/12/2007,Scunthorpe,Blackpool,1,1,D,A D'Urso
1/12/2007,Blackpool,QPR,1,0,H,C Oliver
1/12/2007,Charlton,Burnley,1,3,A,R Shoebridge
1/12/2007,Coventry,Sheffield United,0,1,A,C Webster
1/12/2007,Crystal Palace,West Brom,1,1,D,U Rennie
1/12/2007,Hull,Cardiff,2,2,D,M Dean
1/12/2007,Ipswich,Barnsley,0,0,D,A Penn
1/12/2007,Leicester,Southampton,1,2,A,R Beeby
1/12/2007,Plymouth,Scunthorpe,3,0,H,F Graham
1/12/2007,Sheffield Weds,Colchester,1,2,A,A Bates
1/12/2007,Stoke,Norwich,2,1,H,L Probert
1/12/2007,Watford,Bristol City,1,2,A,P Joslin
1/12/2007,Wolves,Preston,1,0,H,A D'Urso
28/11/2007,Plymouth,West Brom,1,2,A,S Bennett
28/11/2007,Wolves,Colchester,1,0,H,E Ilderton
27/11/2007,Blackpool,Norwich,1,3,A,M Haywood
27/11/2007,Charlton,Sheffield United,0,3,A,M Halsey
27/11/2007,Coventry,Scunthorpe,1,1,D,M Jones
27/11/2007,Crystal Palace,Preston,2,1,H,P Joslin
27/11/2007,Hull,Bristol City,0,0,D,A Penn
27/11/2007,Ipswich,Southampton,2,0,H,G Hegley
27/11/2007,Sheffield Weds,Barnsley,1,0,H,C Webster
27/11/2007,Stoke,QPR,3,1,H,U Rennie
27/11/2007,Watford,Burnley,1,2,A,K Friend
26/11/2007,Leicester,Cardiff,0,0,D,N Miller
25/11/2007,West Brom,Wolves,0,0,D,C Foy
24/11/2007,Barnsley,Watford,3,2,H,M Pike
24/11/2007,Bristol City,Leicester,0,2,A,J Moss
24/11/2007,Burnley,Stoke,0,0,D,L Mason
24/11/2007,Cardiff,Ipswich,1,0,H,A Bates
24/11/2007,Colchester,Crystal Palace,1,2,A,P Taylor
24/11/2007,Norwich,Coventry,2,0,H,A D'Urso
24/11/2007,Preston,Charlton,0,2,A,K Friend
24/11/2007,QPR,Sheffield Weds,0,0,D,R Beeby
24/11/2007,Scunthorpe,Hull,1,2,A,U Rennie
24/11/2007,Sheffield United,Plymouth,0,1,A,M Russell
24/11/2007,Southampton,Blackpool,1,0,H,I Williamson
12/11/2007,Coventry,West Brom,0,4,A,P Dowd
10/11/2007,Blackpool,Scunthorpe,1,0,H,A Hall
10/11/2007,Charlton,Cardiff,3,0,H,M Jones
10/11/2007,Crystal Palace,QPR,1,1,D,P Walton
10/11/2007,Hull,Preston,3,0,H,S Mathieson
10/11/2007,Ipswich,Bristol City,6,0,H,N Miller
10/11/2007,Leicester,Burnley,0,1,A,C Penton
10/11/2007,Plymouth,Norwich,3,0,H,D Drysdale
10/11/2007,Sheffield Weds,Southampton,5,0,H,M Pike
10/11/2007,Stoke,Sheffield United,0,1,A,K Stroud
10/11/2007,Watford,Colchester,2,2,D,N Swarbrick
10/11/2007,Wolves,Barnsley,1,0,H,G Laws
6/11/2007,Bristol City,Charlton,0,1,A,S Mathieson
6/11/2007,Burnley,Hull,0,1,A,C Foy
6/11/2007,Cardiff,Crystal Palace,1,1,D,L Mason
6/11/2007,Colchester,Plymouth,1,1,D,G Hegley
6/11/2007,Norwich,Watford,1,3,A,C Penton
6/11/2007,Preston,Leicester,1,1,D,C Webster
6/11/2007,QPR,Coventry,1,2,A,A Bates
6/11/2007,Scunthorpe,Stoke,2,3,A,L Probert
6/11/2007,Sheffield United,Ipswich,3,1,H,G Laws
6/11/2007,Southampton,Wolves,0,0,D,D Deadman
6/11/2007,West Brom,Sheffield Weds,1,1,D,N Miller
5/11/2007,Barnsley,Blackpool,2,1,H,P Taylor
4/11/2007,Norwich,Ipswich,2,2,D,R Styles
3/11/2007,Barnsley,Preston,1,0,H,C Oliver
3/11/2007,Colchester,Leicester,1,1,D,A Penn
3/11/2007,Plymouth,Sheffield Weds,1,2,A,A D'Urso
3/11/2007,QPR,Hull,2,0,H,S Tanner
3/11/2007,Scunthorpe,Crystal Palace,0,0,D,C Penton
3/11/2007,Sheffield United,Burnley,0,0,D,R Beeby
3/11/2007,Southampton,Charlton,0,1,A,K Hill
3/11/2007,Stoke,Coventry,1,3,A,A Marriner
3/11/2007,Watford,West Brom,0,3,A,M Jones
3/11/2007,Wolves,Bristol City,1,1,D,K Friend
29/10/2007,Crystal Palace,Watford,0,2,A,K Stroud
27/10/2007,Bristol City,Stoke,1,0,H,R Shoebridge
27/10/2007,Burnley,Southampton,2,3,A,N Miller
27/10/2007,Cardiff,Scunthorpe,1,1,D,K Hill
27/10/2007,Charlton,QPR,0,1,A,L Probert
27/10/2007,Coventry,Colchester,1,0,H,R Lee
27/10/2007,Hull,Sheffield United,1,1,D,L Mason
27/10/2007,Ipswich,Wolves,3,0,H,A Woolmer
27/10/2007,Leicester,Barnsley,2,0,H,J Singh
27/10/2007,Preston,Plymouth,2,0,H,M Pike
27/10/2007,Sheffield Weds,Blackpool,2,1,H,T Kettle
27/10/2007,West Brom,Norwich,2,0,H,P Joslin
24/10/2007,Bristol City,Southampton,2,1,H,M Russell
24/10/2007,Cardiff,Wolves,2,3,A,P Taylor
23/10/2007,Burnley,Norwich,2,1,H,M Jones
23/10/2007,Charlton,Plymouth,1,2,A,R Styles
23/10/2007,Coventry,Watford,0,3,A,L Probert
23/10/2007,Crystal Palace,Stoke,1,3,A,M Thorpe
23/10/2007,Ipswich,Colchester,3,1,H,K Stroud
23/10/2007,Leicester,Sheffield United,0,1,A,A Woolmer
23/10/2007,Preston,QPR,0,0,D,T Kettle
23/10/2007,Sheffield Weds,Scunthorpe,1,2,A,A Taylor
23/10/2007,West Brom,Blackpool,2,1,H,M Pike
22/10/2007,Hull,Barnsley,3,0,H,A D'Urso
21/10/2007,Southampton,Cardiff,1,0,H,A Wiley
20/10/2007,Barnsley,Burnley,1,1,D,L Probert
20/10/2007,Blackpool,Crystal Palace,1,1,D,G Laws
20/10/2007,Colchester,West Brom,3,2,H,K Friend
20/10/2007,Norwich,Bristol City,1,3,A,A Bates
20/10/2007,Plymouth,Coventry,1,0,H,K Hill
20/10/2007,QPR,Ipswich,1,1,D,N Swarbrick
20/10/2007,Scunthorpe,Leicester,0,0,D,S Mathieson
20/10/2007,Sheffield United,Preston,1,1,D,J Singh
20/10/2007,Stoke,Sheffield Weds,2,4,A,L Mason
20/10/2007,Watford,Hull,1,0,H,A Woolmer
20/10/2007,Wolves,Charlton,2,0,H,R Beeby
8/10/2007,QPR,Norwich,1,0,H,P Walton
6/10/2007,Blackpool,Plymouth,0,0,D,J Moss
6/10/2007,Bristol City,Sheffield United,2,0,H,P Taylor
6/10/2007,Cardiff,Burnley,2,1,H,A Penn
6/10/2007,Charlton,Barnsley,1,1,D,P Joslin
6/10/2007,Crystal Palace,Hull,1,1,D,R Beeby
6/10/2007,Ipswich,Preston,2,1,H,M Russell
6/10/2007,Scunthorpe,Watford,1,3,A,E Ilderton
6/10/2007,Sheffield Weds,Leicester,0,2,A,A Marriner
6/10/2007,Southampton,West Brom,3,2,H,P Miller
6/10/2007,Stoke,Colchester,2,1,H,C Penton
6/10/2007,Wolves,Coventry,1,0,H,K Stroud
3/10/2007,Colchester,QPR,4,2,H,J Moss
3/10/2007,West Brom,Stoke,1,1,D,C Oliver
2/10/2007,Barnsley,Bristol City,3,0,H,E Ilderton
2/10/2007,Burnley,Ipswich,2,2,D,C Webster
2/10/2007,Coventry,Blackpool,3,1,H,M Thorpe
2/10/2007,Hull,Charlton,1,2,A,A Taylor
2/10/2007,Leicester,Wolves,0,0,D,A Bates
2/10/2007,Norwich,Scunthorpe,0,0,D,K Friend
2/10/2007,Plymouth,Crystal Palace,1,0,H,R Shoebridge
2/10/2007,Preston,Southampton,5,1,H,G Laws
2/10/2007,Sheffield United,Cardiff,3,3,D,A D'Urso
2/10/2007,Watford,Sheffield Weds,2,1,H,A Hall
30/09/2007,West Brom,QPR,5,1,H,A D'Urso
29/09/2007,Barnsley,Cardiff,1,1,D,P Dowd
29/09/2007,Burnley,Crystal Palace,1,1,D,T Kettle
29/09/2007,Colchester,Scunthorpe,0,1,A,A Woolmer
29/09/2007,Coventry,Charlton,1,1,D,N Swarbrick
29/09/2007,Hull,Ipswich,3,1,H,L Probert
29/09/2007,Leicester,Stoke,1,1,D,K Hill
29/09/2007,Norwich,Sheffield Weds,0,1,A,M Russell
29/09/2007,Plymouth,Wolves,1,1,D,P Joslin
29/09/2007,Preston,Bristol City,0,0,D,A Marriner
29/09/2007,Sheffield United,Southampton,1,2,A,A Bates
29/09/2007,Watford,Blackpool,1,1,D,R Beeby
22/09/2007,Blackpool,Colchester,2,2,D,S Mathieson
22/09/2007,Bristol City,Burnley,2,2,D,M Thorpe
22/09/2007,Cardiff,Preston,2,2,D,A Hall
22/09/2007,Charlton,Leicester,2,0,H,S Tanner
22/09/2007,Crystal Palace,Sheffield United,3,2,H,K Friend
22/09/2007,Ipswich,Coventry,4,1,H,T Kettle
22/09/2007,QPR,Watford,1,1,D,K Hill
22/09/2007,Scunthorpe,West Brom,2,3,A,G Salisbury
22/09/2007,Sheffield Weds,Hull,1,0,H,P Dowd
22/09/2007,Southampton,Barnsley,2,3,A,M Jones
22/09/2007,Stoke,Plymouth,3,2,H,N Miller
22/09/2007,Wolves,Norwich,2,0,H,S Bennett
19/09/2007,Cardiff,Watford,1,2,A,L Probert
19/09/2007,Southampton,Colchester,1,1,D,A D'Urso
18/09/2007,Blackpool,Sheffield United,2,2,D,M Halsey
18/09/2007,Bristol City,West Brom,1,1,D,T Kettle
18/09/2007,Charlton,Norwich,2,0,H,J Singh
18/09/2007,Crystal Palace,Coventry,1,1,D,A Woolmer
18/09/2007,QPR,Plymouth,0,2,A,A Marriner
18/09/2007,Scunthorpe,Preston,2,1,H,R Beeby
18/09/2007,Sheffield Weds,Burnley,0,2,A,P Taylor
18/09/2007,Stoke,Barnsley,0,0,D,N Swarbrick
18/09/2007,Wolves,Hull,0,1,A,M Jones
16/09/2007,Watford,Southampton,3,2,H,G Salisbury
15/09/2007,Barnsley,Scunthorpe,2,0,H,N Miller
15/09/2007,Burnley,Blackpool,2,2,D,M Dean
15/09/2007,Colchester,Charlton,2,2,D,M Russell
15/09/2007,Coventry,Bristol City,0,3,A,P Joslin
15/09/2007,Hull,Stoke,1,1,D,C Webster
15/09/2007,Leicester,QPR,1,1,D,L Mason
15/09/2007,Norwich,Crystal Palace,1,0,H,L Probert
15/09/2007,Plymouth,Cardiff,2,2,D,R Beeby
15/09/2007,Preston,Sheffield Weds,1,0,H,E Ilderton
15/09/2007,Sheffield United,Wolves,3,1,H,C Oliver
15/09/2007,West Brom,Ipswich,4,0,H,J Moss
3/09/2007,Blackpool,Hull,2,1,H,K Friend
1/09/2007,Colchester,Burnley,2,3,A,P Joslin
1/09/2007,Coventry,Preston,2,1,H,A Taylor
1/09/2007,Crystal Palace,Charlton,0,1,A,N Miller
1/09/2007,Norwich,Cardiff,1,2,A,C Penton
1/09/2007,Plymouth,Leicester,0,0,D,P Taylor
1/09/2007,QPR,Southampton,0,3,A,M Thorpe
1/09/2007,Scunthorpe,Sheffield United,3,2,H,K Stroud
1/09/2007,Sheffield Weds,Bristol City,0,1,A,C Foy
1/09/2007,Stoke,Wolves,0,0,D,L Mason
1/09/2007,Watford,Ipswich,2,0,H,M Jones
1/09/2007,West Brom,Barnsley,2,0,H,G Laws
26/08/2007,Ipswich,Crystal Palace,1,0,H,A D'Urso
25/08/2007,Barnsley,Plymouth,3,2,H,B Knight
25/08/2007,Bristol City,Scunthorpe,2,1,H,M Jones
25/08/2007,Cardiff,Coventry,0,1,A,R Shoebridge
25/08/2007,Charlton,Sheffield Weds,3,2,H,K Friend
25/08/2007,Hull,Norwich,2,1,H,N Miller
25/08/2007,Leicester,Watford,4,1,H,A Taylor
25/08/2007,Preston,Colchester,0,3,A,S Tanner
25/08/2007,Sheffield United,West Brom,1,0,H,C Webster
25/08/2007,Southampton,Stoke,3,2,H,R Beeby
25/08/2007,Wolves,Blackpool,2,1,H,T Kettle
19/08/2007,Sheffield Weds,Wolves,1,3,A,P Walton
18/08/2007,Blackpool,Bristol City,1,1,D,C Webster
18/08/2007,Colchester,Barnsley,2,2,D,A Hall
18/08/2007,Coventry,Hull,1,1,D,B Knight
18/08/2007,Crystal Palace,Leicester,2,2,D,M Russell
18/08/2007,Norwich,Southampton,2,1,H,C Oliver
18/08/2007,Plymouth,Ipswich,1,1,D,K Friend
18/08/2007,QPR,Cardiff,0,2,A,P Joslin
18/08/2007,Scunthorpe,Burnley,2,0,H,A Bates
18/08/2007,Stoke,Charlton,2,1,H,G Laws
18/08/2007,Watford,Sheffield United,1,0,H,A Marriner
18/08/2007,West Brom,Preston,2,0,H,M Jones
11/08/2007,Barnsley,Coventry,1,4,A,S Mathieson
11/08/2007,Bristol City,QPR,2,2,D,K Stroud
11/08/2007,Burnley,West Brom,2,1,H,E Ilderton
11/08/2007,Cardiff,Stoke,0,1,A,S Tanner
11/08/2007,Charlton,Scunthorpe,1,1,D,T Kettle
11/08/2007,Hull,Plymouth,2,3,A,G Laws
11/08/2007,Ipswich,Sheffield Weds,4,1,H,R Beeby
11/08/2007,Leicester,Blackpool,0,1,A,A D'Urso
11/08/2007,Preston,Norwich,0,0,D,P Taylor
11/08/2007,Sheffield United,Colchester,2,2,D,M Jones
11/08/2007,Southampton,Crystal Palace,1,4,A,L Probert
11/08/2007,Wolves,Watford,1,2,A,N Swarbrick
6/05/2007,Burnley,Coventry,1,2,A,P Joslin
6/05/2007,Colchester,Crystal Palace,0,2,A,R Beeby
6/05/2007,Derby,Leeds,2,0,H,P Crossley
6/05/2007,Hull,Plymouth,1,2,A,S Tanner
6/05/2007,Ipswich,Cardiff,3,1,H,K Stroud
6/05/2007,Leicester,Wolves,1,4,A,M Dean
6/05/2007,Luton,Sunderland,0,5,A,L Mason
6/05/2007,Preston,Birmingham,1,0,H,A D'Urso
6/05/2007,QPR,Stoke,1,1,D,T Kettle
6/05/2007,Sheffield Weds,Norwich,3,2,H,C Penton
6/05/2007,Southampton,Southend,4,1,H,N Miller
6/05/2007,West Brom,Barnsley,7,0,H,L Probert
29/04/2007,Crystal Palace,Derby,2,0,H,A Bates
28/04/2007,Barnsley,Leicester,0,1,A,R Booth
28/04/2007,Birmingham,Sheffield Weds,2,0,H,P Taylor
28/04/2007,Cardiff,Hull,0,1,A,K Friend
28/04/2007,Coventry,West Brom,0,1,A,C Foy
28/04/2007,Leeds,Ipswich,1,1,D,N Jones
28/04/2007,Norwich,Southampton,0,1,A,L Probert
28/04/2007,Plymouth,Preston,2,0,H,D Gallagher
28/04/2007,Southend,Luton,1,3,A,S Tanner
28/04/2007,Stoke,Colchester,3,1,H,G Salisbury
28/04/2007,Wolves,QPR,2,0,H,M Pike
27/04/2007,Sunderland,Burnley,3,2,H,T Kettle
23/04/2007,Burnley,West Brom,3,2,H,M Jones
22/04/2007,Norwich,Ipswich,1,1,D,S Tanner
22/04/2007,Wolves,Birmingham,2,3,A,G Laws
21/04/2007,Barnsley,Crystal Palace,2,0,H,A Marriner
21/04/2007,Colchester,Sunderland,3,1,H,L Probert
21/04/2007,Plymouth,Southend,2,1,H,P Armstrong
21/04/2007,Preston,Leicester,0,1,A,C Oliver
21/04/2007,QPR,Cardiff,1,0,H,M Thorpe
21/04/2007,Sheffield Weds,Coventry,2,1,H,P Crossley
21/04/2007,Southampton,Leeds,1,0,H,A Bates
21/04/2007,Stoke,Hull,1,1,D,A D'Urso
20/04/2007,Derby,Luton,1,0,H,R Beeby
17/04/2007,Burnley,Norwich,3,0,H,M Atkinson
17/04/2007,Leicester,Birmingham,1,2,A,L Probert
14/04/2007,Birmingham,Southampton,2,1,H,R Booth
14/04/2007,Cardiff,Stoke,1,1,D,G Laws
14/04/2007,Coventry,Preston,0,4,A,P Walton
14/04/2007,Crystal Palace,Wolves,2,2,D,M Thorpe
14/04/2007,Hull,Colchester,1,1,D,N Miller
14/04/2007,Ipswich,Derby,2,1,H,I Williamson
14/04/2007,Leeds,Burnley,1,0,H,S Tanner
14/04/2007,Leicester,Norwich,1,2,A,C Webster
14/04/2007,Luton,Plymouth,1,2,A,G Salisbury
14/04/2007,Southend,Barnsley,1,3,A,K Stroud
14/04/2007,Sunderland,QPR,2,1,H,M Jones
13/04/2007,West Brom,Sheffield Weds,0,1,A,N Swarbrick
9/04/2007,Barnsley,Birmingham,1,0,H,C Foy
9/04/2007,Burnley,Cardiff,2,0,H,R Beeby
9/04/2007,Colchester,Leeds,2,1,H,A Wiley
9/04/2007,Derby,Coventry,1,1,D,E Ilderton
9/04/2007,Norwich,West Brom,1,2,A,J Moss
9/04/2007,Plymouth,Leicester,3,0,H,I Williamson
9/04/2007,Preston,Southend,2,3,A,A Hall
9/04/2007,QPR,Luton,3,2,H,C Penton
9/04/2007,Sheffield Weds,Ipswich,2,0,H,R Styles
9/04/2007,Southampton,Sunderland,1,2,A,P Taylor
9/04/2007,Stoke,Crystal Palace,2,1,H,R Booth
9/04/2007,Wolves,Hull,3,1,H,P Joslin
7/04/2007,Birmingham,Burnley,0,1,A,N Miller
7/04/2007,Cardiff,Sheffield Weds,1,2,A,M Russell
7/04/2007,Coventry,QPR,0,1,A,P Miller
7/04/2007,Crystal Palace,Preston,3,0,H,S Tanner
7/04/2007,Ipswich,Barnsley,5,1,H,A Bates
7/04/2007,Leeds,Plymouth,2,1,H,S Mathieson
7/04/2007,Luton,Southampton,0,2,A,G Laws
7/04/2007,Sunderland,Wolves,2,1,H,N Swarbrick
7/04/2007,West Brom,Stoke,1,3,A,P Taylor
6/04/2007,Hull,Norwich,1,2,A,M Thorpe
6/04/2007,Leicester,Derby,1,1,D,H Webb
6/04/2007,Southend,Colchester,0,3,A,K Friend
3/04/2007,Burnley,Plymouth,4,0,H,A Hall
3/04/2007,QPR,Preston,1,0,H,K Stroud
1/04/2007,Birmingham,Coventry,3,0,H,T Kettle
31/03/2007,Barnsley,Derby,1,2,A,S Mathieson
31/03/2007,Burnley,Luton,0,0,D,M Thorpe
31/03/2007,Cardiff,Sunderland,0,1,A,A D'Urso
31/03/2007,Colchester,Norwich,3,0,H,I Williamson
31/03/2007,Crystal Palace,Sheffield Weds,1,2,A,A Hall
31/03/2007,Hull,Southend,4,0,H,L Mason
31/03/2007,Ipswich,Plymouth,3,0,H,J Moss
31/03/2007,QPR,West Brom,1,2,A,P Armstrong
31/03/2007,Stoke,Leicester,4,2,H,E Ilderton
31/03/2007,Wolves,Southampton,0,6,A,G Salisbury
30/03/2007,Leeds,Preston,2,1,H,A Marriner
18/03/2007,West Brom,Birmingham,1,1,D,M Riley
17/03/2007,Coventry,Barnsley,4,1,H,M Russell
17/03/2007,Derby,Cardiff,3,1,H,M Atkinson
17/03/2007,Leicester,QPR,1,3,A,N Swarbrick
17/03/2007,Luton,Ipswich,0,2,A,A D'Urso
17/03/2007,Norwich,Stoke,1,0,H,P Taylor
17/03/2007,Plymouth,Crystal Palace,1,0,H,R Booth
17/03/2007,Preston,Burnley,2,0,H,C Webster
17/03/2007,Sheffield Weds,Wolves,2,2,D,J Moss
17/03/2007,Southend,Leeds,1,1,D,N Miller
17/03/2007,Sunderland,Hull,2,0,H,A Bates
16/03/2007,Southampton,Colchester,1,2,A,T Kettle
14/03/2007,Plymouth,Barnsley,2,4,A,L Probert
14/03/2007,West Brom,Crystal Palace,2,3,A,K Friend
13/03/2007,Coventry,Wolves,2,1,H,P Walton
13/03/2007,Derby,QPR,1,1,D,S Tanner
13/03/2007,Leicester,Leeds,1,1,D,G Laws
13/03/2007,Luton,Hull,1,2,A,R Olivier
13/03/2007,Norwich,Birmingham,1,0,H,R Booth
13/03/2007,Preston,Ipswich,1,0,H,M Clattenburg
13/03/2007,Sheffield Weds,Colchester,2,0,H,D Gallagher
13/03/2007,Southampton,Cardiff,2,2,D,I Williamson
13/03/2007,Southend,Burnley,1,0,H,P Taylor
13/03/2007,Sunderland,Stoke,2,2,D,M Jones
11/03/2007,Wolves,West Brom,1,0,H,A D'Urso
10/03/2007,Barnsley,Sunderland,0,2,A,R Beeby
10/03/2007,Cardiff,Norwich,1,0,H,G Salisbury
10/03/2007,Colchester,Coventry,0,0,D,K Stroud
10/03/2007,Crystal Palace,Leicester,2,0,H,P Armstrong
10/03/2007,Hull,Preston,2,0,H,M Pike
10/03/2007,Ipswich,Southend,0,2,A,M Atkinson
10/03/2007,Leeds,Luton,1,0,H,P Walton
10/03/2007,QPR,Sheffield Weds,1,1,D,A Woolmer
10/03/2007,Stoke,Southampton,2,1,H,N Swarbrick
9/03/2007,Birmingham,Derby,1,0,H,S Bennett
6/03/2007,Hull,Ipswich,2,5,A,G Salisbury
6/03/2007,Norwich,Derby,1,2,A,L Probert
6/03/2007,Sheffield Weds,Plymouth,1,1,D,R Lewis
5/03/2007,Preston,Southampton,3,1,H,N Miller
4/03/2007,Birmingham,Cardiff,1,0,H,K Friend
3/03/2007,Barnsley,Norwich,1,3,A,C Webster
3/03/2007,Burnley,Crystal Palace,1,1,D,E Ilderton
3/03/2007,Coventry,Hull,2,0,H,S Tanner
3/03/2007,Ipswich,QPR,2,1,H,R Lewis
3/03/2007,Leeds,Sheffield Weds,2,3,A,L Probert
3/03/2007,Luton,Wolves,2,3,A,P Taylor
3/03/2007,Plymouth,Stoke,1,1,D,M Russell
3/03/2007,Southend,Leicester,2,2,D,D Whitestone
3/03/2007,West Brom,Sunderland,1,2,A,D Gallagher
2/03/2007,Derby,Colchester,5,1,H,M Matadar
27/02/2007,Birmingham,Leeds,1,0,H,R Styles
27/02/2007,Luton,Norwich,2,3,A,U Rennie
26/02/2007,Stoke,Barnsley,0,1,A,P Joslin
24/02/2007,Colchester,Burnley,0,0,D,C Boyeson
24/02/2007,Crystal Palace,Luton,2,1,H,S Mathieson
24/02/2007,Hull,Birmingham,2,0,H,C Webster
24/02/2007,Leicester,West Brom,1,1,D,U Rennie
24/02/2007,Norwich,Coventry,1,1,D,A D'Urso
24/02/2007,QPR,Plymouth,1,1,D,R Beeby
24/02/2007,Sheffield Weds,Southend,3,2,H,A Marriner
24/02/2007,Southampton,Ipswich,1,0,H,R Olivier
24/02/2007,Sunderland,Derby,2,1,H,M Atkinson
24/02/2007,Wolves,Leeds,1,0,H,M Jones
23/02/2007,Cardiff,Preston,4,1,H,T Kettle
21/02/2007,Derby,Stoke,0,2,A,K Stroud
20/02/2007,Barnsley,Hull,3,0,H,A D'Urso
20/02/2007,Birmingham,Sunderland,1,1,D,M Halsey
20/02/2007,Burnley,Leicester,0,1,A,M Dean
20/02/2007,Coventry,Southampton,2,1,H,N Miller
20/02/2007,Ipswich,Wolves,0,1,A,S Mathieson
20/02/2007,Leeds,QPR,0,0,D,A Bates
20/02/2007,Luton,Sheffield Weds,3,2,H,I Williamson
20/02/2007,Plymouth,Colchester,3,0,H,R Olivier
20/02/2007,Preston,Norwich,2,1,H,P Dowd
20/02/2007,Southend,Crystal Palace,0,1,A,L Probert
20/02/2007,West Brom,Cardiff,1,0,H,G Laws
17/02/2007,Cardiff,Leeds,1,0,H,M Clattenburg
17/02/2007,Crystal Palace,Birmingham,0,1,A,S Tanner
17/02/2007,Leicester,Coventry,3,0,H,C Webster
17/02/2007,Southampton,Barnsley,5,2,H,M Thorpe
17/02/2007,Stoke,Luton,0,0,D,T Kettle
17/02/2007,Sunderland,Southend,4,0,H,N Swarbrick
17/02/2007,Wolves,Burnley,2,1,H,K Friend
13/02/2007,Colchester,West Brom,1,2,A,M Atkinson
11/02/2007,Birmingham,Stoke,1,0,H,J Moss
10/02/2007,Barnsley,Colchester,0,3,A,C Webster
10/02/2007,Burnley,Sheffield Weds,1,1,D,N Miller
10/02/2007,Coventry,Cardiff,2,2,D,G Poll
10/02/2007,Derby,Hull,2,2,D,M Russell
10/02/2007,Ipswich,Leicester,0,2,A,C Boyeson
10/02/2007,Leeds,Crystal Palace,2,1,H,C Oliver
10/02/2007,Plymouth,Sunderland,0,2,A,K Stroud
10/02/2007,Preston,Wolves,0,1,A,G Laws
10/02/2007,West Brom,Southampton,1,1,D,M Pike
9/02/2007,Southend,QPR,5,0,H,P Walton
3/02/2007,Colchester,Birmingham,1,1,D,A Woolmer
3/02/2007,Crystal Palace,Ipswich,2,0,H,M Atkinson
3/02/2007,Hull,West Brom,0,1,A,I Williamson
3/02/2007,Leicester,Luton,1,1,D,M Thorpe
3/02/2007,Norwich,Leeds,2,1,H,K Friend
3/02/2007,QPR,Burnley,3,1,H,D Gallagher
3/02/2007,Sheffield Weds,Preston,1,3,A,S Tanner
3/02/2007,Southampton,Derby,0,1,A,S Tanner
3/02/2007,Stoke,Southend,1,1,D,A Taylor
3/02/2007,Sunderland,Coventry,2,0,H,S Mathieson
3/02/2007,Wolves,Plymouth,2,2,D,S Bennett
2/02/2007,Cardiff,Barnsley,2,0,H,A Bates
31/01/2007,Southampton,Sheffield Weds,2,1,H,M Russell
31/01/2007,West Brom,Plymouth,2,1,H,M Thorpe
30/01/2007,Barnsley,QPR,2,0,H,C Boyeson
30/01/2007,Birmingham,Southend,1,3,A,P Armstrong
30/01/2007,Colchester,Preston,1,0,H,C Foy
30/01/2007,Coventry,Luton,1,0,H,M Clattenburg
30/01/2007,Derby,Burnley,1,0,H,M Riley
30/01/2007,Hull,Leeds,1,2,A,P Joslin
30/01/2007,Norwich,Wolves,0,1,A,N Miller
30/01/2007,Stoke,Ipswich,0,0,D,C Webster
30/01/2007,Sunderland,Crystal Palace,0,0,D,T Kettle
27/01/2007,Cardiff,Leicester,3,2,H,K Stroud
23/01/2007,Burnley,Stoke,0,1,A,M Pike
22/01/2007,Plymouth,Coventry,3,2,H,S Tanner
20/01/2007,Crystal Palace,Hull,1,1,D,C Penton
20/01/2007,Ipswich,Colchester,3,2,H,G Laws
20/01/2007,Leeds,West Brom,2,3,A,N Swarbrick
20/01/2007,Luton,Barnsley,0,2,A,A Woolmer
20/01/2007,Preston,Stoke,3,2,H,R Beeby
20/01/2007,QPR,Southampton,0,2,A,T Kettle
20/01/2007,Sheffield Weds,Sunderland,2,4,A,A D'Urso
20/01/2007,Southend,Derby,0,1,A,I Williamson
20/01/2007,Wolves,Cardiff,1,2,A,J Moss
13/01/2007,Barnsley,Preston,0,1,A,P Joslin
13/01/2007,Cardiff,Southend,0,1,A,S Tanner
13/01/2007,Colchester,Leicester,1,1,D,D McDermid
13/01/2007,Coventry,Crystal Palace,2,4,A,G Laws
13/01/2007,Derby,Sheffield Weds,1,0,H,C Oliver
13/01/2007,Hull,QPR,2,1,H,N Miller
13/01/2007,Norwich,Plymouth,1,3,A,M Jones
13/01/2007,Southampton,Burnley,0,0,D,A Bates
13/01/2007,Stoke,Wolves,1,1,D,P Walton
13/01/2007,Sunderland,Ipswich,1,0,H,L Mason
12/01/2007,West Brom,Luton,3,2,H,J Moss
1/01/2007,Crystal Palace,Norwich,3,1,H,C Boyeson
1/01/2007,Ipswich,Birmingham,1,0,H,A D'Urso
1/01/2007,Leeds,Coventry,2,1,H,M Pike
1/01/2007,Leicester,Sunderland,0,2,A,S Mathieson
1/01/2007,Luton,Cardiff,0,0,D,A Wiley
1/01/2007,Plymouth,Southampton,1,1,D,K Wright
1/01/2007,Preston,Derby,1,2,A,L Probert
1/01/2007,QPR,Colchester,1,0,H,P Walton
1/01/2007,Sheffield Weds,Hull,1,2,A,M Atkinson
1/01/2007,Southend,West Brom,3,1,H,T Kettle
1/01/2007,Wolves,Barnsley,2,0,H,A Woolmer
30/12/2006,Barnsley,Sheffield Weds,0,3,A,A Marriner
30/12/2006,Cardiff,Crystal Palace,0,0,D,M Jones
30/12/2006,Colchester,Wolves,2,1,H,R Beeby
30/12/2006,Coventry,Southend,1,1,D,D Whitestone
30/12/2006,Derby,Plymouth,1,0,H,C Webster
30/12/2006,Hull,Burnley,2,0,H,G Laws
30/12/2006,Norwich,QPR,1,0,H,P Dowd
30/12/2006,Southampton,Leicester,2,0,H,P Crossley
30/12/2006,Stoke,Leeds,3,1,H,A D'Urso
30/12/2006,Sunderland,Preston,0,1,A,C Foy
30/12/2006,West Brom,Ipswich,2,0,H,C Penton
29/12/2006,Birmingham,Luton,2,2,D,P Joslin
26/12/2006,Barnsley,Burnley,1,0,H,I Williamson
26/12/2006,Birmingham,QPR,2,1,H,K Friend
26/12/2006,Cardiff,Plymouth,2,2,D,P Walton
26/12/2006,Colchester,Luton,4,1,H,P Crossley
26/12/2006,Coventry,Ipswich,1,2,A,C Oliver
26/12/2006,Derby,Wolves,0,2,A,T Kettle
26/12/2006,Hull,Leicester,1,2,A,L Mason
26/12/2006,Norwich,Southend,0,0,D,A Hall
26/12/2006,Southampton,Crystal Palace,1,1,D,R Beeby
26/12/2006,Stoke,Sheffield Weds,1,2,A,C Foy
26/12/2006,Sunderland,Leeds,2,0,H,G Salisbury
26/12/2006,West Brom,Preston,4,2,H,S Mathieson
23/12/2006,Burnley,Derby,0,0,D,M Pike
23/12/2006,Ipswich,Stoke,0,1,A,U Rennie
23/12/2006,Leeds,Hull,0,0,D,M Clattenburg
23/12/2006,Leicester,Cardiff,0,0,D,A Bates
23/12/2006,Luton,Coventry,3,1,H,A Taylor
23/12/2006,Plymouth,West Brom,2,2,D,I Williamson
23/12/2006,Preston,Colchester,1,0,H,M Halsey
23/12/2006,QPR,Barnsley,1,0,H,R Booth
23/12/2006,Sheffield Weds,Southampton,3,3,D,S Mathieson
23/12/2006,Southend,Birmingham,0,4,A,M Thorpe
23/12/2006,Wolves,Norwich,2,2,D,P Joslin
22/12/2006,Crystal Palace,Sunderland,1,0,H,L Probert
16/12/2006,Burnley,Sunderland,2,2,D,M Dean
16/12/2006,Colchester,Stoke,3,0,H,K Wright
16/12/2006,Derby,Crystal Palace,1,0,H,J Moss
16/12/2006,Hull,Cardiff,4,1,H,A D'Urso
16/12/2006,Ipswich,Leeds,1,0,H,K Stroud
16/12/2006,Leicester,Barnsley,2,0,H,C Penton
16/12/2006,Preston,Plymouth,3,0,H,K Friend
16/12/2006,QPR,Wolves,0,1,A,C Foy
16/12/2006,Sheffield Weds,Birmingham,0,3,A,G Laws
16/12/2006,Southampton,Norwich,2,1,H,U Rennie
16/12/2006,West Brom,Coventry,5,0,H,M Jones
15/12/2006,Luton,Southend,0,0,D,N Miller
10/12/2006,Barnsley,West Brom,1,1,D,A Bates
9/12/2006,Birmingham,Preston,3,1,H,M Riley
9/12/2006,Cardiff,Ipswich,2,2,D,A Hall
9/12/2006,Coventry,Burnley,1,0,H,M Thorpe
9/12/2006,Crystal Palace,Colchester,1,3,A,R Lewis
9/12/2006,Leeds,Derby,0,1,A,S Tanner
9/12/2006,Norwich,Sheffield Weds,1,2,A,A Woolmer
9/12/2006,Plymouth,Hull,1,0,H,L Probert
9/12/2006,Southend,Southampton,2,1,H,C Webster
9/12/2006,Stoke,QPR,1,0,H,M Atkinson
9/12/2006,Sunderland,Luton,2,1,H,A Penn
9/12/2006,Wolves,Leicester,1,2,A,P Dowd
2/12/2006,Birmingham,Plymouth,3,0,H,R Beeby
2/12/2006,Cardiff,Colchester,0,0,D,M Pike
2/12/2006,Coventry,Stoke,0,0,D,N Miller
2/12/2006,Crystal Palace,QPR,3,0,H,M Dean
2/12/2006,Hull,Southampton,2,4,A,M Halsey
2/12/2006,Ipswich,Burnley,1,1,D,K Hill
2/12/2006,Leeds,Barnsley,2,2,D,K Wright
2/12/2006,Leicester,Sheffield Weds,1,4,A,R Styles
2/12/2006,Luton,Preston,2,0,H,M Jones
2/12/2006,Southend,Wolves,0,1,A,P Armstrong
2/12/2006,Sunderland,Norwich,1,0,H,P Joslin
2/12/2006,West Brom,Derby,1,0,H,R Booth
29/11/2006,Derby,Ipswich,2,1,H,R Lee
29/11/2006,Southampton,Birmingham,4,3,H,I Williamson
28/11/2006,Barnsley,Southend,2,0,H,G Laws
28/11/2006,Burnley,Leeds,2,1,H,P Dowd
28/11/2006,Colchester,Hull,5,1,H,P Miller
28/11/2006,Norwich,Leicester,3,1,H,D Deadman
28/11/2006,Plymouth,Luton,1,0,H,T Kettle
28/11/2006,Preston,Coventry,1,1,D,R Lewis
28/11/2006,QPR,Sunderland,1,2,A,U Rennie
28/11/2006,Sheffield Weds,West Brom,3,1,H,K Wright
28/11/2006,Stoke,Cardiff,3,0,H,M Riley
28/11/2006,Wolves,Crystal Palace,1,1,D,K Stroud
25/11/2006,Barnsley,Ipswich,1,0,H,E Ilderton
25/11/2006,Burnley,Birmingham,1,2,A,K Wright
25/11/2006,Colchester,Southend,3,0,H,S Bennett
25/11/2006,Derby,Leicester,1,0,H,A D'Urso
25/11/2006,Norwich,Hull,1,1,D,G Sutton
25/11/2006,Plymouth,Leeds,1,2,A,D Whitestone
25/11/2006,Preston,Crystal Palace,0,0,D,U Rennie
25/11/2006,QPR,Coventry,0,1,A,C Penton
25/11/2006,Sheffield Weds,Cardiff,0,0,D,P Dowd
25/11/2006,Southampton,Luton,2,1,H,P Armstrong
25/11/2006,Stoke,West Brom,1,0,H,M Thorpe
24/11/2006,Wolves,Sunderland,1,1,D,M Pike
19/11/2006,Ipswich,Norwich,3,1,H,T Kettle
18/11/2006,Birmingham,Wolves,1,1,D,M Halsey
18/11/2006,Coventry,Sheffield Weds,3,1,H,N Swarbrick
18/11/2006,Crystal Palace,Barnsley,2,0,H,K Friend
18/11/2006,Hull,Stoke,0,2,A,G Hegley
18/11/2006,Leeds,Southampton,0,3,A,S Mathieson
18/11/2006,Leicester,Preston,0,1,A,I Williamson
18/11/2006,Luton,Derby,0,2,A,S Tanner
18/11/2006,Southend,Plymouth,1,1,D,R Styles
18/11/2006,Sunderland,Colchester,3,1,H,A Hall
18/11/2006,West Brom,Burnley,3,0,H,R Beeby
17/11/2006,Cardiff,QPR,0,1,A,P Joslin
11/11/2006,Birmingham,Barnsley,2,0,H,M Russell
11/11/2006,Cardiff,Burnley,1,0,H,P Walton
11/11/2006,Coventry,Derby,1,2,A,L Probert
11/11/2006,Crystal Palace,Stoke,0,1,A,I Williamson
11/11/2006,Hull,Wolves,2,0,H,U Rennie
11/11/2006,Ipswich,Sheffield Weds,0,2,A,K Stroud
11/11/2006,Leeds,Colchester,3,0,H,M Jones
11/11/2006,Leicester,Plymouth,2,2,D,M Thorpe
11/11/2006,Luton,QPR,2,3,A,A D'Urso
11/11/2006,Southend,Preston,0,0,D,D Deadman
11/11/2006,Sunderland,Southampton,1,1,D,K Friend
11/11/2006,West Brom,Norwich,0,1,A,G Laws
6/11/2006,Stoke,Coventry,1,0,H,C Boyeson
4/11/2006,Barnsley,Leeds,3,2,H,P Crossley
4/11/2006,Burnley,Ipswich,1,0,H,P Joslin
4/11/2006,Colchester,Cardiff,3,1,H,J Moss
4/11/2006,Derby,West Brom,2,1,H,P Walton
4/11/2006,Norwich,Sunderland,1,0,H,M Riley
4/11/2006,Plymouth,Birmingham,0,1,A,G Hegley
4/11/2006,Preston,Luton,3,0,H,C Webster
4/11/2006,QPR,Crystal Palace,4,2,H,P Dowd
4/11/2006,Sheffield Weds,Leicester,2,1,H,N Miller
4/11/2006,Southampton,Hull,0,0,D,A Bates
4/11/2006,Wolves,Southend,3,1,H,S Tanner
1/11/2006,Derby,Barnsley,2,1,H,A Penn
1/11/2006,Southampton,Wolves,2,0,H,M Thorpe
31/10/2006,Coventry,Birmingham,0,1,A,A D'Urso
31/10/2006,Leicester,Stoke,2,1,H,G Laws
31/10/2006,Luton,Burnley,0,2,A,J Singh
31/10/2006,Norwich,Colchester,1,1,D,D Gallagher
31/10/2006,Plymouth,Ipswich,1,1,D,K Friend
31/10/2006,Preston,Leeds,4,1,H,A Marriner
31/10/2006,Sheffield Weds,Crystal Palace,3,2,H,A Hall
31/10/2006,Southend,Hull,2,3,A,P Joslin
31/10/2006,Sunderland,Cardiff,1,2,A,C Boyeson
31/10/2006,West Brom,QPR,3,3,D,L Mason
29/10/2006,Ipswich,Luton,5,0,H,I Williamson
28/10/2006,Barnsley,Coventry,0,1,A,M Halsey
28/10/2006,Birmingham,West Brom,2,0,H,N Miller
28/10/2006,Cardiff,Derby,2,2,D,A Marriner
28/10/2006,Colchester,Southampton,2,0,H,D Whitestone
28/10/2006,Crystal Palace,Plymouth,0,1,A,M Russell
28/10/2006,Hull,Sunderland,0,1,A,R Beeby
28/10/2006,Leeds,Southend,2,0,H,C Foy
28/10/2006,QPR,Leicester,1,1,D,K Stroud
28/10/2006,Stoke,Norwich,5,0,H,P Robinson
28/10/2006,Wolves,Sheffield Weds,2,2,D,R Lewis
27/10/2006,Burnley,Preston,3,2,H,S Tanner
23/10/2006,Coventry,Colchester,2,1,H,M Pike
22/10/2006,West Brom,Wolves,3,0,H,H Webb
21/10/2006,Derby,Birmingham,0,1,A,U Rennie
21/10/2006,Leicester,Crystal Palace,1,1,D,G Salisbury
21/10/2006,Luton,Leeds,5,1,H,G Hedgley
21/10/2006,Norwich,Cardiff,1,0,H,A Bates
21/10/2006,Plymouth,Burnley,0,0,D,P Miller
21/10/2006,Preston,Hull,2,1,H,P Walton
21/10/2006,Sheffield Weds,QPR,3,2,H,K Hill
21/10/2006,Southampton,Stoke,1,0,H,L Probert
21/10/2006,Southend,Ipswich,1,3,A,C Penton
21/10/2006,Sunderland,Barnsley,2,0,H,N Swarbrick
18/10/2006,Colchester,Sheffield Weds,4,0,H,R Beeby
17/10/2006,Barnsley,Plymouth,2,2,D,C Oliver
17/10/2006,Birmingham,Norwich,0,1,A,M Pike
17/10/2006,Burnley,Southend,0,0,D,U Rennie
17/10/2006,Cardiff,Southampton,1,0,H,R Oliver
17/10/2006,Crystal Palace,West Brom,0,2,A,R Lee
17/10/2006,Hull,Luton,0,0,D,G Laws
17/10/2006,Ipswich,Preston,2,3,A,P Melin
17/10/2006,Leeds,Leicester,1,2,A,C Webster
17/10/2006,QPR,Derby,1,2,A,M Thorpe
17/10/2006,Stoke,Sunderland,2,1,H,P Walton
17/10/2006,Wolves,Coventry,1,0,H,L Mason
15/10/2006,Plymouth,Derby,3,1,H,P Taylor
14/10/2006,Burnley,Hull,2,0,H,A Penn
14/10/2006,Crystal Palace,Cardiff,1,2,A,P Walton
14/10/2006,Ipswich,West Brom,1,5,A,A Woolmer
14/10/2006,Leeds,Stoke,0,4,A,T Kettle
14/10/2006,Leicester,Southampton,3,2,H,K Hill
14/10/2006,Luton,Birmingham,3,2,H,J Moss
14/10/2006,Preston,Sunderland,4,1,H,M Jones
14/10/2006,QPR,Norwich,3,3,D,A Marriner
14/10/2006,Sheffield Weds,Barnsley,2,1,H,C Foy
14/10/2006,Wolves,Colchester,1,0,H,S Mathieson
13/10/2006,Southend,Coventry,2,3,A,D Drysdale
1/10/2006,Norwich,Burnley,1,4,A,P Crossley
30/09/2006,Barnsley,Luton,1,2,A,D Whitestone
30/09/2006,Birmingham,Leicester,1,1,D,S Bennett
30/09/2006,Cardiff,Wolves,4,0,H,P Miller
30/09/2006,Coventry,Plymouth,0,1,A,M Halsey
30/09/2006,Derby,Southend,3,0,H,R Lewis
30/09/2006,Hull,Crystal Palace,1,1,D,M Thorpe
30/09/2006,Southampton,QPR,1,2,A,A D'Urso
30/09/2006,Stoke,Preston,1,1,D,A Woolmer
30/09/2006,Sunderland,Sheffield Weds,1,0,H,S Mathieson
30/09/2006,West Brom,Leeds,4,2,H,R Styles
29/09/2006,Colchester,Ipswich,1,0,H,L Probert
24/09/2006,Southend,Cardiff,0,3,A,K Stroud
23/09/2006,Burnley,Southampton,2,3,A,D Drysdale
23/09/2006,Crystal Palace,Coventry,1,0,H,A Wolmer
23/09/2006,Ipswich,Sunderland,3,1,H,M Russell
23/09/2006,Leeds,Birmingham,3,2,H,S Tanner
23/09/2006,Leicester,Colchester,0,0,D,C Oliver
23/09/2006,Luton,West Brom,2,2,D,P Dowd
23/09/2006,Plymouth,Norwich,3,1,H,J Singh
23/09/2006,QPR,Hull,2,0,H,D Deadman
23/09/2006,Sheffield Weds,Derby,1,2,A,K Wright
23/09/2006,Wolves,Stoke,2,0,H,M Dean
22/09/2006,Preston,Barnsley,1,0,H,R Beeby
16/09/2006,Barnsley,Wolves,1,0,H,N Miller
16/09/2006,Birmingham,Ipswich,2,2,D,H Webb
16/09/2006,Cardiff,Luton,4,1,H,P Melin
16/09/2006,Colchester,QPR,2,1,H,A Wiley
16/09/2006,Coventry,Leeds,1,0,H,I Williamson
16/09/2006,Derby,Preston,1,1,D,G Laws
16/09/2006,Norwich,Crystal Palace,0,1,A,A D'Urso
16/09/2006,Southampton,Plymouth,1,0,H,R Lee
16/09/2006,Stoke,Burnley,0,1,A,C Foy
16/09/2006,Sunderland,Leicester,1,1,D,M Pike
16/09/2006,West Brom,Southend,1,1,D,R Booth
15/09/2006,Hull,Sheffield Weds,2,1,H,G Salisbury
13/09/2006,Leeds,Sunderland,0,3,A,A Marriner
12/09/2006,Burnley,Barnsley,4,2,H,G Sutton
12/09/2006,Crystal Palace,Southampton,0,2,A,C Penton
12/09/2006,Ipswich,Coventry,2,1,H,P Taylor
12/09/2006,Leicester,Hull,0,1,A,M Jones
12/09/2006,Luton,Colchester,1,1,D,K Friend
12/09/2006,Plymouth,Cardiff,3,3,D,S Tanner
12/09/2006,Preston,West Brom,1,0,H,C Boyeson
12/09/2006,QPR,Birmingham,0,2,A,P Melin
12/09/2006,Sheffield Weds,Stoke,1,1,D,A Wiley
12/09/2006,Southend,Norwich,3,3,D,U Rennie
12/09/2006,Wolves,Derby,0,1,A,N Swarbrick
10/09/2006,Leeds,Wolves,0,1,A,L Mason
9/09/2006,Barnsley,Stoke,2,2,D,C Webster
9/09/2006,Birmingham,Hull,2,1,H,T Kettle
9/09/2006,Burnley,Colchester,1,2,A,R Olivier
9/09/2006,Coventry,Norwich,3,0,H,J Moss
9/09/2006,Derby,Sunderland,1,2,A,A Bates
9/09/2006,Ipswich,Southampton,2,1,H,M Halsey
9/09/2006,Luton,Crystal Palace,2,1,H,P Armstrong
9/09/2006,Plymouth,QPR,1,1,D,A Marriner
9/09/2006,Preston,Cardiff,2,1,H,E Ilderton
9/09/2006,Southend,Sheffield Weds,0,0,D,R Beeby
9/09/2006,West Brom,Leicester,2,0,H,M Atkinson
28/08/2006,Sunderland,West Brom,2,0,H,P Joslin
27/08/2006,Sheffield Weds,Leeds,0,1,A,S Bennett
26/08/2006,Cardiff,Birmingham,2,0,H,P Crossley
26/08/2006,Colchester,Derby,4,3,H,P Walton
26/08/2006,Crystal Palace,Burnley,2,2,D,L Probert
26/08/2006,Hull,Coventry,0,1,A,N Swarbrick
26/08/2006,Leicester,Southend,1,0,H,C Boyeson
26/08/2006,Norwich,Barnsley,5,1,H,I Williamson
26/08/2006,Southampton,Preston,1,1,D,P Miller
26/08/2006,Stoke,Plymouth,1,1,D,E Ilderton
26/08/2006,Wolves,Luton,1,0,H,P Robinson
25/08/2006,QPR,Ipswich,1,3,A,L Mason
19/08/2006,Barnsley,Southampton,2,2,D,M Dean
19/08/2006,Birmingham,Crystal Palace,2,1,H,M Jones
19/08/2006,Burnley,Wolves,0,1,A,C Oliver
19/08/2006,Derby,Norwich,0,0,D,R Beeby
19/08/2006,Ipswich,Hull,0,0,D,D Gallagher
19/08/2006,Leeds,Cardiff,0,1,A,N Miller
19/08/2006,Luton,Stoke,2,2,D,G Sutton
19/08/2006,Plymouth,Sheffield Weds,1,2,A,P Melin
19/08/2006,Preston,QPR,1,1,D,M Pike
19/08/2006,Southend,Sunderland,3,1,H,J Singh
19/08/2006,West Brom,Colchester,2,1,H,P Taylor
18/08/2006,Coventry,Leicester,0,0,D,A Hall
13/08/2006,Crystal Palace,Leeds,1,0,H,R Styles
12/08/2006,Cardiff,Coventry,1,0,H,R Booth
12/08/2006,Colchester,Barnsley,1,2,A,G Poll
12/08/2006,Hull,Derby,1,2,A,A Woolmer
12/08/2006,Leicester,Ipswich,3,1,H,J Moss
12/08/2006,Norwich,Luton,3,2,H,A Penn
12/08/2006,QPR,Southend,2,0,H,I Williamson
12/08/2006,Sheffield Weds,Burnley,1,1,D,C Webster
12/08/2006,Southampton,West Brom,0,0,D,S Tanner
12/08/2006,Stoke,Birmingham,0,0,D,R Beeby
12/08/2006,Sunderland,Plymouth,2,3,A,R Olivier
11/08/2006,Wolves,Preston,1,3,A,U Rennie
9/08/2006,Southampton,Coventry,2,0,H,G Hegley
9/08/2006,Sunderland,Birmingham,0,1,A,G Salisbury
8/08/2006,Cardiff,West Brom,1,1,D,C Foy
8/08/2006,Colchester,Plymouth,0,1,A,R Booth
8/08/2006,Crystal Palace,Southend,3,1,H,K Hill
8/08/2006,Hull,Barnsley,2,3,A,S Mathieson
8/08/2006,Leicester,Burnley,0,1,A,H Webb
8/08/2006,Norwich,Preston,2,0,H,P Joslin
8/08/2006,QPR,Leeds,2,2,D,K Friend
8/08/2006,Sheffield Weds,Luton,0,1,A,A Bates
8/08/2006,Stoke,Derby,2,0,H,M Clattenburg
8/08/2006,Wolves,Ipswich,1,0,H,T Kettle
6/08/2006,Coventry,Sunderland,2,1,H,C Foy
6/08/2006,Derby,Southampton,2,2,D,A D'Urso
5/08/2006,Barnsley,Cardiff,1,2,A,L Mason
5/08/2006,Birmingham,Colchester,2,1,H,K Stroud
5/08/2006,Burnley,QPR,2,0,H,M Clattenburg
5/08/2006,Ipswich,Crystal Palace,1,2,A,K Wright
5/08/2006,Leeds,Norwich,1,0,H,G Laws
5/08/2006,Luton,Leicester,2,0,H,C Penton
5/08/2006,Plymouth,Wolves,1,1,D,I Williamson
5/08/2006,Preston,Sheffield Weds,0,0,D,P Walton
5/08/2006,Southend,Stoke,1,0,H,M Russell
5/08/2006,West Brom,Hull,2,0,H,L Probert
30/04/2006,Brighton,Stoke,1,5,A,K Wright
30/04/2006,Burnley,Luton,1,1,D,R Booth
30/04/2006,Coventry,Cardiff,3,1,H,T Kettle
30/04/2006,Crewe,Millwall,4,2,H,G Salisbury
30/04/2006,Derby,Sheffield Weds,0,2,A,P Dowd
30/04/2006,Norwich,Wolves,1,2,A,I Williamson
30/04/2006,Plymouth,Ipswich,2,1,H,B Curson
30/04/2006,Preston,Leeds,2,0,H,U Rennie
30/04/2006,Reading,QPR,2,1,H,D Drysdale
30/04/2006,Sheffield United,Crystal Palace,1,0,H,A Leake
30/04/2006,Southampton,Leicester,2,0,H,M Fletcher
30/04/2006,Watford,Hull,0,0,D,K Friend
22/04/2006,Cardiff,Norwich,0,1,A,A Marriner
22/04/2006,Crystal Palace,Southampton,2,1,H,R Beeby
22/04/2006,Hull,Preston,1,1,D,A Bates
22/04/2006,Ipswich,Derby,2,0,H,L Probert
22/04/2006,Leeds,Crewe,1,0,H,N Miller
22/04/2006,Leicester,Plymouth,1,0,H,P Joslin
22/04/2006,Luton,Sheffield United,1,1,D,R Olivier
22/04/2006,Millwall,Burnley,1,0,H,C Penton
22/04/2006,QPR,Watford,1,2,A,A D'Urso
22/04/2006,Sheffield Weds,Reading,1,1,D,L Mason
22/04/2006,Stoke,Coventry,0,1,A,P Walton
22/04/2006,Wolves,Brighton,1,0,H,N Swarbrick
18/04/2006,Sheffield United,Leeds,1,1,D,G Poll
17/04/2006,Brighton,Sheffield Weds,0,2,A,P Taylor
17/04/2006,Burnley,Crystal Palace,0,0,D,M Dean
17/04/2006,Coventry,Leicester,1,1,D,K Hill
17/04/2006,Crewe,Cardiff,1,1,D,J Moss
17/04/2006,Derby,Hull,1,1,D,A D'Urso
17/04/2006,Norwich,QPR,3,2,H,B Curson
17/04/2006,Plymouth,Luton,1,2,A,A Hall
17/04/2006,Preston,Wolves,2,0,H,K Friend
17/04/2006,Reading,Stoke,3,1,H,S Mathieson
17/04/2006,Southampton,Millwall,2,0,H,A Woolmer
17/04/2006,Watford,Ipswich,2,1,H,C Webster
15/04/2006,Crystal Palace,Crewe,2,2,D,M Russell
15/04/2006,Hull,Burnley,0,0,D,D Drysdale
15/04/2006,Ipswich,Brighton,1,2,A,I Williamson
15/04/2006,Leeds,Reading,1,1,D,M Halsey
15/04/2006,Leicester,Preston,1,2,A,D Gallagher
15/04/2006,Luton,Coventry,1,2,A,R Beeby
15/04/2006,Millwall,Plymouth,1,1,D,P Walton
15/04/2006,QPR,Derby,1,1,D,T Kettle
15/04/2006,Sheffield Weds,Norwich,1,0,H,K Stroud
15/04/2006,Stoke,Southampton,1,2,A,P Robinson
14/04/2006,Cardiff,Sheffield United,0,1,A,M Jones
14/04/2006,Wolves,Watford,1,1,D,K Wright
9/04/2006,Watford,Luton,1,1,D,M Dean
8/04/2006,Brighton,Southampton,0,2,A,M Atkinson
8/04/2006,Burnley,QPR,1,0,H,R Olivier
8/04/2006,Cardiff,Reading,2,5,A,A Leake
8/04/2006,Crewe,Sheffield Weds,2,0,H,C Penton
8/04/2006,Derby,Millwall,1,0,H,P Taylor
8/04/2006,Ipswich,Stoke,1,4,A,P Miller
8/04/2006,Leeds,Plymouth,0,0,D,M Thorpe
8/04/2006,Preston,Norwich,2,0,H,M Fletcher
8/04/2006,Sheffield United,Hull,3,2,H,P Crossley
8/04/2006,Wolves,Coventry,2,2,D,D Gallagher
7/04/2006,Leicester,Crystal Palace,2,0,H,G Laws
1/04/2006,Coventry,Preston,0,1,A,M Pike
1/04/2006,Hull,Leeds,1,0,H,E Ilderton
1/04/2006,Luton,Ipswich,1,0,H,L Mason
1/04/2006,Millwall,Brighton,0,2,A,K Hill
1/04/2006,Norwich,Leicester,2,1,H,A D'Urso
1/04/2006,Plymouth,Wolves,2,0,H,P Melin
1/04/2006,QPR,Crewe,1,2,A,S Tanner
1/04/2006,Reading,Derby,5,0,H,A Bates
1/04/2006,Sheffield Weds,Burnley,0,0,D,G Laws
1/04/2006,Southampton,Cardiff,3,2,H,P Walton
1/04/2006,Stoke,Sheffield United,1,1,D,A Marriner
31/03/2006,Crystal Palace,Watford,3,1,H,M Thorpe
29/03/2006,QPR,Stoke,1,2,A,P Walton
28/03/2006,Burnley,Southampton,1,1,D,A Marriner
28/03/2006,Preston,Crewe,1,0,H,M Thorpe
25/03/2006,Brighton,Luton,1,1,D,P Armstrong
25/03/2006,Cardiff,QPR,0,0,D,K Wright
25/03/2006,Crewe,Coventry,4,1,H,M Atkinson
25/03/2006,Derby,Crystal Palace,2,1,H,A Wiley
25/03/2006,Ipswich,Hull,1,1,D,R Olivier
25/03/2006,Leeds,Stoke,0,0,D,K Stroud
25/03/2006,Leicester,Reading,1,1,D,C Penton
25/03/2006,Preston,Plymouth,0,0,D,N Miller
25/03/2006,Sheffield United,Southampton,3,0,H,A Bates
25/03/2006,Watford,Millwall,0,2,A,A D'Urso
25/03/2006,Wolves,Sheffield Weds,1,3,A,D Drysdale
24/03/2006,Burnley,Norwich,2,0,H,C Webster
21/03/2006,Leeds,Crystal Palace,0,1,A,P Joslin
20/03/2006,Southampton,Watford,1,3,A,I Williamson
18/03/2006,Coventry,Leeds,1,1,D,C Oliver
18/03/2006,Crystal Palace,Ipswich,2,2,D,K Friend
18/03/2006,Hull,Crewe,1,0,H,T Kettle
18/03/2006,Luton,Derby,1,0,H,N Miller
18/03/2006,Millwall,Leicester,0,1,A,M Thorpe
18/03/2006,Norwich,Sheffield United,2,1,H,P Taylor
18/03/2006,Plymouth,Cardiff,0,1,A,R Olivier
18/03/2006,QPR,Brighton,1,1,D,A Leake
18/03/2006,Reading,Wolves,1,1,D,P Walton
18/03/2006,Sheffield Weds,Preston,2,0,H,A Woolmer
18/03/2006,Stoke,Burnley,1,0,H,M Fletcher
14/03/2006,Preston,Ipswich,3,1,H,E Ilderton
13/03/2006,Stoke,Crystal Palace,1,3,A,A Leake
11/03/2006,Brighton,Preston,0,0,D,A Hall
11/03/2006,Coventry,Sheffield United,2,0,H,K Stroud
11/03/2006,Crewe,Southampton,1,1,D,P Robinson
11/03/2006,Derby,Burnley,3,0,H,P Joslin
11/03/2006,Hull,Plymouth,1,0,H,H Webb
11/03/2006,Ipswich,Millwall,1,1,D,B Curson
11/03/2006,Leeds,Norwich,2,2,D,C Foy
11/03/2006,Luton,Leicester,1,2,A,A Bates
11/03/2006,Reading,Watford,0,0,D,S Tanner
11/03/2006,Sheffield Weds,QPR,1,1,D,A D'Urso
11/03/2006,Wolves,Cardiff,2,0,H,G Salisbury
7/03/2006,Plymouth,Preston,0,0,D,I Williamson
7/03/2006,Wolves,Stoke,0,0,D,B Curson
4/03/2006,Burnley,Reading,0,3,A,M Jones
4/03/2006,Cardiff,Sheffield Weds,1,0,H,L Probert
4/03/2006,Crystal Palace,Leeds,1,2,A,D Gallagher
4/03/2006,Leicester,Hull,3,2,H,N Miller
4/03/2006,Millwall,Luton,2,1,H,U Rennie
4/03/2006,Norwich,Stoke,2,1,H,P Crossley
4/03/2006,Plymouth,Brighton,1,0,H,P Joslin
4/03/2006,QPR,Wolves,0,0,D,P Armstrong
4/03/2006,Southampton,Coventry,1,1,D,P Dowd
4/03/2006,Watford,Derby,2,2,D,A Leake
3/03/2006,Sheffield United,Crewe,0,0,D,K Wright
25/02/2006,Coventry,Burnley,1,0,H,E Ilderton
25/02/2006,Crewe,Brighton,2,1,H,H Webb
25/02/2006,Crystal Palace,Norwich,4,1,H,P Walton
25/02/2006,Derby,Plymouth,1,0,H,K Wright
25/02/2006,Hull,Wolves,2,3,A,I Williamson
25/02/2006,Ipswich,Leicester,2,0,H,P Taylor
25/02/2006,Leeds,Luton,2,1,H,K Hill
25/02/2006,Reading,Preston,2,1,H,K Stroud
25/02/2006,Sheffield United,QPR,2,3,A,K Friend
25/02/2006,Southampton,Sheffield Weds,3,0,H,M Thorpe
25/02/2006,Stoke,Millwall,2,1,H,C Webster
25/02/2006,Watford,Cardiff,2,1,H,C Penton
18/02/2006,Brighton,Watford,0,1,A,P Crossley
18/02/2006,Cardiff,Hull,1,0,H,B Curson
18/02/2006,Leicester,Leeds,1,1,D,R Olivier
18/02/2006,Millwall,Crystal Palace,1,1,D,L Mason
18/02/2006,Norwich,Derby,2,0,H,A Hall
18/02/2006,Plymouth,Coventry,3,1,H,P Armstrong
18/02/2006,Sheffield Weds,Sheffield United,1,2,A,N Miller
18/02/2006,Wolves,Ipswich,1,0,H,A Woolmer
17/02/2006,Luton,Reading,3,2,H,K Wright
15/02/2006,Coventry,Sheffield Weds,2,1,H,R Styles
15/02/2006,Southampton,Preston,0,0,D,C Penton
14/02/2006,Burnley,Wolves,0,1,A,C Oliver
14/02/2006,Crewe,Ipswich,1,2,A,A Leake
14/02/2006,Crystal Palace,QPR,2,1,H,A Hall
14/02/2006,Leeds,Watford,2,1,H,M Jones
14/02/2006,Leicester,Derby,2,2,D,P Crossley
14/02/2006,Luton,Cardiff,3,3,D,A Woolmer
14/02/2006,Millwall,Hull,1,1,D,L Probert
14/02/2006,Norwich,Brighton,3,0,H,M Thorpe
14/02/2006,Sheffield United,Reading,1,1,D,M Halsey
14/02/2006,Stoke,Plymouth,0,0,D,M Riley
11/02/2006,Brighton,Leicester,1,2,A,S Tanner
11/02/2006,Cardiff,Stoke,3,0,H,M Jones
11/02/2006,Derby,Leeds,0,0,D,P Dowd
11/02/2006,Hull,Norwich,1,1,D,J Moss
11/02/2006,Ipswich,Burnley,2,1,H,D Deadman
11/02/2006,Plymouth,Sheffield United,0,0,D,C Penton
11/02/2006,Preston,Luton,5,1,H,D Drysdale
11/02/2006,QPR,Millwall,1,0,H,A Wiley
11/02/2006,Sheffield Weds,Crystal Palace,0,0,D,K Wright
11/02/2006,Watford,Coventry,4,0,H,T Kettle
11/02/2006,Wolves,Crewe,1,1,D,L Mason
10/02/2006,Reading,Southampton,2,0,H,A D'Urso
6/02/2006,Sheffield United,Watford,1,4,A,A Hall
5/02/2006,Norwich,Ipswich,1,2,A,K Stroud
4/02/2006,Burnley,Plymouth,1,0,H,T Kettle
4/02/2006,Coventry,Brighton,2,0,H,U Rennie
4/02/2006,Crewe,Reading,3,4,A,C Webster
4/02/2006,Crystal Palace,Cardiff,1,0,H,A Bates
4/02/2006,Leeds,QPR,2,0,H,P Walton
4/02/2006,Leicester,Wolves,1,0,H,L Probert
4/02/2006,Luton,Hull,2,3,A,K Friend
4/02/2006,Millwall,Sheffield Weds,0,1,A,S Tanner
4/02/2006,Southampton,Derby,0,0,D,P Taylor
4/02/2006,Stoke,Preston,0,0,D,B Curson
1/02/2006,Derby,Sheffield United,0,1,A,I Williamson
31/01/2006,Brighton,Burnley,0,0,D,K Wright
31/01/2006,Cardiff,Millwall,1,1,D,A Marriner
31/01/2006,Hull,Coventry,1,2,A,A Woolmer
31/01/2006,Ipswich,Leeds,1,1,D,P Crossley
31/01/2006,Plymouth,Southampton,2,1,H,A Hall
31/01/2006,Preston,Crystal Palace,2,0,H,E Ilderton
31/01/2006,QPR,Leicester,2,3,A,M Thorpe
31/01/2006,Reading,Norwich,4,0,H,L Mason
31/01/2006,Sheffield Weds,Luton,0,2,A,P Armstrong
28/01/2006,Watford,Crewe,4,1,H,K Friend
25/01/2006,Southampton,Crystal Palace,0,0,D,A Marriner
24/01/2006,Plymouth,Leicester,1,0,H,A Woolmer
21/01/2006,Burnley,Preston,0,2,A,P Taylor
21/01/2006,Coventry,Derby,6,1,H,G Salisbury
21/01/2006,Crewe,Plymouth,1,2,A,D Drysdale
21/01/2006,Leeds,Sheffield Weds,3,0,H,D Gallagher
21/01/2006,Leicester,Cardiff,1,2,A,N Swarbrick
21/01/2006,Luton,QPR,2,0,H,R Beeby
21/01/2006,Millwall,Wolves,0,0,D,C Penton
21/01/2006,Norwich,Watford,2,3,A,M Atkinson
21/01/2006,Sheffield United,Brighton,3,1,H,E Ilderton
21/01/2006,Southampton,Ipswich,0,2,A,S Tanner
21/01/2006,Stoke,Hull,0,3,A,A D'Urso
20/01/2006,Crystal Palace,Reading,1,1,D,T Kettle
16/01/2006,Watford,Stoke,1,0,H,P Crossley
14/01/2006,Brighton,Leeds,2,1,H,A D'Urso
14/01/2006,Cardiff,Burnley,3,0,H,D Drysdale
14/01/2006,Derby,Crewe,5,1,H,D Deadman
14/01/2006,Hull,Crystal Palace,1,2,A,C Webster
14/01/2006,Ipswich,Sheffield United,1,1,D,C Penton
14/01/2006,Plymouth,Norwich,1,1,D,A Penn
14/01/2006,Preston,Millwall,2,0,H,J Moss
14/01/2006,QPR,Southampton,1,0,H,M Jones
14/01/2006,Reading,Coventry,2,0,H,A Bates
14/01/2006,Sheffield Weds,Leicester,2,1,H,E Ilderton
13/01/2006,Wolves,Luton,2,1,H,M Dean
3/01/2006,Hull,Sheffield United,1,3,A,M Thorpe
2/01/2006,Coventry,Wolves,2,0,H,E Ilderton
2/01/2006,Crystal Palace,Leicester,2,0,H,C Penton
2/01/2006,Luton,Watford,1,2,A,I Williamson
2/01/2006,Millwall,Derby,2,1,H,M Atkinson
2/01/2006,Norwich,Preston,0,3,A,N Miller
2/01/2006,Plymouth,Leeds,0,3,A,P Taylor
2/01/2006,QPR,Burnley,1,1,D,K Stroud
2/01/2006,Reading,Cardiff,5,1,H,R Olivier
2/01/2006,Sheffield Weds,Crewe,3,0,H,A D'Urso
2/01/2006,Southampton,Brighton,2,1,H,M Riley
2/01/2006,Stoke,Ipswich,2,2,D,L Probert
31/12/2005,Brighton,Millwall,1,2,A,M Thorpe
31/12/2005,Burnley,Sheffield Weds,1,2,A,A Woolmer
31/12/2005,Cardiff,Southampton,2,1,H,C Foy
31/12/2005,Crewe,QPR,3,4,A,K Wright
31/12/2005,Derby,Reading,2,2,D,B Curson
31/12/2005,Ipswich,Luton,1,0,H,A D'Urso
31/12/2005,Leeds,Hull,2,0,H,A Hall
31/12/2005,Leicester,Norwich,0,1,A,A Leake
31/12/2005,Preston,Coventry,3,1,H,L Probert
31/12/2005,Sheffield United,Stoke,2,1,H,L Mason
31/12/2005,Watford,Crystal Palace,1,2,A,P Dowd
31/12/2005,Wolves,Plymouth,1,1,D,P Armstrong
28/12/2005,Coventry,Crewe,1,1,D,P Melin
28/12/2005,Crystal Palace,Derby,2,0,H,K Stroud
28/12/2005,Hull,Ipswich,2,0,H,C Oliver
28/12/2005,Luton,Brighton,3,0,H,A Bates
28/12/2005,Millwall,Watford,0,0,D,A Marriner
28/12/2005,Norwich,Burnley,2,1,H,C Penton
28/12/2005,QPR,Cardiff,1,0,H,M Thorpe
28/12/2005,Reading,Leicester,2,0,H,A Wiley
28/12/2005,Sheffield Weds,Wolves,0,2,A,M Jones
28/12/2005,Southampton,Sheffield United,0,1,A,P Crossley
28/12/2005,Stoke,Leeds,0,1,A,M Halsey
26/12/2005,Brighton,QPR,1,0,H,R Styles
26/12/2005,Burnley,Stoke,1,0,H,N Miller
26/12/2005,Cardiff,Plymouth,0,2,A,L Probert
26/12/2005,Crewe,Hull,2,2,D,E Ilderton
26/12/2005,Derby,Luton,1,1,D,P Taylor
26/12/2005,Ipswich,Crystal Palace,0,2,A,A Woolmer
26/12/2005,Leeds,Coventry,3,1,H,C Webster
26/12/2005,Leicester,Millwall,1,1,D,G Salisbury
26/12/2005,Preston,Sheffield Weds,0,0,D,C Foy
26/12/2005,Sheffield United,Norwich,1,3,A,T Kettle
26/12/2005,Watford,Southampton,3,0,H,R Beeby
26/12/2005,Wolves,Reading,0,2,A,S Tanner
19/12/2005,QPR,Coventry,0,1,A,U Rennie
17/12/2005,Burnley,Watford,4,1,H,E Ilderton
17/12/2005,Cardiff,Derby,0,0,D,P Crossley
17/12/2005,Leicester,Crewe,1,1,D,A Marriner
17/12/2005,Luton,Stoke,2,3,A,T Kettle
17/12/2005,Millwall,Reading,0,2,A,A Hall
17/12/2005,Norwich,Southampton,3,1,H,A Bates
17/12/2005,Plymouth,Crystal Palace,2,0,H,R Beeby
17/12/2005,Sheffield Weds,Ipswich,0,1,A,I Williamson
17/12/2005,Wolves,Leeds,1,0,H,C Foy
16/12/2005,Brighton,Hull,2,1,H,K Stroud
16/12/2005,Preston,Sheffield United,0,0,D,B Curson
11/12/2005,Southampton,Luton,1,0,H,L Probert
10/12/2005,Coventry,Millwall,1,0,H,A Leake
10/12/2005,Crewe,Norwich,1,2,A,P Joslin
10/12/2005,Crystal Palace,Wolves,1,1,D,M Thorpe
10/12/2005,Derby,Preston,1,1,D,E Ilderton
10/12/2005,Hull,Sheffield Weds,1,0,H,M Atkinson
10/12/2005,Ipswich,QPR,2,2,D,M Messias
10/12/2005,Leeds,Cardiff,0,1,A,G Salisbury
10/12/2005,Reading,Brighton,5,1,H,P Taylor
10/12/2005,Sheffield United,Burnley,3,0,H,C Webster
10/12/2005,Watford,Plymouth,1,1,D,S Mathieson
9/12/2005,Stoke,Leicester,3,2,H,I Williamson
3/12/2005,Coventry,Plymouth,3,1,H,N Miller
3/12/2005,Crewe,Preston,0,2,A,C Webster
3/12/2005,Crystal Palace,Millwall,1,1,D,D Gallagher
3/12/2005,Derby,Norwich,2,0,H,A Hall
3/12/2005,Hull,Cardiff,2,0,H,P Taylor
3/12/2005,Ipswich,Wolves,1,1,D,K Stroud
3/12/2005,Leeds,Leicester,2,1,H,M Dean
3/12/2005,Reading,Luton,3,0,H,M Jones
3/12/2005,Sheffield United,Sheffield Weds,1,0,H,R Beeby
3/12/2005,Southampton,Burnley,1,1,D,B Curson
3/12/2005,Stoke,QPR,1,2,A,A Marriner
3/12/2005,Watford,Brighton,1,1,D,R Olivier
28/11/2005,Cardiff,Ipswich,2,1,H,A Marriner
26/11/2005,Brighton,Derby,0,0,D,S Tanner
26/11/2005,Burnley,Crewe,3,0,H,L Probert
26/11/2005,Coventry,Norwich,2,2,D,R Styles
26/11/2005,Leicester,Sheffield United,4,2,H,K Stroud
26/11/2005,Luton,Crystal Palace,2,0,H,M Messias
26/11/2005,Millwall,Leeds,0,1,A,M Fletcher
26/11/2005,Plymouth,Reading,0,2,A,K Wright
26/11/2005,Preston,Watford,1,1,D,M Jones
26/11/2005,QPR,Hull,2,2,D,P Crossley
26/11/2005,Sheffield Weds,Stoke,0,2,A,A Hall
26/11/2005,Wolves,Southampton,0,0,D,P Taylor
22/11/2005,Cardiff,Brighton,1,1,D,L Mason
22/11/2005,Crystal Palace,Coventry,2,0,H,A D'Urso
22/11/2005,Hull,Southampton,1,1,D,P Walton
22/11/2005,Ipswich,Reading,0,3,A,P Melin
22/11/2005,Leeds,Burnley,2,0,H,A Bates
22/11/2005,Leicester,Watford,2,2,D,D Drysdale
22/11/2005,Luton,Crewe,4,1,H,P Crossley
22/11/2005,Millwall,Norwich,1,0,H,A Woolmer
22/11/2005,QPR,Preston,0,2,A,D Gallagher
22/11/2005,Sheffield Weds,Plymouth,0,0,D,C Webster
22/11/2005,Stoke,Derby,1,2,A,M Jones
22/11/2005,Wolves,Sheffield United,0,0,D,N Miller
20/11/2005,Brighton,Crystal Palace,2,3,A,M Fletcher
19/11/2005,Burnley,Leicester,1,0,H,M Messias
19/11/2005,Coventry,Ipswich,1,1,D,G Salisbury
19/11/2005,Crewe,Stoke,1,2,A,A Woolmer
19/11/2005,Norwich,Luton,2,0,H,K Wright
19/11/2005,Plymouth,QPR,3,1,H,S Tanner
19/11/2005,Preston,Cardiff,2,1,H,R Beeby
19/11/2005,Reading,Hull,3,1,H,C Penton
19/11/2005,Sheffield United,Millwall,2,2,D,M Clattenburg
19/11/2005,Southampton,Leeds,3,4,A,I Williamson
19/11/2005,Watford,Sheffield Weds,2,1,H,B Curson
18/11/2005,Derby,Wolves,0,3,A,A Leake
9/11/2005,Sheffield Weds,Cardiff,1,3,A,T Kettle
6/11/2005,Cardiff,Coventry,0,0,D,C Penton
5/11/2005,Crystal Palace,Sheffield United,2,3,A,I Williamson
5/11/2005,Hull,Watford,1,2,A,L Mason
5/11/2005,Ipswich,Plymouth,3,1,H,M Atkinson
5/11/2005,Leeds,Preston,0,0,D,A D'Urso
5/11/2005,Leicester,Southampton,0,0,D,S Tanner
5/11/2005,Luton,Burnley,2,3,A,P Melin
5/11/2005,Millwall,Crewe,1,3,A,K Stroud
5/11/2005,QPR,Reading,1,2,A,A Leake
5/11/2005,Sheffield Weds,Derby,2,1,H,M Fletcher
5/11/2005,Stoke,Brighton,3,0,H,K Wright
5/11/2005,Wolves,Norwich,2,0,H,C Foy
2/11/2005,Coventry,Stoke,1,2,A,L Probert
2/11/2005,Derby,Ipswich,3,3,D,C Webster
1/11/2005,Brighton,Wolves,1,1,D,B Curson
1/11/2005,Burnley,Millwall,2,1,H,R Beeby
1/11/2005,Crewe,Leeds,1,0,H,T Kettle
1/11/2005,Norwich,Cardiff,1,0,H,D Drysdale
1/11/2005,Preston,Hull,3,0,H,N Miller
1/11/2005,Reading,Sheffield Weds,2,0,H,M Thorpe
1/11/2005,Sheffield United,Luton,4,0,H,M Dean
1/11/2005,Watford,QPR,3,1,H,M Atkinson
30/10/2005,Plymouth,Millwall,0,0,D,C Penton
29/10/2005,Brighton,Ipswich,1,1,D,R Beeby
29/10/2005,Coventry,Luton,1,0,H,M Thorpe
29/10/2005,Crewe,Crystal Palace,2,2,D,M Dean
29/10/2005,Derby,QPR,1,2,A,K Wright
29/10/2005,Norwich,Sheffield Weds,0,1,A,P Robinson
29/10/2005,Preston,Leicester,0,0,D,A Hall
29/10/2005,Reading,Leeds,1,1,D,P Joslin
29/10/2005,Sheffield United,Cardiff,0,0,D,C Foy
29/10/2005,Southampton,Stoke,2,0,H,R Olivier
29/10/2005,Watford,Wolves,3,1,H,C Webster
28/10/2005,Burnley,Hull,1,0,H,P Dowd
24/10/2005,Sheffield Weds,Brighton,1,1,D,N Miller
23/10/2005,Leicester,Coventry,2,1,H,K Wright
22/10/2005,Cardiff,Crewe,6,1,H,M Russell
22/10/2005,Crystal Palace,Burnley,2,0,H,M Thorpe
22/10/2005,Hull,Derby,2,1,H,A Hall
22/10/2005,Ipswich,Watford,0,1,A,A D'Urso
22/10/2005,Luton,Plymouth,1,1,D,B Curson
22/10/2005,Millwall,Southampton,0,2,A,C Foy
22/10/2005,QPR,Norwich,3,0,H,R Olivier
22/10/2005,Stoke,Reading,0,1,A,G Salisbury
22/10/2005,Wolves,Preston,1,1,D,T Kettle
21/10/2005,Leeds,Sheffield United,1,1,D,A Wiley
18/10/2005,Cardiff,Preston,2,2,D,H Webb
18/10/2005,Crystal Palace,Brighton,0,1,A,A Hall
18/10/2005,Hull,Reading,1,1,D,G Laws
18/10/2005,Ipswich,Coventry,2,2,D,T Kettle
18/10/2005,Leeds,Southampton,2,1,H,M Jones
18/10/2005,Leicester,Burnley,0,1,A,L Probert
18/10/2005,Luton,Norwich,4,2,H,S Tanner
18/10/2005,Millwall,Sheffield United,0,4,A,P Walton
18/10/2005,QPR,Plymouth,1,1,D,M Messias
18/10/2005,Sheffield Weds,Watford,1,1,D,A Leake
18/10/2005,Stoke,Crewe,2,0,H,N Miller
18/10/2005,Wolves,Derby,1,1,D,M Thorpe
16/10/2005,Reading,Ipswich,2,0,H,S Tanner
15/10/2005,Brighton,Cardiff,1,2,A,A Woolmer
15/10/2005,Burnley,Leeds,1,2,A,M Dean
15/10/2005,Coventry,Crystal Palace,1,4,A,A Wiley
15/10/2005,Crewe,Luton,3,1,H,A Bates
15/10/2005,Derby,Stoke,2,1,H,K Stroud
15/10/2005,Norwich,Millwall,1,1,D,P Taylor
15/10/2005,Plymouth,Sheffield Weds,1,1,D,I Williamson
15/10/2005,Preston,QPR,1,1,D,M Pike
15/10/2005,Sheffield United,Wolves,1,0,H,R Beeby
15/10/2005,Southampton,Hull,1,1,D,C Penton
15/10/2005,Watford,Leicester,1,2,A,U Rennie
3/10/2005,QPR,Crystal Palace,1,3,A,A D'Urso
1/10/2005,Brighton,Norwich,1,3,A,P Joslin
1/10/2005,Cardiff,Luton,1,2,A,M Jones
1/10/2005,Derby,Leicester,1,1,D,D Gallagher
1/10/2005,Ipswich,Crewe,2,1,H,C Penton
1/10/2005,Plymouth,Stoke,2,1,H,M Russell
1/10/2005,Preston,Southampton,1,1,D,P Walton
1/10/2005,Reading,Sheffield United,2,1,H,G Hegley
1/10/2005,Sheffield Weds,Coventry,3,2,H,L Mason
1/10/2005,Watford,Leeds,0,0,D,B Curson
30/09/2005,Hull,Millwall,1,1,D,A Leake
30/09/2005,Wolves,Burnley,0,1,A,S Tanner
28/09/2005,Coventry,Watford,3,1,H,P Joslin
28/09/2005,Leeds,Derby,3,1,H,G Salisbury
28/09/2005,Southampton,Reading,0,0,D,G Poll
27/09/2005,Burnley,Ipswich,3,0,H,M Pike
27/09/2005,Crewe,Wolves,0,4,A,R Olivier
27/09/2005,Crystal Palace,Sheffield Weds,2,0,H,L Probert
27/09/2005,Leicester,Brighton,0,0,D,D Drysdale
27/09/2005,Luton,Preston,3,0,H,C Penton
27/09/2005,Millwall,QPR,1,1,D,D Gallagher
27/09/2005,Norwich,Hull,2,1,H,B Curson
27/09/2005,Sheffield United,Plymouth,2,0,H,G Laws
27/09/2005,Stoke,Cardiff,0,3,A,R Beeby
24/09/2005,Burnley,Brighton,1,1,D,E Ilderton
24/09/2005,Coventry,Hull,0,2,A,I Williamson
24/09/2005,Crewe,Watford,0,0,D,M Fletcher
24/09/2005,Crystal Palace,Preston,1,1,D,S Tanner
24/09/2005,Leeds,Ipswich,0,2,A,M Halsey
24/09/2005,Leicester,QPR,1,2,A,C Webster
24/09/2005,Millwall,Cardiff,0,0,D,A D'Urso
24/09/2005,Norwich,Reading,0,1,A,T Kettle
24/09/2005,Sheffield United,Derby,2,1,H,M Pike
24/09/2005,Southampton,Plymouth,0,0,D,A Leake
24/09/2005,Stoke,Wolves,1,3,A,M Atkinson
23/09/2005,Luton,Sheffield Weds,2,2,D,R Beeby
18/09/2005,Derby,Southampton,2,2,D,N Miller
18/09/2005,Ipswich,Norwich,0,1,A,L Mason
17/09/2005,Brighton,Coventry,2,2,D,G Hegley
17/09/2005,Cardiff,Crystal Palace,1,0,H,P Dowd
17/09/2005,Hull,Luton,0,1,A,G Salisbury
17/09/2005,Plymouth,Burnley,1,0,H,K Stroud
17/09/2005,QPR,Leeds,0,1,A,P Walton
17/09/2005,Reading,Crewe,1,0,H,A Woolmer
17/09/2005,Sheffield Weds,Millwall,1,2,A,T Kettle
17/09/2005,Watford,Sheffield United,2,3,A,M Clattenburg
17/09/2005,Wolves,Leicester,0,0,D,I Williamson
16/09/2005,Preston,Stoke,0,1,A,G Laws
14/09/2005,Derby,Coventry,1,1,D,P Walton
13/09/2005,Brighton,Sheffield United,0,1,A,L Probert
13/09/2005,Cardiff,Leicester,1,0,H,K Stroud
13/09/2005,Hull,Stoke,0,1,A,C Webster
13/09/2005,Ipswich,Southampton,2,2,D,P Joslin
13/09/2005,Plymouth,Crewe,1,1,D,S Tanner
13/09/2005,Preston,Burnley,0,0,D,D Gallagher
13/09/2005,QPR,Luton,1,0,H,M Thorpe
13/09/2005,Reading,Crystal Palace,3,2,H,B Curson
13/09/2005,Sheffield Weds,Leeds,1,0,H,P Taylor
13/09/2005,Watford,Norwich,2,1,H,P Armstrong
13/09/2005,Wolves,Millwall,1,2,A,U Rennie
11/09/2005,Crewe,Derby,1,1,D,I Williamson
10/09/2005,Burnley,Cardiff,3,3,D,P Walton
10/09/2005,Coventry,Reading,1,1,D,A Hall
10/09/2005,Crystal Palace,Hull,2,0,H,K Wright
10/09/2005,Leeds,Brighton,3,3,D,M Pike
10/09/2005,Leicester,Sheffield Weds,2,0,H,G Salisbury
10/09/2005,Luton,Wolves,1,1,D,L Probert
10/09/2005,Millwall,Preston,1,2,A,M Jones
10/09/2005,Norwich,Plymouth,2,0,H,B Knight
10/09/2005,Sheffield United,Ipswich,2,0,H,P Dowd
10/09/2005,Southampton,QPR,1,1,D,R Beeby
10/09/2005,Stoke,Watford,0,3,A,N Miller
30/08/2005,Wolves,QPR,3,1,H,N Miller
29/08/2005,Brighton,Plymouth,2,0,H,D Gallagher
29/08/2005,Coventry,Southampton,1,1,D,M Thorpe
29/08/2005,Crewe,Sheffield United,1,3,A,A Leake
29/08/2005,Derby,Watford,1,2,A,C Penton
29/08/2005,Hull,Leicester,1,1,D,M Clattenburg
29/08/2005,Ipswich,Preston,0,4,A,B Curson
29/08/2005,Luton,Millwall,2,1,H,M Atkinson
29/08/2005,Reading,Burnley,2,1,H,R Olivier
29/08/2005,Stoke,Norwich,3,1,H,M Pike
27/08/2005,Burnley,Derby,2,2,D,G Laws
27/08/2005,Cardiff,Wolves,2,2,D,G Salisbury
27/08/2005,Crystal Palace,Stoke,2,0,H,M Atkinson
27/08/2005,Leicester,Luton,0,2,A,P Armstrong
27/08/2005,Millwall,Ipswich,1,2,A,M Halsey
27/08/2005,Norwich,Leeds,0,1,A,U Rennie
27/08/2005,Plymouth,Hull,0,1,A,A D'Urso
27/08/2005,Preston,Brighton,0,0,D,A Bates
27/08/2005,Sheffield United,Coventry,2,1,H,C Webster
27/08/2005,Southampton,Crewe,2,0,H,A Hall
27/08/2005,Watford,Reading,0,0,D,R Beeby
26/08/2005,QPR,Sheffield Weds,0,0,D,C Penton
20/08/2005,Coventry,QPR,3,0,H,A Leake
20/08/2005,Crewe,Leicester,2,2,D,M Halsey
20/08/2005,Crystal Palace,Plymouth,1,0,H,P Walton
20/08/2005,Derby,Cardiff,2,1,H,T Kettle
20/08/2005,Hull,Brighton,2,0,H,P Joslin
20/08/2005,Ipswich,Sheffield Weds,2,1,H,G Hegley
20/08/2005,Leeds,Wolves,2,0,H,R Beeby
20/08/2005,Reading,Millwall,5,0,H,S Tanner
20/08/2005,Sheffield United,Preston,2,1,H,K Stroud
20/08/2005,Southampton,Norwich,1,0,H,L Probert
20/08/2005,Stoke,Luton,2,1,H,A D'Urso
20/08/2005,Watford,Burnley,3,1,H,M Messias
13/08/2005,Brighton,Crewe,2,2,D,P Taylor
13/08/2005,Burnley,Coventry,4,0,H,N Miller
13/08/2005,Leicester,Ipswich,0,0,D,M Jones
13/08/2005,Luton,Leeds,0,0,D,A Leake
13/08/2005,Millwall,Stoke,0,1,A,P Walton
13/08/2005,Norwich,Crystal Palace,1,1,D,I Williamson
13/08/2005,Plymouth,Derby,0,2,A,P Dowd
13/08/2005,Preston,Reading,0,3,A,L Probert
13/08/2005,QPR,Sheffield United,2,1,H,S Tanner
13/08/2005,Sheffield Weds,Southampton,0,1,A,M Pike
13/08/2005,Wolves,Hull,1,0,H,L Mason
12/08/2005,Cardiff,Watford,1,3,A,U Rennie
9/08/2005,Brighton,Reading,0,2,A,K Friend
9/08/2005,Burnley,Sheffield United,1,2,A,M Halsey
9/08/2005,Cardiff,Leeds,2,1,H,S Tanner
9/08/2005,Leicester,Stoke,4,2,H,P Taylor
9/08/2005,Luton,Southampton,3,2,H,S Bennett
9/08/2005,Millwall,Coventry,0,0,D,G Hegley
9/08/2005,Norwich,Crewe,1,1,D,C Penton
9/08/2005,Plymouth,Watford,3,3,D,L Probert
9/08/2005,QPR,Ipswich,2,1,H,K Stroud
9/08/2005,Sheffield Weds,Hull,1,1,D,M Jones
9/08/2005,Wolves,Crystal Palace,2,1,H,R Styles
8/08/2005,Preston,Derby,1,1,D,R Olivier
7/08/2005,Leeds,Millwall,2,1,H,G Laws
6/08/2005,Crewe,Burnley,2,1,H,C Webster
6/08/2005,Crystal Palace,Luton,1,2,A,P Dowd
6/08/2005,Derby,Brighton,1,1,D,B Curson
6/08/2005,Hull,QPR,0,0,D,D Gallagher
6/08/2005,Ipswich,Cardiff,1,0,H,K Friend
6/08/2005,Norwich,Coventry,1,1,D,R Beeby
6/08/2005,Reading,Plymouth,1,2,A,P Taylor
6/08/2005,Sheffield United,Leicester,4,1,H,L Mason
6/08/2005,Southampton,Wolves,0,0,D,T Kettle
6/08/2005,Stoke,Sheffield Weds,0,0,D,M Clattenburg
6/08/2005,Watford,Preston,1,2,A,I Williamson
8/05/2005,Brighton,Ipswich,1,1,D,M Jones
8/05/2005,Cardiff,QPR,1,0,H,A Marriner
8/05/2005,Crewe,Coventry,2,1,H,A Kaye
8/05/2005,Derby,Preston,3,1,H,P Crossley
8/05/2005,Leeds,Rotherham,0,0,D,L Mason
8/05/2005,Millwall,Burnley,0,0,D,B Curson
8/05/2005,Nott'm Forest,Gillingham,2,2,D,R Styles
8/05/2005,Plymouth,Leicester,0,0,D,P Armstrong
8/05/2005,Sunderland,Stoke,1,0,H,A Leake
8/05/2005,Watford,West Ham,1,2,A,A D'Urso
8/05/2005,Wigan,Reading,3,1,H,M Atkinson
8/05/2005,Wolves,Sheffield United,4,2,H,P Walton
1/05/2005,Leicester,Leeds,2,0,H,G Laws
30/04/2005,Burnley,Plymouth,2,0,H,T Bates
30/04/2005,Coventry,Derby,6,2,H,M Fletcher
30/04/2005,Gillingham,Cardiff,1,1,D,A Kaye
30/04/2005,Ipswich,Crewe,5,1,H,I Williamson
30/04/2005,Preston,Wigan,1,1,D,H Webb
30/04/2005,QPR,Nott'm Forest,2,1,H,K Wright
30/04/2005,Reading,Wolves,1,2,A,R Styles
30/04/2005,Rotherham,Brighton,0,1,A,S Tanner
30/04/2005,Sheffield United,Millwall,0,1,A,L Mason
30/04/2005,Stoke,Watford,0,1,A,M Atkinson
29/04/2005,West Ham,Sunderland,1,2,A,R Beeby
26/04/2005,Leicester,Derby,1,0,H,A D'Urso
24/04/2005,Millwall,Preston,2,1,H, P Joslin
23/04/2005,Brighton,West Ham,2,2,D, A Penn
23/04/2005,Cardiff,Reading,2,0,H, S Mathieson
23/04/2005,Crewe,Stoke,0,2,A, R Beeby
23/04/2005,Derby,Gillingham,2,0,H, N Miller
23/04/2005,Leeds,Ipswich,1,1,D, C Webster
23/04/2005,Nott'm Forest,Burnley,1,0,H, P Walton
23/04/2005,Plymouth,Coventry,1,1,D, L Probert
23/04/2005,Sunderland,Leicester,2,1,H, M Jones
23/04/2005,Watford,Sheffield United,0,0,D, R Styles
23/04/2005,Wigan,QPR,0,0,D, P Danson
23/04/2005,Wolves,Rotherham,2,0,H, M Pike
19/04/2005,Burnley,QPR,2,0,H,C Oliver
19/04/2005,Leicester,Cardiff,1,1,D,P Taylor
19/04/2005,Stoke,West Ham,0,1,A,G Laws
17/04/2005,Ipswich,Sunderland,2,2,D,S Bennett
16/04/2005,Burnley,Brighton,1,1,D,S Mathieson
16/04/2005,Coventry,Wolves,2,2,D,G Hegley
16/04/2005,Gillingham,Crewe,1,1,D,M Russell
16/04/2005,Leicester,Wigan,0,2,A,K Stroud
16/04/2005,Preston,Cardiff,3,0,H,N Miller
16/04/2005,QPR,Leeds,1,1,D,R Olivier
16/04/2005,Reading,Nott'm Forest,1,0,H,S Tanner
16/04/2005,Rotherham,Watford,0,1,A,C Webster
16/04/2005,Stoke,Plymouth,2,0,H,C Boyeson
16/04/2005,West Ham,Millwall,1,1,D,U Rennie
15/04/2005,Sheffield United,Derby,0,1,A,C Foy
12/04/2005,Nott'm Forest,Sheffield United,1,1,D,K Wright
11/04/2005,Wolves,Ipswich,2,0,H,S Dunn
9/04/2005,Brighton,Leicester,1,1,D,M Thorpe
9/04/2005,Cardiff,Wigan,0,2,A,G Hegley
9/04/2005,Derby,Stoke,3,1,H,M Halsey
9/04/2005,Gillingham,Burnley,1,0,H,R Olivier
9/04/2005,Millwall,Crewe,4,3,H,A Marriner
9/04/2005,Nott'm Forest,Plymouth,0,3,A,A Hall
9/04/2005,Rotherham,Preston,1,2,A,A Penn
9/04/2005,Sheffield United,QPR,3,2,H,L Probert
9/04/2005,Sunderland,Reading,1,2,A,L Mason
9/04/2005,Watford,Leeds,1,2,A,N Miller
9/04/2005,West Ham,Coventry,3,0,H,I Williamson
6/04/2005,Coventry,Nott'm Forest,2,0,H,A D'Urso
5/04/2005,Burnley,West Ham,0,1,A,K Friend
5/04/2005,Crewe,Derby,1,2,A,T Leake
5/04/2005,Ipswich,Rotherham,4,3,H,L Probert
5/04/2005,Leeds,Sheffield United,0,4,A,P Walton
5/04/2005,Leicester,Wolves,1,1,D,E Evans
5/04/2005,Plymouth,Watford,1,0,H,C Penton
5/04/2005,Preston,Brighton,3,0,H,P Prosser
5/04/2005,QPR,Gillingham,1,1,D,P Joslin
5/04/2005,Reading,Millwall,2,1,H,K Wright
5/04/2005,Stoke,Cardiff,1,3,A,A Hall
5/04/2005,Wigan,Sunderland,0,1,A,A Marriner
2/04/2005,Burnley,Watford,3,1,H,M Pike
2/04/2005,Coventry,Brighton,2,1,H,M Cowburn
2/04/2005,Crewe,Nott'm Forest,1,1,D,K Friend
2/04/2005,Ipswich,Derby,3,2,H,G Hegley
2/04/2005,Leeds,Wolves,1,1,D,P Crossley
2/04/2005,Leicester,Millwall,3,1,H,D Gallagher
2/04/2005,Plymouth,Cardiff,1,1,D,R Beeby
2/04/2005,Preston,Gillingham,1,1,D,S Mathieson
2/04/2005,QPR,Sunderland,1,3,A,P Dowd
2/04/2005,Reading,Sheffield United,0,0,D,M Jones
2/04/2005,Stoke,Rotherham,1,2,A,G Salisbury
2/04/2005,Wigan,West Ham,1,2,A,B Curson
21/03/2005,Brighton,Reading,0,1,A,K Friend
20/03/2005,Millwall,Plymouth,3,0,H,P Melin
19/03/2005,Cardiff,Crewe,1,1,D,S Tanner
19/03/2005,Gillingham,Ipswich,0,0,D,B Curson
19/03/2005,Nott'm Forest,Wigan,1,1,D,S Mathieson
19/03/2005,Rotherham,QPR,0,1,A,T Bates
19/03/2005,Sheffield United,Burnley,2,1,H,M Atkinson
19/03/2005,Sunderland,Coventry,1,0,H,A Wiley
19/03/2005,Watford,Preston,0,2,A,M Jones
19/03/2005,Wolves,Stoke,1,1,D,C Foy
18/03/2005,West Ham,Leicester,2,2,D,A Marriner
16/03/2005,Derby,QPR,0,0,D,K Friend
16/03/2005,Nott'm Forest,Leeds,0,0,D,G Salisbury
15/03/2005,Brighton,Wigan,2,4,A,A D'Urso
15/03/2005,Cardiff,Ipswich,0,1,A,R Olivier
15/03/2005,Gillingham,Stoke,2,1,H,R Styles
15/03/2005,Millwall,Coventry,1,1,D,C Penton
15/03/2005,Rotherham,Reading,1,0,H,A Hall
15/03/2005,Sheffield United,Preston,1,1,D,N Miller
15/03/2005,Sunderland,Plymouth,5,1,H,M Cowburn
15/03/2005,Watford,Leicester,2,2,D,I Williamson
15/03/2005,West Ham,Crewe,1,1,D,M Thorpe
15/03/2005,Wolves,Burnley,2,0,H,C Boyeson
12/03/2005,Burnley,Rotherham,2,1,H,P Robinson
12/03/2005,Coventry,Cardiff,1,1,D,L Mason
12/03/2005,Crewe,Sunderland,0,1,A,L Probert
12/03/2005,Ipswich,Nott'm Forest,6,0,H,C Webster
12/03/2005,Leeds,Gillingham,1,1,D,M Cowburn
12/03/2005,Plymouth,Brighton,5,1,H,P Crossley
12/03/2005,Preston,Wolves,2,2,D,A Mariner
12/03/2005,QPR,Watford,3,1,H,P Joslin
12/03/2005,Reading,West Ham,3,1,H,P Joslin
12/03/2005,Stoke,Sheffield United,2,0,H,S Mathieson
12/03/2005,Wigan,Millwall,2,0,H,T Bates
8/03/2005,Burnley,Leicester,0,0,D,A Kaye
8/03/2005,Sheffield United,Crewe,4,0,H,D Drysdale
8/03/2005,Watford,Nott'm Forest,0,2,A,P Melin
6/03/2005,Millwall,Leeds,1,1,D,B Knight
5/03/2005,Cardiff,Sheffield United,1,0,H,D Gallagher
5/03/2005,Crewe,Wolves,1,4,A,N Miller
5/03/2005,Derby,Plymouth,1,0,H,C Oliver
5/03/2005,Leicester,Nott'm Forest,0,1,A,R Beeby
5/03/2005,QPR,Reading,0,0,D,T Leake
5/03/2005,Rotherham,Gillingham,1,3,A,M Jones
5/03/2005,Stoke,Brighton,2,0,H,R Booth
5/03/2005,Watford,Coventry,2,3,A,M Thorpe
5/03/2005,West Ham,Preston,1,2,A,S Tanner
5/03/2005,Wigan,Ipswich,1,0,H,G Laws
4/03/2005,Burnley,Sunderland,0,2,A,I Williamson
2/03/2005,Derby,Wolves,3,3,D,I Williamson
26/02/2005,Brighton,Millwall,1,0,H,S Conroy
26/02/2005,Coventry,Stoke,0,0,D,J Singh
26/02/2005,Gillingham,Wigan,2,1,H,C Penton
26/02/2005,Ipswich,QPR,0,2,A,A D'Urso
26/02/2005,Leeds,West Ham,2,1,H,A Hall
26/02/2005,Nott'm Forest,Derby,2,2,D,M Pike
26/02/2005,Plymouth,Crewe,3,0,H,A Kaye
26/02/2005,Preston,Burnley,1,0,H,G Laws
26/02/2005,Reading,Leicester,0,0,D,U Rennie
26/02/2005,Sheffield United,Rotherham,1,0,H,P Taylor
26/02/2005,Sunderland,Cardiff,2,1,H,T Leake
26/02/2005,Wolves,Watford,0,0,D,G Salisbury
23/02/2005,Coventry,Wigan,1,2,A,R Beeby
23/02/2005,Derby,Burnley,1,1,D,P Dowd
23/02/2005,Nott'm Forest,Preston,2,0,H,B Curson
22/02/2005,Cardiff,Millwall,0,1,A,M Jones
22/02/2005,Crewe,Reading,1,1,D,G Laws
22/02/2005,Gillingham,West Ham,0,1,A,P Crossley
22/02/2005,Ipswich,Watford,1,2,A,A Marriner
22/02/2005,Plymouth,Sheffield United,3,0,H,S Tanner
22/02/2005,QPR,Wolves,1,1,D,M Atkinson
22/02/2005,Stoke,Leicester,3,2,H,M Halsey
22/02/2005,Sunderland,Rotherham,4,1,H,S Mathieson
19/02/2005,Brighton,Sunderland,2,1,H,D Gallagher
19/02/2005,Millwall,Stoke,0,1,A,A Kaye
19/02/2005,Reading,Coventry,1,2,A,G Salisbury
19/02/2005,Rotherham,Derby,1,3,A,N Miller
19/02/2005,West Ham,Plymouth,5,0,H,K Friend
19/02/2005,Wigan,Leeds,3,0,H,P Joslin
19/02/2005,Wolves,Gillingham,2,2,D,K Woolmer
18/02/2005,Preston,Ipswich,1,1,D,M Messias
15/02/2005,Crewe,Burnley,1,1,D,M Atkinson
12/02/2005,Cardiff,Brighton,2,0,H,M Russell
12/02/2005,Coventry,Burnley,0,2,A,S Tanner
12/02/2005,Crewe,Wigan,1,3,A,E Ilderton
12/02/2005,Gillingham,Millwall,0,0,D,A D'Urso
12/02/2005,Ipswich,Leicester,2,1,H,K Wright
12/02/2005,Leeds,Reading,3,1,H,C Foy
12/02/2005,Plymouth,Rotherham,1,1,D,M Fletcher
12/02/2005,QPR,Preston,1,2,A,L Probert
12/02/2005,Sunderland,Watford,4,2,H,T Bates
6/02/2005,West Ham,Cardiff,1,0,H,K Stroud
5/02/2005,Brighton,Derby,2,3,A,F Graham
5/02/2005,Burnley,Leeds,0,1,A,C Webster
5/02/2005,Leicester,Crewe,1,1,D,P Armstrong
5/02/2005,Millwall,QPR,0,0,D,P Crossley
5/02/2005,Preston,Coventry,3,2,H,R Booth
5/02/2005,Reading,Plymouth,0,0,D,R Olivier
5/02/2005,Rotherham,Nott'm Forest,0,0,D,P Dowd
5/02/2005,Sheffield United,Ipswich,0,2,A,R Beeby
5/02/2005,Watford,Gillingham,2,0,H,A Hall
5/02/2005,Wigan,Stoke,0,1,A,M Clattenburg
4/02/2005,Wolves,Sunderland,1,1,D,P Joslin
29/01/2005,Leeds,Brighton,1,1,D,M Thorpe
26/01/2005,Derby,Leeds,2,0,H,P Taylor
23/01/2005,West Ham,Derby,1,2,A,L Mason
22/01/2005,Brighton,Nott'm Forest,0,0,D,P Taylor
22/01/2005,Cardiff,Burnley,2,0,H,T Kettle
22/01/2005,Coventry,QPR,1,2,A,M Clattenburg
22/01/2005,Crewe,Rotherham,1,1,D,A Leake
22/01/2005,Leicester,Gillingham,2,0,H,D Drysdale
22/01/2005,Millwall,Wolves,1,2,A,K Hill
22/01/2005,Plymouth,Preston,0,2,A,P Joslin
22/01/2005,Reading,Ipswich,1,1,D,M Atkinson
22/01/2005,Stoke,Leeds,0,1,A,I Williamson
22/01/2005,Sunderland,Sheffield United,1,0,H,P Walton
22/01/2005,Wigan,Watford,2,2,D,A Kaye
16/01/2005,Derby,Sunderland,0,2,A,P Crossley
15/01/2005,Burnley,Reading,0,0,D,M Jones
15/01/2005,Gillingham,Plymouth,1,0,H,J Singh
15/01/2005,Ipswich,Coventry,3,2,H,M Russell
15/01/2005,Leeds,Cardiff,1,1,D,N Barry
15/01/2005,Nott'm Forest,Millwall,1,2,A,N Miller
15/01/2005,Preston,Leicester,1,1,D,R Beeby
15/01/2005,Rotherham,Wigan,0,2,A,M Pike
15/01/2005,Sheffield United,Brighton,1,2,A,R Olivier
15/01/2005,Watford,Crewe,3,1,H,C Boyeson
15/01/2005,Wolves,West Ham,4,2,H,C Penton
14/01/2005,QPR,Stoke,1,0,H,R Styles
4/01/2005,Wigan,Wolves,2,0,H,K Friend
3/01/2005,Brighton,Watford,2,1,H,K Stroud
3/01/2005,Cardiff,Nott'm Forest,3,0,H,P Crossley
3/01/2005,Coventry,Leeds,1,2,A,N Miller
3/01/2005,Crewe,Preston,1,2,A,A Woolmer
3/01/2005,Leicester,QPR,1,0,H,P Dowd
3/01/2005,Millwall,Rotherham,1,2,A,R Beeby
3/01/2005,Plymouth,Ipswich,1,2,A,D Gallagher
3/01/2005,Reading,Derby,0,1,A,B Curson
3/01/2005,Stoke,Burnley,0,1,A,P Joslin
3/01/2005,Sunderland,Gillingham,1,1,D,M Atkinson
3/01/2005,West Ham,Sheffield United,0,2,A,T Kettle
1/01/2005,Derby,Cardiff,0,1,A,A Kaye
1/01/2005,Gillingham,Reading,0,0,D,S Bennett
1/01/2005,Ipswich,West Ham,0,2,A,P Taylor
1/01/2005,Leeds,Crewe,0,2,A,A Marriner
1/01/2005,Nott'm Forest,Stoke,1,0,H,M Jones
1/01/2005,Preston,Sunderland,3,2,H,M Pike
1/01/2005,QPR,Brighton,0,0,D,A D'Urso
1/01/2005,Rotherham,Coventry,1,2,A,L Mason
1/01/2005,Sheffield United,Wigan,0,2,A,A Hall
1/01/2005,Watford,Millwall,1,0,H,C Penton
1/01/2005,Wolves,Plymouth,1,1,D,C Webster
28/12/2004,Burnley,Wigan,1,0,H,N Barry
28/12/2004,Derby,Millwall,0,3,A,M Atkinson
28/12/2004,Gillingham,Coventry,3,1,H,P Joslin
28/12/2004,Ipswich,Stoke,1,0,H,L Mason
28/12/2004,Leeds,Plymouth,2,1,H,G Sailsbury
28/12/2004,Nott'm Forest,Sunderland,1,2,A,T Kettle
28/12/2004,Preston,Reading,3,0,H,C Boyeson
28/12/2004,QPR,Crewe,1,2,A,C Penton
28/12/2004,Rotherham,West Ham,2,2,D,I Williamson
28/12/2004,Sheffield United,Leicester,2,0,H,M Pike
28/12/2004,Watford,Cardiff,0,0,D,P Walton
28/12/2004,Wolves,Brighton,1,1,D,M Jones
26/12/2004,Brighton,Gillingham,2,1,H,L Probert
26/12/2004,Cardiff,Wolves,1,1,D,P Taylor
26/12/2004,Coventry,Sheffield United,1,2,A,M Dean
26/12/2004,Leicester,Rotherham,0,1,A,A Hall
26/12/2004,Millwall,Ipswich,3,1,H,P Armstrong
26/12/2004,Plymouth,QPR,2,1,H,T Leake
26/12/2004,Reading,Watford,3,0,H,P Crossley
26/12/2004,Stoke,Preston,0,0,D,P Robinson
26/12/2004,Sunderland,Leeds,2,3,A,R Beeby
26/12/2004,West Ham,Nott'm Forest,3,2,H,A Marriner
26/12/2004,Wigan,Derby,1,2,A,M Clattenburg
21/12/2004,Ipswich,Wigan,2,1,H,R Beeby
19/12/2004,Leeds,Millwall,1,1,D,T Leake
18/12/2004,Coventry,Watford,1,0,H,C Webster
18/12/2004,Gillingham,Rotherham,3,1,H,R Styles
18/12/2004,Plymouth,Derby,0,2,A,T Kettle
18/12/2004,Preston,West Ham,2,1,H,A Kaye
18/12/2004,Reading,QPR,1,0,H,R Beeby
18/12/2004,Sheffield United,Cardiff,2,1,H,A Marriner
18/12/2004,Sunderland,Burnley,2,1,H,D Gallagher
18/12/2004,Wolves,Crewe,1,1,D,B Curson
17/12/2004,Brighton,Stoke,0,1,A,G Salisbury
17/12/2004,Nott'm Forest,Leicester,1,1,D,I Williamson
11/12/2004,Burnley,Preston,2,0,H,T Leake
11/12/2004,Cardiff,Sunderland,0,2,A,B Curson
11/12/2004,Crewe,Plymouth,3,0,H,K Wright
11/12/2004,Derby,Nott'm Forest,3,0,H,G Laws
11/12/2004,Leicester,Reading,0,2,A,P Taylor
11/12/2004,Millwall,Brighton,2,0,H,M Messias
11/12/2004,QPR,Ipswich,2,4,A,C Boyeson
11/12/2004,Rotherham,Sheffield United,2,2,D,M Halsey
11/12/2004,Stoke,Coventry,1,0,H,C Penton
11/12/2004,Watford,Wolves,1,1,D,P Armstrong
11/12/2004,Wigan,Gillingham,2,0,H,M Jones
10/12/2004,West Ham,Leeds,1,1,D,M Pike
7/12/2004,Wolves,Millwall,1,2,A,T Kettle
5/12/2004,Wigan,Preston,5,0,H,M Atkinson
4/12/2004,Brighton,Rotherham,1,0,H,R Beeby
4/12/2004,Cardiff,Gillingham,3,1,H,K Wright
4/12/2004,Crewe,Ipswich,2,2,D,R Olivier
4/12/2004,Derby,Coventry,2,2,D,P Joslin
4/12/2004,Leeds,Leicester,0,2,A,U Rennie
4/12/2004,Millwall,Sheffield United,1,2,A,I Williamson
4/12/2004,Nott'm Forest,QPR,2,1,H,L Mason
4/12/2004,Plymouth,Burnley,1,0,H,L Probert
4/12/2004,Sunderland,West Ham,0,2,A,G Salisbury
4/12/2004,Watford,Stoke,0,1,A,A Kaye
4/12/2004,Wolves,Reading,4,1,H,S Bennett
30/11/2004,Crewe,Millwall,2,1,H,C Webster
29/11/2004,Rotherham,Leeds,1,0,H,P Crossley
27/11/2004,Burnley,Millwall,1,0,H,E Ilderton
27/11/2004,Coventry,Crewe,0,1,A,P Taylor
27/11/2004,Gillingham,Nott'm Forest,2,1,H,C Penton
27/11/2004,Ipswich,Brighton,1,0,H,T Kettle
27/11/2004,Leicester,Plymouth,2,1,H,P Armstrong
27/11/2004,Preston,Derby,3,0,H,M Jones
27/11/2004,QPR,Cardiff,1,0,H,D Gallagher
27/11/2004,Reading,Wigan,1,1,D,A Marriner
27/11/2004,Sheffield United,Wolves,3,3,D,L Mason
27/11/2004,Stoke,Sunderland,0,1,A,U Rennie
27/11/2004,West Ham,Watford,3,2,H,K Wright
24/11/2004,Leeds,Watford,2,2,D,M Jones
21/11/2004,Millwall,West Ham,1,0,H,P Walton
21/11/2004,Sunderland,Ipswich,2,0,H,J P Robinson
20/11/2004,Brighton,Burnley,0,1,A,K Wright
20/11/2004,Crewe,Gillingham,4,1,H,L Mason
20/11/2004,Derby,Sheffield United,0,1,A,P Joslin
20/11/2004,Leeds,QPR,6,1,H,C Webster
20/11/2004,Nott'm Forest,Reading,1,0,H,U Rennie
20/11/2004,Plymouth,Stoke,0,0,D,P Taylor
20/11/2004,Watford,Rotherham,0,0,D,G Laws
20/11/2004,Wigan,Leicester,0,0,D,R Beeby
20/11/2004,Wolves,Coventry,0,1,A,M Atkinson
19/11/2004,Cardiff,Preston,0,1,A,P Crossley
13/11/2004,Burnley,Nott'm Forest,1,0,H,A Marriner
13/11/2004,Coventry,Plymouth,2,1,H,M Jones
13/11/2004,Gillingham,Derby,0,2,A,A Penn
13/11/2004,Ipswich,Leeds,1,0,H,A Wiley
13/11/2004,Leicester,Sunderland,0,1,A,C Penton
13/11/2004,Preston,Millwall,1,1,D,B Curson
13/11/2004,QPR,Wigan,1,0,H,B Knight
13/11/2004,Reading,Cardiff,2,1,H,E Evans
13/11/2004,Rotherham,Wolves,1,2,A,M Halsey
13/11/2004,Sheffield United,Watford,1,1,D,J P Robinson
13/11/2004,Stoke,Crewe,1,0,H,P Crossley
13/11/2004,West Ham,Brighton,0,1,A,P Armstrong
8/11/2004,Leicester,Coventry,3,0,H,M Clattenburg
6/11/2004,Brighton,Crewe,1,3,A,B Curson
6/11/2004,Burnley,Ipswich,0,2,A,M Pike
6/11/2004,Preston,Leeds,2,4,A,C Penton
6/11/2004,Reading,Stoke,1,0,H,G Laws
6/11/2004,Rotherham,Cardiff,2,2,D,C Webster
6/11/2004,Sheffield United,Gillingham,0,0,D,D Gallagher
6/11/2004,Watford,Derby,2,2,D,G Salisbury
6/11/2004,West Ham,QPR,2,1,H,M Atkinson
6/11/2004,Wigan,Plymouth,0,2,A,P Prosser
6/11/2004,Wolves,Nott'm Forest,2,1,H,M Ryan
5/11/2004,Millwall,Sunderland,2,0,H,A Marriner
3/11/2004,Coventry,Preston,1,1,D,K Wright
3/11/2004,Derby,Brighton,3,0,H,E Evans
3/11/2004,Leeds,Burnley,1,2,A,P Dowd
3/11/2004,Nott'm Forest,Rotherham,2,2,D,B Curson
2/11/2004,Cardiff,West Ham,4,1,H,R Beeby
2/11/2004,Crewe,Leicester,2,2,D,G Laws
2/11/2004,Gillingham,Watford,0,0,D,I Williamson
2/11/2004,Ipswich,Sheffield United,5,1,H,L Probert
2/11/2004,Plymouth,Reading,2,2,D,A Wiley
2/11/2004,QPR,Millwall,1,1,D,P Prosser
2/11/2004,Stoke,Wigan,0,1,A,N Barry
2/11/2004,Sunderland,Wolves,3,1,H,A Leake
31/10/2004,Leeds,Wigan,0,2,A,M Dean
30/10/2004,Cardiff,Leicester,0,0,D,M Ryan
30/10/2004,Coventry,Reading,3,2,H,G Salisbury
30/10/2004,Derby,Rotherham,3,2,H,A Marriner
30/10/2004,Gillingham,Wolves,1,0,H,T Kettle
30/10/2004,Ipswich,Preston,3,0,H,I Williamson
30/10/2004,Nott'm Forest,Watford,1,2,A,M Atkinson
30/10/2004,Plymouth,West Ham,1,1,D,A Penn
30/10/2004,QPR,Burnley,3,0,H,N Miller
30/10/2004,Stoke,Millwall,1,0,H,U Rennie
30/10/2004,Sunderland,Brighton,2,0,H,P Joslin
29/10/2004,Crewe,Sheffield United,2,3,A,M Fletcher
25/10/2004,Rotherham,Sunderland,0,1,A,D Gallagher
23/10/2004,Brighton,Leeds,1,0,H,R Beeby
23/10/2004,Leicester,Stoke,1,1,D,C Webster
23/10/2004,Millwall,Cardiff,2,2,D,H Webb
23/10/2004,Preston,Nott'm Forest,3,2,H,A Bates
23/10/2004,Reading,Crewe,4,0,H,J P Robinson
23/10/2004,Sheffield United,Plymouth,2,1,H,E Ilderton
23/10/2004,Watford,Ipswich,2,2,D,K Wright
23/10/2004,West Ham,Gillingham,3,1,H,E Evans
23/10/2004,Wigan,Coventry,4,1,H,P Crossley
23/10/2004,Wolves,QPR,2,1,H,L Probert
22/10/2004,Burnley,Derby,0,2,A,A Kaye
19/10/2004,Brighton,Cardiff,1,1,D,L Mason
19/10/2004,Burnley,Coventry,2,2,D,S Mathieson
19/10/2004,Leicester,Ipswich,2,2,D,A Leake
19/10/2004,Millwall,Gillingham,2,1,H,G Laws
19/10/2004,Preston,QPR,2,1,H,A Hall
19/10/2004,Reading,Leeds,1,1,D,R Olivier
19/10/2004,Rotherham,Plymouth,0,1,A,M Ryan
19/10/2004,Sheffield United,Nott'm Forest,1,1,D,G Salisbury
19/10/2004,Watford,Sunderland,1,1,D,P Dowd
19/10/2004,West Ham,Stoke,2,0,H,L Probert
19/10/2004,Wigan,Crewe,4,1,H,M Pike
19/10/2004,Wolves,Derby,2,0,H,D Gallagher
17/10/2004,Gillingham,Sheffield United,1,3,A,P Armstrong
16/10/2004,Cardiff,Rotherham,2,0,H,K Friend
16/10/2004,Coventry,Leicester,1,1,D,C Foy
16/10/2004,Crewe,Brighton,3,1,H,T Parkes
16/10/2004,Derby,Watford,2,2,D,E Ilderton
16/10/2004,Ipswich,Burnley,1,1,D,B Curson
16/10/2004,Leeds,Preston,1,0,H,G Laws
16/10/2004,Plymouth,Wigan,1,2,A,C Penton
16/10/2004,QPR,West Ham,1,0,H,P Taylor
16/10/2004,Stoke,Reading,0,1,A,A D'Urso
16/10/2004,Sunderland,Millwall,1,0,H,M Jones
15/10/2004,Nott'm Forest,Wolves,1,0,H,P Robinson
3/10/2004,Coventry,Ipswich,1,2,A,C Penton
3/10/2004,Millwall,Nott'm Forest,1,0,H,R Beeby
2/10/2004,Brighton,Sheffield United,1,1,D,I Williamson
2/10/2004,Cardiff,Leeds,0,0,D,P Crossley
2/10/2004,Crewe,Watford,3,0,H,T Kettle
2/10/2004,Leicester,Preston,1,1,D,M Fletcher
2/10/2004,Plymouth,Gillingham,2,1,H,B Curson
2/10/2004,Reading,Burnley,0,0,D,A Penn
2/10/2004,Stoke,QPR,0,1,A,E Evans
2/10/2004,Sunderland,Derby,0,0,D,N Barry
2/10/2004,West Ham,Wolves,1,0,H,B Knight
2/10/2004,Wigan,Rotherham,2,0,H,K Wright
29/09/2004,Derby,West Ham,1,1,D,G Poll
29/09/2004,Nott'm Forest,Brighton,0,1,A,G Laws
28/09/2004,Burnley,Cardiff,1,0,H,K Hill
28/09/2004,Gillingham,Leicester,0,2,A,L Probert
28/09/2004,Ipswich,Reading,1,1,D,M Jones
28/09/2004,Leeds,Stoke,0,0,D,L Mason
28/09/2004,Preston,Plymouth,1,1,D,P Danson
28/09/2004,QPR,Coventry,4,1,H,A Kaye
28/09/2004,Rotherham,Crewe,2,3,A,G Salisbury
28/09/2004,Sheffield United,Sunderland,1,0,H,M Dean
28/09/2004,Watford,Wigan,0,0,D,A Penn
26/09/2004,Nott'm Forest,West Ham,2,1,H,M Messias
25/09/2004,Burnley,Stoke,2,2,D,M Jones
25/09/2004,Derby,Wigan,1,1,D,P Taylor
25/09/2004,Gillingham,Brighton,0,1,A,R Olivier
25/09/2004,Ipswich,Plymouth,3,2,H,G Salisbury
25/09/2004,Preston,Crewe,1,0,H,C Webster
25/09/2004,QPR,Leicester,3,2,H,J P Robinson
25/09/2004,Rotherham,Millwall,1,1,D,A D'Urso
25/09/2004,Sheffield United,Coventry,1,1,D,G Laws
25/09/2004,Watford,Reading,0,1,A,M Thorpe
25/09/2004,Wolves,Cardiff,2,3,A,M Pike
24/09/2004,Leeds,Sunderland,0,1,A,M Ryan
22/09/2004,Millwall,Derby,3,1,H,T Leake
19/09/2004,Millwall,Watford,0,2,A,P Taylor
18/09/2004,Brighton,QPR,2,3,A,B Curson
18/09/2004,Cardiff,Derby,0,2,A,S Dunn
18/09/2004,Coventry,Rotherham,0,0,D,P Crossley
18/09/2004,Crewe,Leeds,2,2,D,P Joslin
18/09/2004,Leicester,Burnley,0,0,D,I Williamson
18/09/2004,Plymouth,Wolves,1,2,A,R Beeby
18/09/2004,Reading,Gillingham,3,1,H,K Friend
18/09/2004,Stoke,Nott'm Forest,0,0,D,M Thorpe
18/09/2004,Sunderland,Preston,3,1,H,A Kaye
18/09/2004,West Ham,Ipswich,1,1,D,R Styles
18/09/2004,Wigan,Sheffield United,4,0,H,N Miller
15/09/2004,Coventry,Gillingham,2,2,D,M Pike
14/09/2004,Brighton,Wolves,0,1,A,T Leake
14/09/2004,Cardiff,Watford,0,3,A,M Fletcher
14/09/2004,Crewe,QPR,0,2,A,R Olivier
14/09/2004,Leicester,Sheffield United,3,2,H,P Crossley
14/09/2004,Plymouth,Leeds,0,1,A,S Dunn
14/09/2004,Reading,Preston,3,1,H,R Beeby
14/09/2004,Stoke,Ipswich,3,2,H,M Dean
14/09/2004,Sunderland,Nott'm Forest,2,0,H,L Mason
14/09/2004,West Ham,Rotherham,1,0,H,M Jones
14/09/2004,Wigan,Burnley,0,0,D,P Armstrong
12/09/2004,Ipswich,Millwall,2,0,H,T Bates
11/09/2004,Burnley,Crewe,3,0,H,G Hegley
11/09/2004,Derby,Reading,2,1,H,M Ryan
11/09/2004,Gillingham,Sunderland,0,4,A,A Hall
11/09/2004,Leeds,Coventry,3,0,H,P Robinson
11/09/2004,Nott'm Forest,Cardiff,0,0,D,S Mathieson
11/09/2004,Preston,Stoke,3,0,H,M Atkinson
11/09/2004,QPR,Plymouth,3,2,H,A Mariner
11/09/2004,Rotherham,Leicester,0,2,A,E Ilderton
11/09/2004,Sheffield United,West Ham,1,2,A,A Wiley
11/09/2004,Watford,Brighton,1,1,D,P Armstrong
11/09/2004,Wolves,Wigan,3,3,D,P Walton
31/08/2004,QPR,Sheffield United,0,1,A,G Hegley
31/08/2004,Reading,Sunderland,1,0,H,A Wiley
30/08/2004,Burnley,Gillingham,1,2,A,R Beeby
30/08/2004,Coventry,West Ham,2,1,H,C Webster
30/08/2004,Ipswich,Wolves,2,1,H,P Crossley
30/08/2004,Leicester,Brighton,0,1,A,K Hill
30/08/2004,Plymouth,Nott'm Forest,3,2,H,R Olivier
30/08/2004,Preston,Rotherham,2,0,H,E Evans
30/08/2004,Stoke,Derby,1,0,H,N Barry
30/08/2004,Wigan,Cardiff,2,1,H,E Ilderton
29/08/2004,Sheffield United,Leeds,2,0,H,P Dowd
28/08/2004,Brighton,Preston,1,0,H,P Taylor
28/08/2004,Cardiff,Stoke,0,1,A,H Webb
28/08/2004,Derby,Crewe,2,4,A,L Mason
28/08/2004,Millwall,Reading,1,0,H,K Hill
28/08/2004,Nott'm Forest,Coventry,1,4,A,M Ryan
28/08/2004,Rotherham,Ipswich,0,2,A,G Laws
28/08/2004,Sunderland,Wigan,1,1,D,M Atkinson
28/08/2004,Watford,Plymouth,3,1,H,E Evans
28/08/2004,West Ham,Burnley,1,0,H,J P Robinson
28/08/2004,Wolves,Leicester,1,1,D,A Bates
27/08/2004,Gillingham,QPR,0,1,A,M Thorpe
21/08/2004,Burnley,Wolves,1,1,D,C Webster
21/08/2004,Coventry,Millwall,0,1,A,M Atkinson
21/08/2004,Crewe,West Ham,2,3,A,A Kaye
21/08/2004,Ipswich,Cardiff,3,1,H,P Joslin
21/08/2004,Leeds,Nott'm Forest,1,1,D,M Pike
21/08/2004,Leicester,Watford,0,1,A,A Marriner
21/08/2004,Plymouth,Sunderland,2,1,H,P Crossley
21/08/2004,QPR,Derby,0,2,A,M Riley
21/08/2004,Reading,Rotherham,1,0,H,L Probert
21/08/2004,Stoke,Gillingham,2,0,H,A Leake
21/08/2004,Wigan,Brighton,3,0,H,M Jones
20/08/2004,Preston,Sheffield United,0,1,A,C Foy
15/08/2004,West Ham,Wigan,1,3,A,A D'Urso
14/08/2004,Brighton,Coventry,1,1,D,P Joslin
14/08/2004,Derby,Ipswich,3,2,H,R Beeby
14/08/2004,Gillingham,Preston,2,1,H,G Hegley
14/08/2004,Millwall,Leicester,2,0,H,S Dunn
14/08/2004,Nott'm Forest,Crewe,2,2,D,A Leake
14/08/2004,Rotherham,Stoke,1,1,D,K Hill
14/08/2004,Sheffield United,Reading,0,1,A,A Bates
14/08/2004,Sunderland,QPR,2,2,D,M Pike
14/08/2004,Watford,Burnley,0,1,A,R Olivier
14/08/2004,Wolves,Leeds,0,0,D,G Laws
13/08/2004,Cardiff,Plymouth,0,1,A,P Taylor
11/08/2004,Derby,Leicester,1,2,A,G Laws
11/08/2004,Nott'm Forest,Ipswich,1,1,D,A Kaye
11/08/2004,Wolves,Preston,2,2,D,P Armstrong
10/08/2004,Brighton,Plymouth,0,2,A,A Hall
10/08/2004,Cardiff,Coventry,2,1,H,I Williamson
10/08/2004,Gillingham,Leeds,2,1,H,R Styles
10/08/2004,Millwall,Wigan,0,2,A,L Probert
10/08/2004,Rotherham,Burnley,0,0,D,C Foy
10/08/2004,Sheffield United,Stoke,0,0,D,P Danson
10/08/2004,Sunderland,Crewe,3,1,H,E Evans
10/08/2004,West Ham,Reading,1,0,H,P Taylor
9/08/2004,Watford,QPR,3,0,H,A Bates
8/08/2004,Stoke,Wolves,2,1,H,A Kaye
7/08/2004,Burnley,Sheffield United,1,1,D,P Joslin
7/08/2004,Coventry,Sunderland,2,0,H,R Beeby
7/08/2004,Crewe,Cardiff,2,2,D,M Thorpe
7/08/2004,Ipswich,Gillingham,2,1,H,A Marriner
7/08/2004,Leeds,Derby,1,0,H,M Clattenburg
7/08/2004,Leicester,West Ham,0,0,D,M Ryan
7/08/2004,Plymouth,Millwall,0,0,D,I Williamson
7/08/2004,Preston,Watford,2,1,H,M Pike
7/08/2004,QPR,Rotherham,1,1,D,P Armstrong
7/08/2004,Reading,Brighton,3,2,H,P Crossley
7/08/2004,Wigan,Nott'm Forest,1,1,D,P Dowd
